,Long,Lat,Jdate,mean(speed),mean(tw),max(speed),date
1,-151.48,61.01,151,1.540683494,-0.672480055,2.246201603,6/1/22
2,-151.48,61.01,152,1.968292018,0.341704387,3.683031562,6/2/22
3,-151.48,61.01,153,1.417503698,-0.171517962,3.249517846,6/3/22
4,-151.48,61.01,154,2.449847936,-0.558837281,4.455844558,6/4/22
5,-151.48,61.01,155,1.658492135,0.031037968,4.200579155,6/5/22
6,-151.48,61.01,156,2.277431654,-0.210132849,5.01691414,6/6/22
7,-151.48,61.01,157,2.789728518,-0.365953062,3.969299593,6/7/22
8,-151.48,61.01,158,4.86184676,0.259757372,6.685161123,6/8/22
9,-151.48,61.01,159,1.0971832,-0.091048248,2.459752717,6/9/22
10,-151.48,61.01,160,3.081217091,-0.044215603,4.735956605,6/10/22
11,-151.48,61.01,161,1.581400549,0.199563978,3.618041876,6/11/22
12,-151.48,61.01,162,3.895389754,-0.893646398,5.214087568,6/12/22
13,-151.48,61.01,163,2.949684739,0.37754287,4.411130277,6/13/22
14,-151.48,61.01,164,3.436465718,-0.189181836,5.331386086,6/14/22
15,-151.48,61.01,165,1.961442408,-0.022883303,4.396353594,6/15/22
16,-151.48,61.01,166,2.703883846,0.851355062,4.736993804,6/16/22
17,-151.48,61.01,167,4.374210231,0.386631679,6.822687809,6/17/22
18,-151.48,61.01,168,4.416803776,0.639438725,6.332201741,6/18/22
19,-151.48,61.01,169,1.470592118,0.242172714,3.030157623,6/19/22
20,-151.48,61.01,170,1.452377328,-0.003484541,3.239590381,6/20/22
21,-151.48,61.01,171,2.563135754,0.193753221,6.335582648,6/21/22
22,-151.48,61.01,172,2.635808878,-0.670070499,4.744223237,6/22/22
23,-151.48,61.01,173,3.514212265,0.246426162,5.974806621,6/23/22
24,-151.48,61.01,174,2.595404883,-0.07621434,5.069040666,6/24/22
25,-151.48,61.01,175,4.497108483,-1.158913169,6.947039828,6/25/22
26,-151.48,61.01,176,3.977808259,0.539390518,5.954668207,6/26/22
27,-151.48,61.01,177,4.238192594,-0.383118279,5.983498014,6/27/22
28,-151.48,61.01,178,3.8521808,0.75252751,5.412938505,6/28/22
29,-151.48,61.01,179,2.690585279,-0.188820419,4.582786963,6/29/22
30,-151.48,61.01,180,3.30199675,1.036539202,6.570708613,6/30/22
31,-151.48,61.01,181,4.76359568,0.327155431,6.898159586,7/1/22
32,-151.48,61.01,182,2.537923341,-0.370327513,4.83250489,7/2/22
33,-151.48,61.01,183,1.571246057,0.356055659,3.273215075,7/3/22
34,-151.48,61.01,184,2.75263344,-0.072920548,4.639659615,7/4/22
35,-151.48,61.01,185,3.288466381,0.232406998,4.67921564,7/5/22
36,-151.48,61.01,186,3.420347533,1.08126091,6.147686015,7/6/22
37,-151.48,61.01,187,3.77022346,0.025713202,5.802389102,7/7/22
38,-151.48,61.01,188,2.635590577,0.386150585,4.498403588,7/8/22
39,-151.48,61.01,189,4.721820979,0.181314795,5.494578414,7/9/22
40,-151.48,61.01,190,3.081565572,-1.044168499,5.179831474,7/10/22
41,-151.48,61.01,191,2.314656634,-0.122820792,4.204193024,7/11/22
42,-151.48,61.01,192,2.761277987,-0.111539319,5.542405678,7/12/22
43,-151.48,61.01,193,2.739527109,0.659645754,5.415997965,7/13/22
44,-151.48,61.01,194,3.400438642,-0.829074265,5.916701786,7/14/22
45,-151.48,61.01,195,2.492410837,0.007617718,3.296997481,7/15/22
46,-151.48,61.01,196,5.601533438,0.282539665,8.239410746,7/16/22
47,-151.48,61.01,197,3.422157219,-0.965557043,6.386567357,7/17/22
48,-151.48,61.01,198,2.980029861,-1.030597924,5.106812497,7/18/22
49,-151.48,61.01,199,5.312813632,0.521669857,8.675419625,7/19/22
50,-151.48,61.01,200,6.41898515,1.076922212,8.988628749,7/20/22
51,-151.48,61.01,201,4.05651568,0.149552033,7.190036398,7/21/22
52,-151.48,61.01,202,3.643932851,-1.023638542,5.185575716,7/22/22
53,-151.48,61.01,203,3.34624413,-0.207871467,4.178860196,7/23/22
54,-151.48,61.01,204,1.835922147,0.05086034,3.640367553,7/24/22
55,-151.48,61.01,205,2.868502315,0.222188557,4.707848248,7/25/22
56,-151.48,61.01,206,5.635349952,1.158007826,11.20468809,7/26/22
57,-151.48,61.01,207,7.175086532,-1.397466882,10.84847704,7/27/22
58,-151.48,61.01,208,1.611900589,0.167345205,3.750313322,7/28/22
59,-151.48,61.01,209,3.415319462,0.044270747,5.840161124,7/29/22
60,-151.48,61.01,210,1.631512118,0.680450847,3.178089023,7/30/22
61,-151.48,61.01,211,2.076936838,0.052781847,3.706005087,7/31/22
62,-151.48,61.01,212,3.47634473,-1.05404068,4.528057746,8/1/22
63,-151.48,61.01,213,2.112901301,0.196992159,3.980820536,8/2/22
64,-151.48,61.01,214,1.78590704,0.565801259,3.085403546,8/3/22
65,-151.48,61.01,215,2.489348629,0.192775396,4.611661764,8/4/22
66,-151.48,61.01,216,3.824793811,1.648385449,6.582180114,8/5/22
67,-151.48,61.01,217,5.488270719,0.784713397,6.339485095,8/6/22
68,-151.48,61.01,218,4.010565139,0.068537541,5.285180121,8/7/22
69,-151.48,61.01,219,6.328286585,-3.009230772,12.18825805,8/8/22
70,-151.48,61.01,220,9.950913812,-3.324548916,10.92803185,8/9/22
71,-151.48,61.01,221,5.813068126,-0.686637419,8.945048543,8/10/22
72,-151.48,61.01,222,3.60587083,-0.027712832,4.469070428,8/11/22
73,-151.48,61.01,223,4.859110488,0.19417273,5.770209185,8/12/22
74,-151.48,61.01,224,4.633182333,0.592093847,5.608835595,8/13/22
75,-151.48,61.01,225,1.699674264,0.194501363,3.347185159,8/14/22
76,-151.48,61.01,226,1.63788753,0.01027229,1.999058422,8/15/22
77,-151.48,61.01,227,1.02318219,0.171786913,1.98114517,8/16/22
78,-151.48,61.01,228,3.579216579,-0.943518609,5.735611194,8/17/22
79,-151.48,61.01,229,3.773412672,0.810946955,7.363451869,8/18/22
80,-151.48,61.01,230,4.797938547,-0.298245052,6.948817286,8/19/22
81,-151.48,61.01,231,3.772690222,-0.379496836,4.877997518,8/20/22
82,-151.48,61.01,232,4.507703652,-0.771650685,5.194613004,8/21/22
83,-151.48,61.01,233,4.450686267,1.760850227,5.132916307,8/22/22
84,-151.48,61.01,234,4.857824316,-0.790398417,5.901721174,8/23/22
85,-151.48,61.01,235,2.152855634,-0.138757524,4.279135486,8/24/22
86,-151.48,61.01,236,3.023378608,0.454742726,4.570109618,8/25/22
87,-151.48,61.01,237,5.966995502,-0.561980663,7.057533429,8/26/22
88,-151.48,61.01,238,3.142387982,-0.778042184,5.806386471,8/27/22
89,-151.48,61.01,239,1.150172914,0.03649184,1.944617759,8/28/22
90,-151.48,61.01,240,1.199157299,-0.302697024,1.754324972,8/29/22
91,-151.48,61.01,241,0.975239051,0.071828688,1.944602467,8/30/22
92,-151.48,61.01,242,3.263503092,-0.316108223,5.744087546,8/31/22
93,-151.48,61.01,243,3.641781329,-0.29911113,4.740151536,9/1/22
94,-150.98,61.01,151,2.056452049,0.543184584,2.681451331,6/1/22
95,-150.98,61.01,152,2.921813197,0.304071484,5.425845967,6/2/22
96,-150.98,61.01,153,1.980693528,0.04948073,3.589514817,6/3/22
97,-150.98,61.01,154,1.743984501,0.194863792,3.778823618,6/4/22
98,-150.98,61.01,155,1.566825534,-0.25613398,3.251932868,6/5/22
99,-150.98,61.01,156,2.436297142,-0.265802869,4.873444299,6/6/22
100,-150.98,61.01,157,2.551123439,0.577586196,4.252249839,6/7/22
101,-150.98,61.01,158,4.672047769,-0.04797439,6.026842751,6/8/22
102,-150.98,61.01,159,1.404318448,0.150983466,2.431421582,6/9/22
103,-150.98,61.01,160,2.821370346,0.062734898,4.698623731,6/10/22
104,-150.98,61.01,161,2.288800388,-0.368604238,4.605871669,6/11/22
105,-150.98,61.01,162,3.928492371,0.650229919,5.078389658,6/12/22
106,-150.98,61.01,163,2.207481979,-0.284702931,3.896963703,6/13/22
107,-150.98,61.01,164,3.532353274,0.119611352,5.648540635,6/14/22
108,-150.98,61.01,165,2.485340743,-0.733838787,5.670150812,6/15/22
109,-150.98,61.01,166,3.657403619,0.165600302,6.194736024,6/16/22
110,-150.98,61.01,167,5.042078024,1.401140384,7.889915626,6/17/22
111,-150.98,61.01,168,4.599811415,-0.02356389,6.533715748,6/18/22
112,-150.98,61.01,169,1.626544235,-0.067395004,2.934143706,6/19/22
113,-150.98,61.01,170,2.453166572,-0.203250124,4.410118234,6/20/22
114,-150.98,61.01,171,3.591213466,0.122331617,7.829333584,6/21/22
115,-150.98,61.01,172,4.315024002,-0.027107035,6.604360434,6/22/22
116,-150.98,61.01,173,4.257255953,1.09578478,6.431212157,6/23/22
117,-150.98,61.01,174,3.462613876,0.112941934,6.176060377,6/24/22
118,-150.98,61.01,175,5.689527562,0.610588748,7.781821523,6/25/22
119,-150.98,61.01,176,3.886487927,-0.713269366,6.783686613,6/26/22
120,-150.98,61.01,177,3.916079225,0.119151923,7.13268611,6/27/22
121,-150.98,61.01,178,4.347806631,-0.910548125,6.653967028,6/28/22
122,-150.98,61.01,179,3.099277425,0.066469215,5.211355527,6/29/22
123,-150.98,61.01,180,4.042486193,-0.696242579,7.15133444,6/30/22
124,-150.98,61.01,181,5.16871385,-0.44996745,7.241952125,7/1/22
125,-150.98,61.01,182,3.311149696,-1.120300121,5.848270352,7/2/22
126,-150.98,61.01,183,1.968932894,-0.071940384,4.852876248,7/3/22
127,-150.98,61.01,184,3.422974193,0.956223606,5.757690732,7/4/22
128,-150.98,61.01,185,3.593519531,-0.680120649,5.441624599,7/5/22
129,-150.98,61.01,186,3.623758965,-0.180746561,6.103222762,7/6/22
130,-150.98,61.01,187,3.67612699,-0.346357977,5.63563907,7/7/22
131,-150.98,61.01,188,2.748544846,-0.000206753,4.572667535,7/8/22
132,-150.98,61.01,189,4.210840567,0.764041804,5.417355352,7/9/22
133,-150.98,61.01,190,2.240324439,0.338043991,3.364715774,7/10/22
134,-150.98,61.01,191,2.560197367,0.402498649,4.119735655,7/11/22
135,-150.98,61.01,192,1.991846709,-0.570883294,4.566107815,7/12/22
136,-150.98,61.01,193,2.044531381,-0.135937096,4.341393252,7/13/22
137,-150.98,61.01,194,3.159696221,-0.547338419,5.241717108,7/14/22
138,-150.98,61.01,195,2.235417333,-0.203749715,3.332702798,7/15/22
139,-150.98,61.01,196,5.107245796,0.649934223,7.636247112,7/16/22
140,-150.98,61.01,197,3.169316659,0.626871593,5.52552559,7/17/22
141,-150.98,61.01,198,3.765809059,0.338342886,5.924168857,7/18/22
142,-150.98,61.01,199,5.306493695,-0.611573293,7.514785638,7/19/22
143,-150.98,61.01,200,6.216252693,0.832931201,8.732905781,7/20/22
144,-150.98,61.01,201,4.096890016,0.092691727,6.767264688,7/21/22
145,-150.98,61.01,202,3.230142751,-0.017548244,4.48458118,7/22/22
146,-150.98,61.01,203,3.596476613,-0.229154585,4.460332515,7/23/22
147,-150.98,61.01,204,2.074981368,-0.203860303,4.140531403,7/24/22
148,-150.98,61.01,205,2.561170718,-0.309668086,4.358006832,7/25/22
149,-150.98,61.01,206,5.874995798,1.401961196,12.64457717,7/26/22
150,-150.98,61.01,207,8.581380306,-0.527747508,13.56662072,7/27/22
151,-150.98,61.01,208,2.234528907,0.026660502,4.504433003,7/28/22
152,-150.98,61.01,209,3.993444727,0.537127012,6.680302432,7/29/22
153,-150.98,61.01,210,1.958497981,0.110932644,4.449835889,7/30/22
154,-150.98,61.01,211,2.677405665,-0.193814106,4.79485749,7/31/22
155,-150.98,61.01,212,3.075978125,0.662743958,4.974511954,8/1/22
156,-150.98,61.01,213,2.410378606,0.073796095,4.129904492,8/2/22
157,-150.98,61.01,214,2.463339648,-0.060375381,3.890234215,8/3/22
158,-150.98,61.01,215,2.512150346,0.236054685,4.400828042,8/4/22
159,-150.98,61.01,216,3.930466174,-0.494683808,6.340376307,8/5/22
160,-150.98,61.01,217,5.716281845,-0.075461956,7.552730015,8/6/22
161,-150.98,61.01,218,4.721191956,-1.345113118,6.616665178,8/7/22
162,-150.98,61.01,219,7.475838418,-2.055709261,13.16876167,8/8/22
163,-150.98,61.01,220,11.20582744,0.670743547,12.77199512,8/9/22
164,-150.98,61.01,221,6.843176409,-2.180745916,10.55741433,8/10/22
165,-150.98,61.01,222,4.505436566,0.316393904,5.753906835,8/11/22
166,-150.98,61.01,223,5.181927434,0.211519767,6.577936148,8/12/22
167,-150.98,61.01,224,4.941670207,0.364608516,6.120769569,8/13/22
168,-150.98,61.01,225,1.67751826,-0.588342718,3.102197539,8/14/22
169,-150.98,61.01,226,1.404869342,-0.2613278,2.361164425,8/15/22
170,-150.98,61.01,227,1.12775072,-0.160345633,2.120178749,8/16/22
171,-150.98,61.01,228,4.216579653,0.691394965,6.732973969,8/17/22
172,-150.98,61.01,229,4.502002202,0.024772227,8.115357767,8/18/22
173,-150.98,61.01,230,4.439497501,-0.546003044,6.08985122,8/19/22
174,-150.98,61.01,231,4.558070913,0.140571972,6.065617218,8/20/22
175,-150.98,61.01,232,5.128531257,-1.024698343,5.720019529,8/21/22
176,-150.98,61.01,233,4.905788195,0.23503117,5.827549868,8/22/22
177,-150.98,61.01,234,5.240345197,-1.021587162,6.166176435,8/23/22
178,-150.98,61.01,235,2.45434839,0.430283996,4.230278543,8/24/22
179,-150.98,61.01,236,3.388547453,-0.295437472,4.74960865,8/25/22
180,-150.98,61.01,237,5.809581835,-0.747123045,7.422076367,8/26/22
181,-150.98,61.01,238,2.897716574,-0.609900924,4.57405736,8/27/22
182,-150.98,61.01,239,1.45732538,-0.072829057,2.817205639,8/28/22
183,-150.98,61.01,240,1.29548588,0.042097792,1.903971585,8/29/22
184,-150.98,61.01,241,1.07816354,0.047266335,1.879668516,8/30/22
185,-150.98,61.01,242,3.107148845,0.959046595,5.377485001,8/31/22
186,-150.98,61.01,243,2.798710895,-0.502111471,4.04427805,9/1/22
187,-150.98,61.26,151,1.017032547,0.305511285,1.293365991,6/1/22
188,-150.98,61.26,152,1.716050874,-0.451072033,3.069946806,6/2/22
189,-150.98,61.26,153,1.312907032,-0.270620406,2.524714862,6/3/22
190,-150.98,61.26,154,1.402773922,-0.002106087,3.182745541,6/4/22
191,-150.98,61.26,155,1.348388197,0.138156661,2.532493824,6/5/22
192,-150.98,61.26,156,1.559026004,-0.051933065,3.260585439,6/6/22
193,-150.98,61.26,157,1.658673208,-0.487109375,2.332913704,6/7/22
194,-150.98,61.26,158,3.190931753,-0.185269898,4.829338106,6/8/22
195,-150.98,61.26,159,1.054352922,0.081169573,1.734257594,6/9/22
196,-150.98,61.26,160,1.761562241,0.417615908,2.239211029,6/10/22
197,-150.98,61.26,161,1.906384989,-0.184713905,3.588139995,6/11/22
198,-150.98,61.26,162,2.914088588,-0.169396031,3.846483908,6/12/22
199,-150.98,61.26,163,1.827479299,0.004627737,2.785078102,6/13/22
200,-150.98,61.26,164,2.246182203,-0.13276426,3.594700698,6/14/22
201,-150.98,61.26,165,1.908159842,0.056816428,3.017868329,6/15/22
202,-150.98,61.26,166,1.939189132,-0.916421143,3.470758941,6/16/22
203,-150.98,61.26,167,2.761749647,-0.291618186,4.797616886,6/17/22
204,-150.98,61.26,168,2.988546886,-0.228491359,4.460374659,6/18/22
205,-150.98,61.26,169,1.10681171,0.270815378,1.891388186,6/19/22
206,-150.98,61.26,170,1.875195781,0.34477586,3.394177687,6/20/22
207,-150.98,61.26,171,2.276954416,0.800060836,4.67425819,6/21/22
208,-150.98,61.26,172,1.99677608,0.455130141,3.403409649,6/22/22
209,-150.98,61.26,173,2.864818354,0.091105638,4.421442478,6/23/22
210,-150.98,61.26,174,1.873361804,-0.101735317,3.392769686,6/24/22
211,-150.98,61.26,175,3.683537954,0.234085242,5.664526851,6/25/22
212,-150.98,61.26,176,2.911490199,-0.331563072,4.006662635,6/26/22
213,-150.98,61.26,177,3.088162303,0.448890583,4.112858758,6/27/22
214,-150.98,61.26,178,2.595982771,0.056086403,3.97644862,6/28/22
215,-150.98,61.26,179,1.77794395,-0.336387499,3.339389938,6/29/22
216,-150.98,61.26,180,2.192211172,-0.50133272,3.994681327,6/30/22
217,-150.98,61.26,181,3.05650178,-0.393676725,4.556591738,7/1/22
218,-150.98,61.26,182,1.960461888,-0.315178919,3.150739645,7/2/22
219,-150.98,61.26,183,1.188649867,0.102975986,2.239845644,7/3/22
220,-150.98,61.26,184,2.071950038,0.161778907,3.159401335,7/4/22
221,-150.98,61.26,185,2.205404138,-0.476648893,3.240562374,7/5/22
222,-150.98,61.26,186,2.247151161,0.117278509,3.997040022,7/6/22
223,-150.98,61.26,187,2.679160068,1.050814983,3.785766527,7/7/22
224,-150.98,61.26,188,1.319698005,0.058728987,2.226086249,7/8/22
225,-150.98,61.26,189,1.973107929,0.076483197,2.604832964,7/9/22
226,-150.98,61.26,190,1.437248044,-0.025565105,2.039398881,7/10/22
227,-150.98,61.26,191,1.760449886,0.094465144,2.629784733,7/11/22
228,-150.98,61.26,192,1.728721338,0.081833673,3.141139458,7/12/22
229,-150.98,61.26,193,1.782150698,0.148580567,2.973055212,7/13/22
230,-150.98,61.26,194,2.394174078,0.126136773,3.782925186,7/14/22
231,-150.98,61.26,195,1.652005177,-0.278205656,2.279357598,7/15/22
232,-150.98,61.26,196,3.808719035,-0.443526889,6.397878891,7/16/22
233,-150.98,61.26,197,2.308173595,-0.315333443,3.896246361,7/17/22
234,-150.98,61.26,198,2.587289435,-0.099422719,4.022060252,7/18/22
235,-150.98,61.26,199,3.519961931,-0.099300573,4.955144775,7/19/22
236,-150.98,61.26,200,4.248428205,-0.092423162,5.886448957,7/20/22
237,-150.98,61.26,201,2.929599472,1.034290872,5.198729536,7/21/22
238,-150.98,61.26,202,2.695020649,-0.19164135,3.549754472,7/22/22
239,-150.98,61.26,203,2.396348621,0.433269671,3.326154919,7/23/22
240,-150.98,61.26,204,1.351716831,0.216708252,2.338225855,7/24/22
241,-150.98,61.26,205,1.480080104,0.208964492,2.241717611,7/25/22
242,-150.98,61.26,206,3.985378369,1.131001493,7.733976866,7/26/22
243,-150.98,61.26,207,4.885278624,0.028799386,7.284212682,7/27/22
244,-150.98,61.26,208,1.512366893,0.078412943,3.166124784,7/28/22
245,-150.98,61.26,209,2.732620191,0.307344381,4.179452664,7/29/22
246,-150.98,61.26,210,1.256115111,-0.411812319,2.203693407,7/30/22
247,-150.98,61.26,211,1.425090073,0.129555333,2.428265935,7/31/22
248,-150.98,61.26,212,2.024061503,-0.502818558,2.65909737,8/1/22
249,-150.98,61.26,213,1.495928869,0.038815017,2.584437421,8/2/22
250,-150.98,61.26,214,1.326924419,0.001996049,1.855246362,8/3/22
251,-150.98,61.26,215,1.942458409,-0.067937627,2.907353652,8/4/22
252,-150.98,61.26,216,2.475629494,-1.267259849,3.917944079,8/5/22
253,-150.98,61.26,217,3.490194965,-1.06731433,4.801804027,8/6/22
254,-150.98,61.26,218,2.802910389,-0.252561334,4.090786115,8/7/22
255,-150.98,61.26,219,4.583151829,0.241804036,8.995438123,8/8/22
256,-150.98,61.26,220,7.084413436,1.611867359,8.767696263,8/9/22
257,-150.98,61.26,221,4.086311873,-0.158946649,6.20529978,8/10/22
258,-150.98,61.26,222,2.456575942,-0.190264065,3.504327085,8/11/22
259,-150.98,61.26,223,2.617810059,-0.213474876,3.108224154,8/12/22
260,-150.98,61.26,224,2.412056407,0.327248545,3.035667146,8/13/22
261,-150.98,61.26,225,1.408030338,-0.429385817,2.100023944,8/14/22
262,-150.98,61.26,226,1.247599369,-0.36043335,1.610752856,8/15/22
263,-150.98,61.26,227,1.190861815,-0.203704114,2.215281788,8/16/22
264,-150.98,61.26,228,2.440311329,0.268394624,3.816540153,8/17/22
265,-150.98,61.26,229,2.839439862,0.565912281,5.572444063,8/18/22
266,-150.98,61.26,230,3.263437752,-0.220788246,4.285555456,8/19/22
267,-150.98,61.26,231,2.585018112,-0.370863407,3.727191371,8/20/22
268,-150.98,61.26,232,2.584350816,-0.450665733,3.035707475,8/21/22
269,-150.98,61.26,233,2.353310085,-0.084565752,2.870484602,8/22/22
270,-150.98,61.26,234,2.782922467,-0.054080547,3.514517445,8/23/22
271,-150.98,61.26,235,1.20973063,0.071713237,2.146557776,8/24/22
272,-150.98,61.26,236,2.113871106,0.288808203,2.752439696,8/25/22
273,-150.98,61.26,237,4.021503169,-0.504686294,5.281028723,8/26/22
274,-150.98,61.26,238,2.261067363,-0.522245211,4.041163349,8/27/22
275,-150.98,61.26,239,0.828149198,0.085885933,2.006827926,8/28/22
276,-150.98,61.26,240,0.873203164,-0.121424553,1.495432862,8/29/22
277,-150.98,61.26,241,0.782534915,-0.098667339,1.634301058,8/30/22
278,-150.98,61.26,242,2.266998445,0.340697897,4.435993474,8/31/22
279,-150.98,61.26,243,2.457402394,-0.229638301,3.477365825,9/1/22
280,-150.73,61.26,151,0.822354157,0.007322412,1.06403249,6/1/22
281,-150.73,61.26,152,2.026976198,-0.403611665,3.509134634,6/2/22
282,-150.73,61.26,153,1.487391541,-0.228967094,2.755301526,6/3/22
283,-150.73,61.26,154,1.368758216,0.30537929,2.424993109,6/4/22
284,-150.73,61.26,155,1.418666245,0.099065018,2.619997825,6/5/22
285,-150.73,61.26,156,1.803082352,0.103097804,4.013858506,6/6/22
286,-150.73,61.26,157,2.098603526,0.595699166,3.157210548,6/7/22
287,-150.73,61.26,158,3.602564872,-0.280689523,5.058310776,6/8/22
288,-150.73,61.26,159,1.498257161,-0.110092747,2.493625264,6/9/22
289,-150.73,61.26,160,2.133011235,-0.264366558,2.863231929,6/10/22
290,-150.73,61.26,161,2.093497282,0.207166264,3.868019246,6/11/22
291,-150.73,61.26,162,3.376682324,-0.77338048,4.528607344,6/12/22
292,-150.73,61.26,163,2.113775104,-0.435632953,3.515937559,6/13/22
293,-150.73,61.26,164,2.764380282,0.215754873,4.182088815,6/14/22
294,-150.73,61.26,165,2.116654519,0.251970666,4.345646577,6/15/22
295,-150.73,61.26,166,2.29998741,-0.40272408,3.554583607,6/16/22
296,-150.73,61.26,167,3.352679042,0.569960102,5.679064597,6/17/22
297,-150.73,61.26,168,3.368120896,-1.068968722,5.020460837,6/18/22
298,-150.73,61.26,169,1.331319286,-0.055999885,2.32683787,6/19/22
299,-150.73,61.26,170,1.972078041,0.644989401,3.982201864,6/20/22
300,-150.73,61.26,171,2.818808421,0.332437185,5.426157504,6/21/22
301,-150.73,61.26,172,2.658102054,-0.474771065,4.599850958,6/22/22
302,-150.73,61.26,173,2.893713408,-0.091088734,4.217883238,6/23/22
303,-150.73,61.26,174,2.097956541,-0.582945727,3.644710594,6/24/22
304,-150.73,61.26,175,4.238631135,-0.146410031,5.8592719,6/25/22
305,-150.73,61.26,176,2.902419776,0.782457735,4.784869492,6/26/22
306,-150.73,61.26,177,2.880786581,-0.202046229,4.771380644,6/27/22
307,-150.73,61.26,178,2.912456544,-0.158950671,4.238438051,6/28/22
308,-150.73,61.26,179,2.32020942,-1.021103791,3.824894404,6/29/22
309,-150.73,61.26,180,2.881176035,-0.239605924,4.703832934,6/30/22
310,-150.73,61.26,181,3.393435387,-0.284784483,4.748082148,7/1/22
311,-150.73,61.26,182,2.380717769,-0.043710579,3.814766347,7/2/22
312,-150.73,61.26,183,1.451752094,0.18358857,3.260190861,7/3/22
313,-150.73,61.26,184,2.547840882,-0.306280683,4.468467752,7/4/22
314,-150.73,61.26,185,2.730478414,-0.83062725,4.219531346,7/5/22
315,-150.73,61.26,186,2.709770433,-0.318865569,4.970980579,7/6/22
316,-150.73,61.26,187,3.057871537,0.809436156,4.50337815,7/7/22
317,-150.73,61.26,188,1.839411767,0.219039637,3.485577495,7/8/22
318,-150.73,61.26,189,2.821181538,-0.340112808,3.800011585,7/9/22
319,-150.73,61.26,190,1.322814146,-0.17860535,2.228689197,7/10/22
320,-150.73,61.26,191,1.887876241,0.100943993,2.927241724,7/11/22
321,-150.73,61.26,192,2.03950647,0.260105737,4.545683922,7/12/22
322,-150.73,61.26,193,1.773173502,0.044630676,3.91851833,7/13/22
323,-150.73,61.26,194,2.776590292,0.24510519,4.441922179,7/14/22
324,-150.73,61.26,195,2.033745908,0.516555894,3.101543913,7/15/22
325,-150.73,61.26,196,4.430601206,-0.290849032,6.983330109,7/16/22
326,-150.73,61.26,197,2.528395264,-0.017858829,4.594360836,7/17/22
327,-150.73,61.26,198,2.863167618,0.314713414,4.715158811,7/18/22
328,-150.73,61.26,199,4.062282774,-0.322503218,5.970030266,7/19/22
329,-150.73,61.26,200,4.906611083,0.993658943,7.46227496,7/20/22
330,-150.73,61.26,201,3.188515635,-0.505701964,5.393268811,7/21/22
331,-150.73,61.26,202,3.17117437,0.559661493,4.23540015,7/22/22
332,-150.73,61.26,203,2.684354302,-0.382465405,3.60309412,7/23/22
333,-150.73,61.26,204,1.971277406,0.244413622,2.981471156,7/24/22
334,-150.73,61.26,205,1.952291881,0.074542585,3.463286284,7/25/22
335,-150.73,61.26,206,4.879123401,0.489953267,9.936404241,7/26/22
336,-150.73,61.26,207,5.77411526,1.169151616,9.803096771,7/27/22
337,-150.73,61.26,208,1.642807552,-0.024757505,2.748333696,7/28/22
338,-150.73,61.26,209,2.618990439,-0.002128934,4.389479803,7/29/22
339,-150.73,61.26,210,1.285363214,-0.091515387,3.210372508,7/30/22
340,-150.73,61.26,211,2.023292988,-0.020954299,3.62887717,7/31/22
341,-150.73,61.26,212,2.098901447,-0.058248026,3.626282955,8/1/22
342,-150.73,61.26,213,2.008102656,-0.257614105,2.99525436,8/2/22
343,-150.73,61.26,214,1.890453502,0.249257723,2.867253878,8/3/22
344,-150.73,61.26,215,2.001069465,0.053691679,3.343486483,8/4/22
345,-150.73,61.26,216,3.03531546,-1.085640913,4.790887064,8/5/22
346,-150.73,61.26,217,4.46758647,1.193626547,6.06360126,8/6/22
347,-150.73,61.26,218,3.68675921,0.014890212,5.275644542,8/7/22
348,-150.73,61.26,219,5.274600953,0.469036459,9.813886401,8/8/22
349,-150.73,61.26,220,8.125954194,0.478280513,9.602552308,8/9/22
350,-150.73,61.26,221,4.830524648,-0.597000398,7.497545913,8/10/22
351,-150.73,61.26,222,3.049831347,0.379649619,4.213444129,8/11/22
352,-150.73,61.26,223,3.062557597,0.09122078,4.475691266,8/12/22
353,-150.73,61.26,224,3.56696678,0.246013665,4.277014812,8/13/22
354,-150.73,61.26,225,1.783034264,0.187710121,2.889484259,8/14/22
355,-150.73,61.26,226,1.154600076,0.088963675,1.890580429,8/15/22
356,-150.73,61.26,227,1.30914568,0.061410156,2.743291629,8/16/22
357,-150.73,61.26,228,3.2375962,0.506351634,5.288368175,8/17/22
358,-150.73,61.26,229,3.493097085,0.47579025,6.590223038,8/18/22
359,-150.73,61.26,230,3.765439804,0.611298212,5.605636622,8/19/22
360,-150.73,61.26,231,3.156154848,-0.137948961,4.245381784,8/20/22
361,-150.73,61.26,232,3.440709144,0.23551518,4.138927003,8/21/22
362,-150.73,61.26,233,3.099848615,-0.421541833,3.658853408,8/22/22
363,-150.73,61.26,234,3.757135921,-0.368200171,4.793896859,8/23/22
364,-150.73,61.26,235,1.740364007,0.216577915,2.929237175,8/24/22
365,-150.73,61.26,236,2.648317306,-0.138023778,3.698319312,8/25/22
366,-150.73,61.26,237,4.34175561,0.615130895,5.316480399,8/26/22
367,-150.73,61.26,238,2.637353454,-0.201557299,4.062863307,8/27/22
368,-150.73,61.26,239,1.002275594,-0.247392299,2.602822069,8/28/22
369,-150.73,61.26,240,0.973167516,0.003344204,1.627101696,8/29/22
370,-150.73,61.26,241,0.95586612,0.133899425,1.718677123,8/30/22
371,-150.73,61.26,242,2.75068347,0.007040549,5.129176974,8/31/22
372,-150.73,61.26,243,3.27459044,0.031095566,4.582082863,9/1/22
373,-150.48,61.26,151,0.738725128,0.411978725,1.086047738,6/1/22
374,-150.48,61.26,152,2.270852877,-0.037209915,4.763595741,6/2/22
375,-150.48,61.26,153,1.631084267,0.143259314,3.372323087,6/3/22
376,-150.48,61.26,154,1.3116621,-0.182845473,2.314913659,6/4/22
377,-150.48,61.26,155,1.419824784,0.131545237,2.344496592,6/5/22
378,-150.48,61.26,156,2.069599051,0.365939052,4.688859461,6/6/22
379,-150.48,61.26,157,2.514343952,-0.191263664,3.963777453,6/7/22
380,-150.48,61.26,158,4.122264624,-0.822195942,5.464940299,6/8/22
381,-150.48,61.26,159,1.83152422,-0.356584009,2.681653449,6/9/22
382,-150.48,61.26,160,2.434596406,-0.312835303,3.222871907,6/10/22
383,-150.48,61.26,161,2.079587636,0.02815029,3.702904454,6/11/22
384,-150.48,61.26,162,3.59120063,-0.57990062,4.893860568,6/12/22
385,-150.48,61.26,163,2.448347336,-0.241714203,4.339651972,6/13/22
386,-150.48,61.26,164,3.301870881,0.073058384,4.794157888,6/14/22
387,-150.48,61.26,165,2.466248376,-0.198838779,5.914447366,6/15/22
388,-150.48,61.26,166,2.472008342,-0.160866983,4.065880507,6/16/22
389,-150.48,61.26,167,3.857866104,-0.404358503,6.260372502,6/17/22
390,-150.48,61.26,168,3.796561411,1.132415579,5.932508754,6/18/22
391,-150.48,61.26,169,1.655905894,0.184962822,2.834943684,6/19/22
392,-150.48,61.26,170,2.214623878,-0.047520303,4.358117219,6/20/22
393,-150.48,61.26,171,3.189906287,1.09640939,6.391423686,6/21/22
394,-150.48,61.26,172,3.068955027,0.309545058,6.068341798,6/22/22
395,-150.48,61.26,173,2.902163503,-0.03618357,5.290448215,6/23/22
396,-150.48,61.26,174,2.405119779,0.580404466,4.77410988,6/24/22
397,-150.48,61.26,175,4.641047589,-1.202667683,5.980442883,6/25/22
398,-150.48,61.26,176,2.966240405,0.023173173,5.515025316,6/26/22
399,-150.48,61.26,177,2.841233928,-0.360974072,5.712403481,6/27/22
400,-150.48,61.26,178,3.273411714,0.25603344,4.777967428,6/28/22
401,-150.48,61.26,179,2.731769448,0.581040224,5.239614732,6/29/22
402,-150.48,61.26,180,3.499766666,-0.986072168,5.958016478,6/30/22
403,-150.48,61.26,181,3.91321432,-0.794499036,5.927199722,7/1/22
404,-150.48,61.26,182,2.978010966,-0.046428859,4.958171914,7/2/22
405,-150.48,61.26,183,1.862668466,-0.458347709,4.455389898,7/3/22
406,-150.48,61.26,184,3.033118154,-0.515643806,6.016036661,7/4/22
407,-150.48,61.26,185,3.230936256,0.345433309,5.702058559,7/5/22
408,-150.48,61.26,186,3.207209237,0.015707826,5.92762011,7/6/22
409,-150.48,61.26,187,3.54913451,0.273278945,5.875365205,7/7/22
410,-150.48,61.26,188,2.475174664,-0.400841144,4.672398147,7/8/22
411,-150.48,61.26,189,3.437090571,0.435460791,5.310380632,7/9/22
412,-150.48,61.26,190,1.238337149,0.050494867,2.749068546,7/10/22
413,-150.48,61.26,191,1.917645584,0.171261236,2.996149641,7/11/22
414,-150.48,61.26,192,2.382809747,0.185582702,6.06228731,7/12/22
415,-150.48,61.26,193,1.951461239,0.08572596,4.993079134,7/13/22
416,-150.48,61.26,194,3.152536165,-0.366153824,4.917058954,7/14/22
417,-150.48,61.26,195,2.454185394,-0.123049867,3.963055475,7/15/22
418,-150.48,61.26,196,4.890562819,-0.167472367,7.129899278,7/16/22
419,-150.48,61.26,197,2.698831413,-1.075110345,5.01089302,7/17/22
420,-150.48,61.26,198,2.999366603,0.317553296,5.33309023,7/18/22
421,-150.48,61.26,199,4.33143617,-0.230299975,6.720757474,7/19/22
422,-150.48,61.26,200,5.440882959,-0.173733018,8.739733979,7/20/22
423,-150.48,61.26,201,3.39627593,0.226151032,5.98153666,7/21/22
424,-150.48,61.26,202,3.540347423,0.244371306,4.620944235,7/22/22
425,-150.48,61.26,203,2.93035732,0.088428453,4.373159581,7/23/22
426,-150.48,61.26,204,2.567602269,-0.002940039,4.123803947,7/24/22
427,-150.48,61.26,205,2.379967508,-0.508943758,4.869205011,7/25/22
428,-150.48,61.26,206,5.807346962,-0.455311476,12.16567664,7/26/22
429,-150.48,61.26,207,6.678503672,1.175695213,12.50692733,7/27/22
430,-150.48,61.26,208,1.923516645,-0.369819551,2.68961961,7/28/22
431,-150.48,61.26,209,2.604829963,0.125301918,4.838551811,7/29/22
432,-150.48,61.26,210,1.438616168,0.339911444,4.179936264,7/30/22
433,-150.48,61.26,211,2.621423079,-0.342291568,5.059161944,7/31/22
434,-150.48,61.26,212,2.426236575,0.129526491,4.842504382,8/1/22
435,-150.48,61.26,213,2.551938174,-0.183135021,3.415066389,8/2/22
436,-150.48,61.26,214,2.38527897,0.558321067,3.796973346,8/3/22
437,-150.48,61.26,215,2.121503271,0.004269902,3.582896751,8/4/22
438,-150.48,61.26,216,3.659797099,-0.600361174,5.782848614,8/5/22
439,-150.48,61.26,217,5.308071751,0.381658595,6.926340381,8/6/22
440,-150.48,61.26,218,4.387496982,-0.027176159,6.539077845,8/7/22
441,-150.48,61.26,219,5.982718241,-1.318562377,11.81702982,8/8/22
442,-150.48,61.26,220,9.100172855,-1.738219759,10.38556831,8/9/22
443,-150.48,61.26,221,5.491537473,-0.187778068,9.049837088,8/10/22
444,-150.48,61.26,222,3.67863444,0.167667095,5.184609802,8/11/22
445,-150.48,61.26,223,3.560463471,-0.195943394,5.980920047,8/12/22
446,-150.48,61.26,224,4.762983255,-0.033658767,5.597211698,8/13/22
447,-150.48,61.26,225,2.310088946,0.442507688,3.931049076,8/14/22
448,-150.48,61.26,226,1.359206059,-0.111798509,2.285405498,8/15/22
449,-150.48,61.26,227,1.411931955,0.450166513,2.992796869,8/16/22
450,-150.48,61.26,228,3.889652676,-1.516590684,6.621244378,8/17/22
451,-150.48,61.26,229,3.810563611,-0.046254504,6.918643028,8/18/22
452,-150.48,61.26,230,4.411032194,0.261131318,7.429076423,8/19/22
453,-150.48,61.26,231,3.633809726,0.065540712,5.054026228,8/20/22
454,-150.48,61.26,232,4.20704763,1.00167858,5.368028617,8/21/22
455,-150.48,61.26,233,3.839038007,-0.402171573,4.699119054,8/22/22
456,-150.48,61.26,234,4.688438062,-1.044843754,6.23716302,8/23/22
457,-150.48,61.26,235,2.368259152,0.653720206,3.710633802,8/24/22
458,-150.48,61.26,236,3.246133778,0.549945799,4.707274137,8/25/22
459,-150.48,61.26,237,4.789952317,0.0969037,6.174590659,8/26/22
460,-150.48,61.26,238,2.940497042,-0.05447819,4.21768128,8/27/22
461,-150.48,61.26,239,1.156519408,0.148411262,2.974805524,8/28/22
462,-150.48,61.26,240,1.072278021,-0.073076422,1.569298145,8/29/22
463,-150.48,61.26,241,1.106646688,-0.09392219,1.826583918,8/30/22
464,-150.48,61.26,242,3.388206415,-0.099280645,5.888799607,8/31/22
465,-150.48,61.26,243,4.450261033,-0.341012266,6.198738517,9/1/22