"","id","timestamp","site","year","elevation","Jdate","geometry","dist_to_next"
"1",181624,2022-07-03,"Beluga",2022,".",184,c(-151.0293121, 61.2111473),NA
"2",181624,2022-07-05,"Beluga",2022,".",186,c(-151.0252228, 61.2096367),275.987739111542
"3",181624,2022-07-07,"Beluga",2022,".",188,c(-150.994751, 61.1754379),4138.42933335532
"4",181624,2022-07-09,"Beluga",2022,".",190,c(-151.0250092, 61.166069),1928.07271279128
"5",181624,2022-07-11,"Beluga",2022,".",192,c(-150.9924927, 61.1838341),2634.5956107503
"6",181624,2022-07-13,"Beluga",2022,".",194,c(-151.0291901, 61.1608429),3225.99042478411
"7",181624,2022-07-15,"Beluga",2022,".",196,c(-151.452652, 61.0144386),27986.919078364
"8",181624,2022-07-17,"Beluga",2022,".",198,c(-124.08078, 46.9017715),2349833.61242689
"9",181624,2022-07-21,"Beluga",2022,".",202,c(-124.1136475, 47.0179443),13156.4679178142
"10",181624,2022-07-23,"Beluga",2022,".",204,c(-124.0930939, 46.992115),3267.71100057525
"11",181624,2022-07-25,"Beluga",2022,".",206,c(-124.0270462, 46.9097099),10444.841415237
"12",181624,2022-07-27,"Beluga",2022,".",208,c(-124.0502396, 46.89468),2428.5853707241
"13",181624,2022-08-06,"Beluga",2022,".",218,c(-120.2522278, 37.1700592),1125541.58651787
"14",181624,2022-08-08,"Beluga",2022,".",220,c(-119.5403137, 34.401062),314520.976444102
"15",181624,2022-08-10,"Beluga",2022,".",222,c(-119.6627808, 34.4213104),11458.070258055
"16",181624,2022-08-12,"Beluga",2022,".",224,c(-114.545372, 31.7214336),563352.855056214
"17",181624,2022-08-14,"Beluga",2022,".",226,c(-111.3942108, 28.3638401),480970.64624533
"18",181624,2022-08-16,"Beluga",2022,".",228,c(-109.5437698, 26.6968956),260084.572663181
"19",181624,2022-08-20,"Beluga",2022,".",232,c(-109.556976, 26.6939526),1352.13520638887
"20",181624,2022-08-22,"Beluga",2022,".",234,c(-109.556313, 26.6943607),79.9837642519378
"21",181624,2022-08-26,"Beluga",2022,".",238,c(-109.554573, 26.6932354),213.394042810464
"22",181624,2022-08-28,"Beluga",2022,".",240,c(-109.554237, 26.6937218),63.5564368659361
"23",181624,2022-08-30,"Beluga",2022,".",242,c(-109.557137, 26.6937733),288.154431076775
"24",181624,2022-09-03,"Beluga",2022,".",246,c(-109.556236, 26.6934395),96.8996012914066
"25",181624,2022-09-05,"Beluga",2022,".",248,c(-109.533585, 26.7081089),2779.14692345286
"26",181624,2022-09-07,"Beluga",2022,".",250,c(-109.55529, 26.6939774),2667.96136506206
"27",181624,2022-09-09,"Beluga",2022,".",252,c(-109.555161, 26.6940041),13.1547518080119
"28",181624,2022-09-11,"Beluga",2022,".",254,c(-109.554497, 26.6939259),66.534924803516
"29",181624,2022-09-13,"Beluga",2022,".",256,c(-109.554138, 26.693594),51.3223403799685
"30",181624,2022-09-15,"Beluga",2022,".",258,c(-109.586319, 26.7008133),3296.13768580197
"31",181625,2022-06-25,"Beluga",2022,".",176,c(-150.9251709, 61.2120209),NA
"32",181625,2022-06-30,"Beluga",2022,".",181,c(-150.9511566, 61.2188797),1586.65484961461
"33",181625,2022-07-01,"Beluga",2022,".",182,c(-150.9510498, 61.2188797),5.71770221180072
"34",181625,2022-07-03,"Beluga",2022,".",184,c(-150.9255524, 61.2124786),1539.59017061328
"35",181625,2022-07-05,"Beluga",2022,".",186,c(-150.8340302, 61.2454529),6118.51924706528
"36",181625,2022-07-07,"Beluga",2022,".",188,c(-150.8327484, 61.2451439),76.692840962089
"37",181625,2022-07-09,"Beluga",2022,".",190,c(-150.8327332, 61.2452736),14.4449059365084
"38",181625,2022-07-11,"Beluga",2022,".",192,c(-150.8330841, 61.2448654),49.117849684405
"39",181625,2022-07-13,"Beluga",2022,".",194,c(-142.7277679, 57.2551537),638817.898731014
"40",181625,2022-07-15,"Beluga",2022,".",196,c(-124.1620636, 40.8410492),2256155.4287564
"41",181625,2022-07-17,"Beluga",2022,".",198,c(-122.2304153, 37.513588),405705.868282325
"42",181625,2022-07-19,"Beluga",2022,".",200,c(-122.245079, 37.5182991),1395.37614521488
"43",181625,2022-07-21,"Beluga",2022,".",202,c(-122.2457504, 37.5169907),157.076625851124
"44",181625,2022-07-23,"Beluga",2022,".",204,c(-115.9666824, 30.3954296),980484.016397784
"45",181625,2022-07-25,"Beluga",2022,".",206,c(-114.1791382, 27.7489281),341713.908262857
"46",181625,2022-07-27,"Beluga",2022,".",208,c(-114.1794968, 27.7496967),92.4634185224668
"47",181625,2022-07-29,"Beluga",2022,".",210,c(-114.1903992, 27.7281666),2623.49157983416
"48",181625,2022-07-31,"Beluga",2022,".",212,c(-114.1861725, 27.7218952),812.019616052531
"49",181625,2022-08-08,"Beluga",2022,".",220,c(-114.1811829, 27.7525368),3442.40159867111
"50",181625,2022-08-10,"Beluga",2022,".",222,c(-114.2343826, 27.7005692),7798.10948428813
"51",181625,2022-08-12,"Beluga",2022,".",224,c(-114.2247314, 27.7119865),1585.71098973888
"52",181625,2022-08-14,"Beluga",2022,".",226,c(-114.2267761, 27.71278),219.770512025189
"53",181625,2022-08-16,"Beluga",2022,".",228,c(-114.2341537, 27.698061),1790.59605830148
"54",181625,2022-08-18,"Beluga",2022,".",230,c(-114.2335587, 27.6958599),251.664377380722
"55",181625,2022-08-20,"Beluga",2022,".",232,c(-114.1812897, 27.7524872),8131.25468868831
"56",181625,2022-08-22,"Beluga",2022,".",234,c(-114.1810532, 27.7523327),28.9266791985281
"57",181625,2022-08-24,"Beluga",2022,".",236,c(-114.2342529, 27.7000313),7825.66541842865
"58",181625,2022-08-26,"Beluga",2022,".",238,c(-114.23159, 27.699852),262.923467269564
"59",181625,2022-08-28,"Beluga",2022,".",240,c(-114.222786, 27.7083778),1284.5166138601
"60",181625,2022-08-30,"Beluga",2022,".",242,c(-114.229851, 27.7118073),793.181124546365
"61",181625,2022-09-01,"Beluga",2022,".",244,c(-114.229698, 27.7136002),199.929811227042
"62",181625,2022-09-03,"Beluga",2022,".",246,c(-114.18351, 27.755558),6513.94692060392
"63",181625,2022-09-05,"Beluga",2022,".",248,c(-114.181313, 27.7524872),404.143413148273
"64",181625,2022-09-07,"Beluga",2022,".",250,c(-114.181129, 27.7525368),18.9276997138166
"65",181625,2022-09-09,"Beluga",2022,".",252,c(-114.176758, 27.7548923),503.591761398571
"66",181625,2022-09-11,"Beluga",2022,".",254,c(-114.180367, 27.7514877),519.07787085742
"67",181625,2022-09-13,"Beluga",2022,".",256,c(-114.227753, 27.707098),6790.86611683802
"68",181625,2022-09-15,"Beluga",2022,".",258,c(-114.180824, 27.7522812),6824.73206285035
"69",181626,2022-06-25,"Beluga",2022,".",176,c(-151.0236816, 61.2151184),NA
"70",181626,2022-06-30,"Beluga",2022,".",181,c(-151.0254669, 61.2136078),193.267404312862
"71",181626,2022-07-01,"Beluga",2022,".",182,c(-151.0164337, 61.2169609),610.691648344098
"72",181626,2022-07-03,"Beluga",2022,".",184,c(-151.0173798, 61.2163696),82.9993660059551
"73",181626,2022-07-05,"Beluga",2022,".",186,c(-151.0231476, 61.2134781),445.81334922137
"74",181626,2022-07-07,"Beluga",2022,".",188,c(-150.9237823, 61.212429),5321.95386184258
"75",181626,2022-07-09,"Beluga",2022,".",190,c(-151.0228119, 61.2134514),5303.92038208445
"76",181626,2022-07-11,"Beluga",2022,".",192,c(-151.0167389, 61.1774864),4012.3459898672
"77",181626,2022-07-13,"Beluga",2022,".",194,c(-151.0287781, 61.160511),1994.92073826547
"78",181626,2022-07-15,"Beluga",2022,".",196,c(-151.0168915, 61.2146797),6056.88368806254
"79",181626,2022-07-17,"Beluga",2022,".",198,c(-151.0108032, 61.1726723),4682.39382723077
"80",181626,2022-07-19,"Beluga",2022,".",200,c(-151.0174103, 61.2150917),4730.09489991044
"81",181626,2022-07-21,"Beluga",2022,".",202,c(-150.993927, 61.1770477),4413.43085077557
"82",181626,2022-07-25,"Beluga",2022,".",206,c(-151.025238, 61.1660919),2074.23776014541
"83",181626,2022-07-27,"Beluga",2022,".",208,c(-151.0454407, 61.1529617),1818.20693146674
"84",181626,2022-07-29,"Beluga",2022,".",210,c(-133.9013214, 55.0538864),1208615.37628529
"85",181626,2022-07-31,"Beluga",2022,".",212,c(-124.0607605, 46.9631615),1130612.85761871
"86",181626,2022-08-02,"Beluga",2022,".",214,c(-123.9701385, 46.9679985),6897.73523690405
"87",181626,2022-08-04,"Beluga",2022,".",216,c(-123.9700317, 46.9680519),10.0465254685372
"88",181626,2022-08-06,"Beluga",2022,".",218,c(-124.1243744, 47.0322304),13708.5067863623
"89",181626,2022-08-08,"Beluga",2022,".",220,c(-124.0075378, 46.9951363),9771.2583875076
"90",181626,2022-08-10,"Beluga",2022,".",222,c(-123.9607391, 46.9670792),4726.2402799581
"91",181626,2022-08-12,"Beluga",2022,".",224,c(-123.9630966, 46.9674873),184.556008054155
"92",181626,2022-08-14,"Beluga",2022,".",226,c(-123.9621735, 46.969101),192.622355520287
"93",181626,2022-08-16,"Beluga",2022,".",228,c(-124.0647049, 46.9100914),10180.80085499
"94",181626,2022-08-18,"Beluga",2022,".",230,c(-122.4413071, 38.1233521),985997.978549649
"95",181626,2022-08-20,"Beluga",2022,".",232,c(-122.1248932, 37.5963783),64847.5068034128
"96",181626,2022-08-24,"Beluga",2022,".",236,c(-122.1073303, 37.616703),2738.84149266192
"97",181626,2022-08-26,"Beluga",2022,".",238,c(-122.1282654, 37.6053123),2237.16147650835
"98",181626,2022-08-28,"Beluga",2022,".",240,c(-122.1326752, 37.6030083),465.347989069052
"99",181626,2022-08-30,"Beluga",2022,".",242,c(-122.1392517, 37.6052361),630.087999318991
"100",181626,2022-09-01,"Beluga",2022,".",244,c(-122.1407394, 37.6041603),177.441693419532
"101",181626,2022-09-03,"Beluga",2022,".",246,c(-122.231926, 37.5120239),13021.9409139012
"102",181626,2022-09-05,"Beluga",2022,".",248,c(-122.2347107, 37.511898),246.017176037435
"103",181626,2022-09-07,"Beluga",2022,".",250,c(-122.2345581, 37.5096703),248.074749691092
"104",181626,2022-09-11,"Beluga",2022,".",254,c(-122.2326126, 37.5092354),178.288129540519
"105",198752,2021-07-12,"Beluga",2021,".",193,c(-150.37534, 60.69411),NA
"106",198752,2021-07-24,"Beluga",2021,".",205,c(-124.02816, 46.60324),2310133.71616191
"107",198752,2021-08-02,"Beluga",2021,".",214,c(-123.95678, 46.66667),8913.38446800491
"108",198752,2021-08-11,"Beluga",2021,".",223,c(-113.08397, 31.10833),1965033.14716448
"109",198752,2021-08-23,"Beluga",2021,".",235,c(-113.08074, 31.10677),353.063557453029
"110",198752,2021-09-01,"Beluga",2021,".",244,c(-113.05814, 31.10328),2186.40869838469
"111",198752,2021-09-10,"Beluga",2021,".",253,c(-113.08035, 31.10613),2138.18456883027
"112",198752,2021-09-10,"Beluga",2021,".",253,c(-113.08298, 31.10841),356.328661225733
"113",198752,2021-09-13,"Beluga",2021,".",256,c(-113.059113, 31.0939522),2783.58719820409
"114",198752,2021-09-16,"Beluga",2021,".",259,c(-113.068733, 31.0939522),916.004539935817
"115",198752,2021-09-19,"Beluga",2021,".",262,c(-113.083145, 31.1087494),2142.46517966383
"116",198752,2021-09-19,"Beluga",2021,".",262,c(-113.08408, 31.10903),94.3254545868835
"117",198752,2021-09-22,"Beluga",2021,".",265,c(-113.083069, 31.1079559),153.391579254748
"118",198752,2021-10-06,"Beluga",2021,".",279,c(-113.085426, 31.1195774),1311.58993400329
"119",198752,2021-10-20,"Beluga",2021,".",293,c(-113.0812, 31.099123),2309.7394812477
"120",198752,2021-11-03,"Beluga",2021,".",307,c(-108.887589, 25.5713406),738923.402937298
"121",198752,2021-11-03,"Beluga",2021,".",307,c(-108.895, 25.5744),817.485213126945
"122",198752,2021-11-17,"Beluga",2021,".",321,c(-108.820595, 25.5318661),8836.46627330279
"123",198752,2021-12-01,"Beluga",2021,".",335,c(-108.789413, 25.5506039),3758.771175529
"124",198752,2021-12-01,"Beluga",2021,".",335,c(-108.79759, 25.56407),1707.3235610102
"125",198752,2021-12-15,"Beluga",2021,".",349,c(-108.791565, 25.5415688),2573.99402709236
"126",198752,2021-12-29,"Beluga",2021,".",363,c(-108.793564, 25.5446911),400.947411521011
"127",198752,2022-01-12,"Beluga",2021,".",12,c(-108.792, 25.5395451),593.334546810168
"128",198758,2021-06-21,"Beluga",2021,".",172,c(-150.92429, 61.21252),NA
"129",198758,2021-08-02,"Beluga",2021,".",214,c(-123.96515, 46.66146),2362880.82910951
"130",198758,2021-08-11,"Beluga",2021,".",223,c(-117.89615, 32.21054),1687959.75710212
"131",198758,2021-08-17,"Beluga",2021,".",229,c(-111.80568, 28.49542),715439.961678604
"132",198758,2021-09-04,"Beluga",2021,".",247,c(-110.36284, 27.21542),200939.068666311
"133",198758,2021-09-07,"Beluga",2021,".",250,c(-110.3499, 27.2061),1646.64518884311
"134",198758,2021-09-07,"Beluga",2021,".",250,c(-110.35365, 27.20648),373.248792905279
"135",198758,2021-09-10,"Beluga",2021,".",253,c(-110.357155, 27.2030087),518.785706344749
"136",198758,2021-09-13,"Beluga",2021,".",256,c(-110.346153, 27.2311172),3309.45409115179
"137",198758,2021-09-16,"Beluga",2021,".",259,c(-110.356133, 27.2061062),2950.99699648066
"138",198758,2021-09-16,"Beluga",2021,".",259,c(-110.36166, 27.20915),642.8821788462
"139",198758,2021-09-19,"Beluga",2021,".",262,c(-110.356087, 27.2058487),662.18828969757
"140",198758,2021-09-22,"Beluga",2021,".",265,c(-110.347893, 27.2273788),2527.43929405984
"141",198758,2021-10-06,"Beluga",2021,".",279,c(-110.345688, 27.2275848),219.217972655381
"142",198758,2021-10-06,"Beluga",2021,".",279,c(-110.38902, 27.24749),4822.02592363069
"143",198758,2021-10-20,"Beluga",2021,".",293,c(-110.376434, 27.2264061),2654.18241150486
"144",198758,2021-11-03,"Beluga",2021,".",307,c(-110.382271, 27.230093),707.916281503209
"145",198758,2021-11-17,"Beluga",2021,".",321,c(-109.694374, 26.7115898),89282.5787779394
"146",198758,2021-12-01,"Beluga",2021,".",335,c(-109.704308, 26.712204),989.086522727264
"147",198758,2021-12-29,"Beluga",2021,".",363,c(-109.532784, 26.7031422),17067.5614254608
"148",198761,2021-06-21,"Beluga",2021,".",172,c(-151.05103, 61.21341),NA
"149",198761,2021-07-12,"Beluga",2021,".",193,c(-149.91164, 61.20546),61022.9297936752
"150",198761,2021-07-21,"Beluga",2021,".",202,c(-130.46177, 54.37307),1372437.79997207
"151",198761,2021-08-02,"Beluga",2021,".",214,c(-122.14115, 37.6151),1967885.47465684
"152",198761,2021-08-11,"Beluga",2021,".",223,c(-109.1175, 25.62164),1812621.40756223
"153",198761,2021-08-20,"Beluga",2021,".",232,c(-109.10818, 25.64872),3152.7883512886
"154",198761,2021-09-01,"Beluga",2021,".",244,c(-109.12879, 25.634),2635.83348794127
"155",198761,2021-09-07,"Beluga",2021,".",250,c(-109.13755, 25.61817),1967.15573265067
"156",198761,2021-09-07,"Beluga",2021,".",250,c(-109.12546, 25.61952),1221.44575378961
"157",198763,2021-06-21,"Beluga",2021,".",172,c(-150.93594, 61.22442),NA
"158",198763,2021-07-12,"Beluga",2021,".",193,c(-150.93097, 61.21369),1222.43179538143
"159",198763,2021-07-21,"Beluga",2021,".",202,c(-124.03214, 46.86334),2342284.93806588
"160",198763,2021-08-02,"Beluga",2021,".",214,c(-124.13734, 47.0255),19720.7829902383
"161",198763,2021-08-08,"Beluga",2021,".",220,c(-124.16133, 46.94369),9277.10877243125
"162",198763,2021-09-01,"Beluga",2021,".",244,c(-113.95237, 27.73395),2314155.31825447
"163",198763,2021-09-10,"Beluga",2021,".",253,c(-113.95645, 27.7409),870.899900424152
"164",198763,2021-09-10,"Beluga",2021,".",253,c(-113.98857, 27.74393),3178.93495412515
"165",198763,2021-09-19,"Beluga",2021,".",262,c(-113.92447, 27.72785),6557.14867334579
"166",198767,2021-07-15,"Beluga",2021,".",196,c(-145.68833, 60.47694),NA
"167",198767,2021-07-24,"Beluga",2021,".",205,c(-128.59947, 52.46932),1369176.51163014
"168",198767,2021-08-20,"Beluga",2021,".",232,c(-107.49947, 24.42392),3590113.89501425
"169",198767,2021-09-01,"Beluga",2021,".",244,c(-107.48856, 24.45694),3834.17169800423
"170",198767,2021-09-07,"Beluga",2021,".",250,c(-107.50118, 24.42012),4288.89876687401
"171",198767,2021-09-07,"Beluga",2021,".",250,c(-107.50598, 24.4212),500.603378942974
"172",198767,2021-09-10,"Beluga",2021,".",253,c(-107.489677, 24.4173183),1706.14768883589
"173",198767,2021-09-16,"Beluga",2021,".",259,c(-107.470863, 24.4267902),2176.62718934362
"174",198767,2021-09-19,"Beluga",2021,".",262,c(-107.474396, 24.4249477),412.210288045843
"175",198767,2021-09-22,"Beluga",2021,".",265,c(-107.480537, 24.4228745),663.103872641284
"176",198767,2021-10-06,"Beluga",2021,".",279,c(-107.478722, 24.5246086),11313.8247591288
"177",198767,2021-10-20,"Beluga",2021,".",293,c(-107.505676, 24.4068489),13375.4593927997
"178",198767,2021-11-03,"Beluga",2021,".",307,c(-107.505806, 24.4066429),26.4191765043059
"179",198767,2021-11-03,"Beluga",2021,".",307,c(-107.50013, 24.40676),574.888955316715
"180",198767,2021-11-17,"Beluga",2021,".",321,c(-107.493874, 24.4609661),6060.63527826409
"181",198767,2021-12-01,"Beluga",2021,".",335,c(-107.48735, 24.423769),4188.52861940984
"182",198767,2021-12-15,"Beluga",2021,".",349,c(-107.488091, 24.4215927),253.356409862509
"183",198767,2021-12-29,"Beluga",2021,".",363,c(-107.487144, 24.4227448),160.014234583613
"184",198767,2022-01-12,"Beluga",2021,".",12,c(-107.487679, 24.4179077),540.582497171612
"185",198767,2022-01-26,"Beluga",2021,".",26,c(-107.488472, 24.4184952),103.509351222575
"186",198773,2021-07-12,"Beluga",2021,".",193,c(-150.31961, 61.26876),NA
"187",198773,2021-08-02,"Beluga",2021,".",214,c(-114.03901, 27.63005),4604732.68552851
"188",198773,2021-08-08,"Beluga",2021,".",220,c(-112.13553, 25.14788),334839.467525612
"189",233811,2022-06-10,"Beluga",2022,"28",161,c(-151.0164795, 61.2110214),NA
"190",233811,2022-06-15,"Beluga",2022,"31",166,c(-151.0178986, 61.2120438),136.744928614435
"191",233811,2022-06-20,"Beluga",2022,"36",171,c(-151.01651, 61.2118416),77.6821133498699
"192",233811,2022-06-25,"Beluga",2022,"15",176,c(-150.9169006, 61.2119675),5333.94202080802
"193",233811,2022-06-30,"Beluga",2022,"2",181,c(-150.9184418, 61.2128639),129.406121572959
"194",233811,2022-07-01,"Beluga",2022,"18",182,c(-150.918457, 61.2130432),19.9538880023471
"195",233811,2022-07-03,"Beluga",2022,"3",184,c(-150.9184418, 61.2129936),5.57500897268718
"196",233811,2022-07-05,"Beluga",2022,"33",186,c(-151.0166931, 61.2118416),5262.67305647597
"197",233811,2022-07-07,"Beluga",2022,"77",188,c(-150.1302643, 60.7982483),66314.9610984078
"198",233811,2022-07-09,"Beluga",2022,"20",190,c(-146.3188171, 59.4272652),260393.943090512
"199",233811,2022-07-11,"Beluga",2022,"16",192,c(-146.318604, 59.4272652),12.0523733948842
"200",233811,2022-07-13,"Beluga",2022,"19",194,c(-146.39476, 59.4036369),5046.55736259598
"201",233811,2022-07-15,"Beluga",2022,"19",196,c(-146.386597, 59.4110603),945.916399271606
"202",233811,2022-07-17,"Beluga",2022,"30",198,c(-146.377335, 59.4103432),530.121768544504
"203",233811,2022-07-19,"Beluga",2022,"21",200,c(-146.377106, 59.4083443),222.645315342938
"204",233811,2022-07-21,"Beluga",2022,"-31",202,c(-120.645546, 34.9635468),3297709.71284187
"205",233811,2022-07-23,"Beluga",2022,"-27",204,c(-121.740608, 36.8151436),228296.527380986
"206",233811,2022-07-25,"Beluga",2022,"-24",206,c(-121.789963, 36.7923317),5073.79762014732
"207",233811,2022-07-27,"Beluga",2022,"-33",208,c(-121.790398, 36.7930222),85.9976745509048
"208",233811,2022-07-29,"Beluga",2022,"-27",210,c(-121.791626, 36.7894402),413.03884834045
"209",233811,2022-07-31,"Beluga",2022,"-25",212,c(-121.789452, 36.7938423),526.38280689254
"210",233811,2022-08-02,"Beluga",2022,"-28",214,c(-121.789757, 36.7933311),62.9977252087665
"211",233811,2022-08-04,"Beluga",2022,"-26",216,c(-114.041718, 27.6789627),1247198.25732944
"212",233811,2022-08-06,"Beluga",2022,"-5",218,c(-109.37455, 25.8487415),506035.493578769
"213",233811,2022-08-08,"Beluga",2022,"-17",220,c(-109.37233, 25.8493824),233.305119730796
"214",233811,2022-08-10,"Beluga",2022,"-25",222,c(-109.374832, 25.8486137),264.562501813968
"215",233811,2022-08-12,"Beluga",2022,"0",224,c(-109.373505, 25.8501759),218.651570500395
"216",233811,2022-08-14,"Beluga",2022,"-24",226,c(-109.375221, 25.8483334),267.32380795859
"217",233811,2022-08-16,"Beluga",2022,"-11",228,c(-109.374863, 25.8307972),1950.26865152036
"218",233811,2022-08-18,"Beluga",2022,"-14",230,c(-109.360115, 25.8091145),2827.03075908293
"219",233811,2022-08-20,"Beluga",2022,"-21",232,c(-109.360603, 25.8117752),299.862568926508
"220",233811,2022-08-22,"Beluga",2022,"0",234,c(-109.359856, 25.8091908),296.941950207674
"221",233811,2022-08-24,"Beluga",2022,"-22",236,c(-109.360268, 25.8116474),276.257720678667
"222",233811,2022-08-26,"Beluga",2022,"-1",238,c(-109.359604, 25.8118782),71.2496420208844
"223",233811,2022-08-28,"Beluga",2022,"0",240,c(-109.367439, 25.7987194),1660.15607780765
"224",233811,2022-08-30,"Beluga",2022,"0",242,c(-109.357658, 25.8090115),1506.14252967866
"225",233811,2022-09-01,"Beluga",2022,"-6",244,c(-109.353539, 25.8208637),1380.89589444097
"226",233811,2022-09-03,"Beluga",2022,"-19",246,c(-109.351997, 25.8212223),159.411384731103
"227",233811,2022-09-07,"Beluga",2022,"-22",250,c(-109.359528, 25.8262653),939.489380508148
"228",233811,2022-09-09,"Beluga",2022,"-22",252,c(-109.360603, 25.8103161),1776.73422498667
"229",233811,2022-09-11,"Beluga",2022,"-15",254,c(-109.359116, 25.8119545),235.259340976339
"230",233811,2022-09-13,"Beluga",2022,"-18",256,c(-109.361931, 25.8117752),282.488789000767
"231",233812,2022-06-10,"Beluga",2022,"34",161,c(-151.0220642, 61.2099953),NA
"232",233812,2022-06-15,"Beluga",2022,"45",166,c(-151.0181732, 61.2113533),257.328296153178
"233",233812,2022-06-20,"Beluga",2022,"10",171,c(-150.9458618, 61.2221832),4054.52366768522
"234",233812,2022-06-25,"Beluga",2022,"46",176,c(-150.4843445, 61.2573586),24999.4536986373
"235",233812,2022-06-30,"Beluga",2022,"16",181,c(-150.4850311, 61.2575607),43.0449517881684
"236",233812,2022-07-01,"Beluga",2022,"20",182,c(-150.4837189, 61.2575378),70.2105079660277
"237",233812,2022-07-03,"Beluga",2022,"12",184,c(-150.4834137, 61.2571526),45.8359311296646
"238",233812,2022-07-05,"Beluga",2022,"19",186,c(-150.4874115, 61.257946),231.254805949439
"239",233812,2022-07-09,"Beluga",2022,"12",190,c(-150.4871826, 61.257946),12.2393000155093
"240",233812,2022-07-11,"Beluga",2022,"19",192,c(-150.484955, 61.2599411),251.796811268962
"241",233812,2022-07-13,"Beluga",2022,"14",194,c(-150.483063, 61.2587395),167.587891953534
"242",233812,2022-07-15,"Beluga",2022,"25",196,c(-147.606003, 60.9575539),158141.941582646
"243",233812,2022-07-17,"Beluga",2022,"19",198,c(-145.360123, 60.2842484),143568.028825319
"244",233812,2022-07-19,"Beluga",2022,"23",200,c(-145.269257, 60.342411),8177.23698156729
"245",233812,2022-07-21,"Beluga",2022,"-1",202,c(-145.329773, 60.2831993),7379.46104893612
"246",233812,2022-07-23,"Beluga",2022,"0",204,c(-145.330368, 60.2818451),154.110810974726
"247",233812,2022-07-25,"Beluga",2022,"17",206,c(-144.22731, 60.1052284),64052.2323944723
"248",233812,2022-07-27,"Beluga",2022,"24",208,c(-144.178497, 60.1341057),4197.92211702977
"249",233812,2022-07-29,"Beluga",2022,"23",210,c(-145.665543, 60.3630981),85911.815720132
"250",233812,2022-07-31,"Beluga",2022,"23",212,c(-145.269089, 60.342617),21924.9032373816
"251",233812,2022-08-02,"Beluga",2022,"19",214,c(-145.431, 60.3812981),9887.68874776696
"252",233812,2022-08-04,"Beluga",2022,"45",216,c(-145.430878, 60.3826065),145.642066905112
"253",233812,2022-08-06,"Beluga",2022,"30",218,c(-145.431381, 60.3829117),43.7692535876397
"254",233813,2022-06-10,"Beluga",2022,"39",161,c(-151.0160828, 61.216526),NA
"255",233813,2022-06-15,"Beluga",2022,"33",166,c(-151.0161743, 61.2163963),15.231353206501
"256",233813,2022-06-20,"Beluga",2022,"36",171,c(-151.0158691, 61.2167282),40.3613802881107
"257",233813,2022-06-25,"Beluga",2022,"8",176,c(-150.9497681, 61.195713),4241.91997873233
"258",233813,2022-06-30,"Beluga",2022,"37",181,c(-151.0314941, 61.2091789),4626.60907933744
"259",233813,2022-07-01,"Beluga",2022,"31",182,c(-151.0453949, 61.2058258),832.616949693834
"260",233813,2022-07-03,"Beluga",2022,"35",184,c(-151.0218353, 61.2128639),1484.69068296137
"261",233813,2022-07-05,"Beluga",2022,"49",186,c(-151.0703735, 61.1756172),4890.4389500278
"262",233813,2022-07-07,"Beluga",2022,"34",188,c(-151.0318909, 61.2125816),4598.41824482892
"263",233813,2022-07-09,"Beluga",2022,"37",190,c(-151.0333557, 61.2115593),138.109945265002
"264",233813,2022-07-11,"Beluga",2022,"21",192,c(-150.9958038, 61.1841393),3652.85101259149
"265",233813,2022-07-13,"Beluga",2022,"10",194,c(-151.0410919, 61.1537552),4160.75467807529
"266",233813,2022-07-15,"Beluga",2022,"39",196,c(-151.026108, 61.2114296),6463.20166865231
"267",233813,2022-07-17,"Beluga",2022,"14",198,c(-150.994598, 61.178894),3992.30701251953
"268",233813,2022-07-19,"Beluga",2022,"38",200,c(-151.025497, 61.2110977),3945.04940580823
"269",233813,2022-07-21,"Beluga",2022,"13",202,c(-150.994629, 61.1774597),4089.70560766484
"270",233813,2022-07-23,"Beluga",2022,"11",204,c(-150.950363, 61.1980171),3294.32165857281
"271",233813,2022-07-25,"Beluga",2022,"12",206,c(-150.990326, 61.1812744),2837.57518810779
"272",233813,2022-07-27,"Beluga",2022,"40",208,c(-151.025848, 61.2122765),3937.6881934582
"273",233813,2022-07-29,"Beluga",2022,"11",210,c(-150.991013, 61.178688),4175.22403792031
"274",233813,2022-07-31,"Beluga",2022,"16",212,c(-150.990555, 61.1792259),64.6544665319325
"275",233813,2022-08-04,"Beluga",2022,"19",216,c(-145.440063, 60.3856773),313811.694923228
"276",233813,2022-08-06,"Beluga",2022,"111",218,c(-145.456085, 60.3929214),1193.20458163817
"277",233813,2022-08-08,"Beluga",2022,"35",220,c(-145.488525, 60.4000626),1950.84444856838
"278",233813,2022-08-10,"Beluga",2022,"20",222,c(-145.458984, 60.3684464),3872.24549324715
"279",233813,2022-08-12,"Beluga",2022,"24",224,c(-145.457428, 60.3726196),471.857475301875
"280",233813,2022-08-14,"Beluga",2022,"29",226,c(-145.45932, 60.3891068),1836.24208634627
"281",233813,2022-08-16,"Beluga",2022,"24",228,c(-145.457428, 60.3726196),1836.24208634627
"282",233813,2022-08-18,"Beluga",2022,"21",230,c(-145.457397, 60.3726196),1.70407348790782
"283",233813,2022-08-20,"Beluga",2022,"19",232,c(-145.457504, 60.372673),8.35782423451321
"284",233813,2022-08-22,"Beluga",2022,"31",234,c(-145.489365, 60.4001656),3522.82864785848
"285",233813,2022-08-24,"Beluga",2022,"246",236,c(-144.884567, 60.3204994),34417.7440254865
"286",233813,2022-08-26,"Beluga",2022,"25",238,c(-145.486481, 60.4006004),34276.8373458074
"287",233813,2022-08-28,"Beluga",2022,"1236",240,c(-119.194511, 43.2516975),2592810.20358232
"288",233813,2022-09-07,"Beluga",2022,"1230",250,c(-118.811378, 43.2952461),31394.1482577769
"289",233813,2022-09-09,"Beluga",2022,"1235",252,c(-118.792923, 43.2988014),1544.97508736921
"290",233813,2022-09-11,"Beluga",2022,"1240",254,c(-119.237389, 43.2450676),36477.5255064105
"291",233813,2022-09-13,"Beluga",2022,"1241",256,c(-119.261963, 43.2606087),2635.74542312833
"292",233813,2022-09-15,"Beluga",2022,"1237",258,c(-119.085175, 43.2470131),14396.9802455175
"293",233813,2022-09-17,"Beluga",2022,"299",260,c(-114.389465, 36.1287041),887287.242406882
"294",233813,2022-09-19,"Beluga",2022,"300",262,c(-114.474022, 36.1036148),8091.56503873014
"295",233813,2022-09-21,"Beluga",2022,"301",264,c(-114.473869, 36.1038971),34.2680029408529
"296",233813,2022-09-23,"Beluga",2022,"301",266,c(-114.473846, 36.1039238),3.61719566571002
"297",233813,2022-09-25,"Beluga",2022,"-18",268,c(-112.313766, 29.3374329),778995.289039279
"298",233813,2022-09-27,"Beluga",2022,"-22",270,c(-112.300606, 29.3343353),1321.35619991939
"299",233813,2022-09-29,"Beluga",2022,"-20",272,c(-112.30806, 29.3296509),890.757920045009
"300",233815,2022-06-05,"King_Salmon",2022,"21",156,c(-156.678772, 58.682663),NA
"301",233815,2022-06-10,"King_Salmon",2022,"42",161,c(-156.7088013, 58.7091331),3416.61905040454
"302",233815,2022-06-15,"King_Salmon",2022,"43",166,c(-156.719574, 58.7166061),1038.0215074723
"303",233815,2022-06-20,"King_Salmon",2022,"43",171,c(-156.7463531, 58.7210884),1624.48558596321
"304",233815,2022-06-25,"King_Salmon",2022,"38",176,c(-156.7435455, 58.7207794),165.693533408195
"305",233815,2022-06-30,"King_Salmon",2022,"38",181,c(-156.7436371, 58.7190666),190.528380506834
"306",233815,2022-07-01,"King_Salmon",2022,"37",182,c(-156.7348938, 58.7228546),657.432167780922
"307",233815,2022-07-03,"King_Salmon",2022,"51",184,c(-156.849823, 58.7716217),8565.34225079219
"308",233815,2022-07-05,"King_Salmon",2022,"50",186,c(-156.849823, 58.7721863),62.7807541246893
"309",233815,2022-07-07,"King_Salmon",2022,"58",188,c(-156.848938, 58.7674751),526.34117455469
"310",233815,2022-07-09,"King_Salmon",2022,"52",190,c(-156.840973, 58.7657585),497.330099575987
"311",233815,2022-07-11,"King_Salmon",2022,"51",192,c(-156.848526, 58.7665291),443.842595022029
"312",233815,2022-07-13,"King_Salmon",2022,"542",194,c(-122.860916, 38.0376701),3342603.69414775
"313",233815,2022-07-15,"King_Salmon",2022,"-22",196,c(-117.104988, 32.6097031),797742.898407331
"314",233815,2022-07-17,"King_Salmon",2022,"-23",198,c(-117.109879, 32.6364784),3012.31185908128
"315",233815,2022-07-19,"King_Salmon",2022,"-26",200,c(-117.111488, 32.6374016),182.31178181095
"316",233815,2022-07-21,"King_Salmon",2022,"-22",202,c(-117.111206, 32.6483841),1221.48561346307
"317",233815,2022-07-23,"King_Salmon",2022,"-32",204,c(-117.10936, 32.6488686),181.035003314771
"318",233815,2022-07-25,"King_Salmon",2022,"-27",206,c(-117.129486, 32.6076279),4957.97083782888
"319",233815,2022-07-27,"King_Salmon",2022,"-25",208,c(-117.097893, 32.6180725),3178.85094082326
"320",233815,2022-07-29,"King_Salmon",2022,"-31",210,c(-114.065269, 27.6838779),621240.405734893
"321",233815,2022-08-02,"King_Salmon",2022,"-36",214,c(-114.073257, 27.6776314),1049.3483519296
"322",233815,2022-08-04,"King_Salmon",2022,"-25",216,c(-114.059433, 27.6816521),1432.78549129244
"323",233815,2022-08-06,"King_Salmon",2022,"-3",218,c(-114.057487, 27.679142),338.55785075444
"324",233815,2022-08-08,"King_Salmon",2022,"-18",220,c(-114.059151, 27.679987),188.882344860866
"325",233815,2022-08-10,"King_Salmon",2022,"-27",222,c(-114.063889, 27.68713),921.147449342262
"326",233815,2022-08-12,"King_Salmon",2022,"-18",224,c(-114.040077, 27.6846714),2360.51287170285
"327",233815,2022-08-14,"King_Salmon",2022,"-31",226,c(-114.06015, 27.6923256),2151.89189535691
"328",233815,2022-08-16,"King_Salmon",2022,"-22",228,c(-114.079529, 27.680397),2323.85393918549
"329",233815,2022-08-18,"King_Salmon",2022,"-11",230,c(-114.07914, 27.6803207),39.2328432888688
"330",233815,2022-08-20,"King_Salmon",2022,"-29",232,c(-114.070389, 27.6844921),978.596920575326
"331",233815,2022-08-22,"King_Salmon",2022,"-31",234,c(-114.064011, 27.6872311),697.960313708147
"332",233815,2022-08-24,"King_Salmon",2022,"-34",236,c(-114.065834, 27.6834431),457.860249650231
"333",233815,2022-08-26,"King_Salmon",2022,"-33",238,c(-114.065704, 27.6832638),23.692858315551
"334",233815,2022-08-28,"King_Salmon",2022,"-19",240,c(-114.081367, 27.6775551),1667.84312334319
"335",233815,2022-08-30,"King_Salmon",2022,"-13",242,c(-114.064011, 27.6837769),1843.74691805501
"336",233815,2022-09-01,"King_Salmon",2022,"-13",244,c(-114.078705, 27.6796799),1516.91269237395
"337",233815,2022-09-03,"King_Salmon",2022,"-25",246,c(-114.065346, 27.6851845),1450.85793487331
"338",233815,2022-09-05,"King_Salmon",2022,"-33",248,c(-114.060402, 27.671257),1623.38911251513
"339",233815,2022-09-07,"King_Salmon",2022,"-17",250,c(-114.065315, 27.685236),1627.94318385551
"340",233815,2022-09-09,"King_Salmon",2022,"-34",252,c(-114.064781, 27.6834431),206.179064208083
"341",233815,2022-09-11,"King_Salmon",2022,"-16",254,c(-114.065117, 27.6825218),107.654025706666
"342",233815,2022-09-13,"King_Salmon",2022,"-26",256,c(-114.065521, 27.682394),42.2428062845972
"343",233815,2022-09-15,"King_Salmon",2022,"-21",258,c(-114.054108, 27.6880264),1286.51614619706
"344",233815,2022-09-17,"King_Salmon",2022,"-20",260,c(-114.065292, 27.6854649),1137.45305122879
"345",233815,2022-09-19,"King_Salmon",2022,"-28",262,c(-114.064629, 27.6843128),143.782514122097
"346",233815,2022-09-21,"King_Salmon",2022,"-20",264,c(-114.064911, 27.6847744),58.3570725068958
"347",233815,2022-09-23,"King_Salmon",2022,"-22",266,c(-114.067825, 27.6817017),446.169851388189
"348",233815,2022-09-25,"King_Salmon",2022,"-28",268,c(-114.080215, 27.6758919),1380.53103914964
"349",233815,2022-09-27,"King_Salmon",2022,"-27",270,c(-114.074379, 27.6787319),655.732623617765
"350",233816,2022-06-05,"King_Salmon",2022,"40",156,c(-156.7175598, 58.7134094),NA
"351",233816,2022-06-10,"King_Salmon",2022,"42",161,c(-156.7113342, 58.7135353),359.773718749078
"352",233816,2022-06-15,"King_Salmon",2022,"45",166,c(-156.713562, 58.7142525),151.358008768685
"353",233816,2022-06-20,"King_Salmon",2022,"42",171,c(-156.7127991, 58.7142029),44.3970939780635
"354",233816,2022-06-25,"King_Salmon",2022,"42",176,c(-156.7107239, 58.7146378),129.220407729205
"355",233816,2022-06-30,"King_Salmon",2022,"27",181,c(-156.9972076, 58.8073845),19475.2790813629
"356",233816,2022-07-01,"King_Salmon",2022,"24",182,c(-156.9969025, 58.8074112),17.8197061576808
"357",233816,2022-07-03,"King_Salmon",2022,"24",184,c(-157.0128021, 58.8027267),1053.50168225163
"358",233816,2022-07-05,"King_Salmon",2022,"18",186,c(-157.0827942, 58.7448196),7598.65923505318
"359",233816,2022-07-07,"King_Salmon",2022,"32",188,c(-157.0820007, 58.7463036),171.245949511938
"360",233816,2022-07-09,"King_Salmon",2022,"16",190,c(-157.081924, 58.7421074),466.617867177397
"361",233816,2022-07-11,"King_Salmon",2022,"23",192,c(-157.082352, 58.7428474),85.9100616869955
"362",233816,2022-07-15,"King_Salmon",2022,"-27",196,c(-120.84433, 35.3407097),3702104.37729861
"363",233816,2022-07-17,"King_Salmon",2022,"-24",198,c(-120.843124, 35.3417091),155.934428246077
"364",233816,2022-07-19,"King_Salmon",2022,"-21",200,c(-120.842583, 35.3436546),221.825550449066
"365",233816,2022-07-21,"King_Salmon",2022,"-30",202,c(-120.842766, 35.3437576),20.1662885276076
"366",233816,2022-07-23,"King_Salmon",2022,"-27",204,c(-120.843658, 35.3442955),100.613804508042
"367",233816,2022-07-25,"King_Salmon",2022,"-19",206,c(-110.341133, 27.1929989),1346708.94067011
"368",233816,2022-07-27,"King_Salmon",2022,"-25",208,c(-109.776245, 26.7705212),73076.1664204915
"369",233816,2022-07-29,"King_Salmon",2022,"-20",210,c(-109.773811, 26.7693958),272.121807506105
"370",233816,2022-07-31,"King_Salmon",2022,"-20",212,c(-109.822655, 26.787878),5266.28981877511
"371",233816,2022-08-02,"King_Salmon",2022,"-24",214,c(-109.776344, 26.7682953),5086.91984735155
"372",233816,2022-08-04,"King_Salmon",2022,"-21",216,c(-109.822403, 26.7825031),4837.63736341114
"373",233816,2022-08-06,"King_Salmon",2022,"-28",218,c(-109.780952, 26.7666302),4477.52884408466
"374",233816,2022-08-08,"King_Salmon",2022,"-16",220,c(-109.823273, 26.7876472),4807.49974200806
"375",233816,2022-08-10,"King_Salmon",2022,"-22",222,c(-109.811264, 26.7901573),1224.26460750848
"376",233816,2022-08-12,"King_Salmon",2022,"-24",224,c(-109.821556, 26.7870083),1079.93770977786
"377",233816,2022-08-14,"King_Salmon",2022,"-14",226,c(-109.823502, 26.7883129),241.570154109201
"378",233816,2022-08-16,"King_Salmon",2022,"-21",228,c(-109.821091, 26.7867775),293.977622614925
"379",233816,2022-08-18,"King_Salmon",2022,"-14",230,c(-109.824547, 26.7869816),343.801596032839
"380",233816,2022-08-20,"King_Salmon",2022,"-18",232,c(-109.823753, 26.787878),127.070197612523
"381",233816,2022-08-22,"King_Salmon",2022,"-19",234,c(-109.823318, 26.7869568),111.161750242888
"382",233816,2022-08-24,"King_Salmon",2022,"-21",236,c(-109.824371, 26.7873669),114.037640414467
"383",233816,2022-08-26,"King_Salmon",2022,"-26",238,c(-109.82296, 26.7874947),140.777999454801
"384",233816,2022-08-28,"King_Salmon",2022,"-20",240,c(-109.82235, 26.7876472),62.8795067215511
"385",233816,2022-08-30,"King_Salmon",2022,"-26",242,c(-109.824806, 26.7863426),283.684470770126
"386",233816,2022-09-01,"King_Salmon",2022,"-21",244,c(-109.821732, 26.7871876),319.272647968482
"387",233816,2022-09-03,"King_Salmon",2022,"0",246,c(-109.819305, 26.7868538),243.752673214785
"388",233816,2022-09-05,"King_Salmon",2022,"-19",248,c(-109.823166, 26.7872124),385.321309134441
"389",233816,2022-09-07,"King_Salmon",2022,"-28",250,c(-109.804787, 26.8004475),2343.85913925533
"390",233816,2022-09-09,"King_Salmon",2022,"-19",252,c(-109.814156, 26.7872391),1738.35719424957
"391",233816,2022-09-11,"King_Salmon",2022,"-24",254,c(-109.821915, 26.7870331),770.517705355146
"392",233816,2022-09-13,"King_Salmon",2022,"-17",256,c(-109.811928, 26.7866745),992.137909714734
"393",233816,2022-09-15,"King_Salmon",2022,"-15",258,c(-109.811958, 26.786726),6.45454435059013
"394",233816,2022-09-17,"King_Salmon",2022,"-10",260,c(-109.811699, 26.7958908),1019.4050756741
"395",233816,2022-09-19,"King_Salmon",2022,"-22",262,c(-109.803223, 26.7963257),842.670520270916
"396",233817,2022-06-05,"King_Salmon",2022,"40",156,c(-156.7088013, 58.7091064),NA
"397",233817,2022-06-10,"King_Salmon",2022,"42",161,c(-156.7088013, 58.709671),62.7807541232121
"398",233817,2022-06-15,"King_Salmon",2022,"42",166,c(-156.7087708, 58.7091331),59.8377764588801
"399",233817,2022-06-20,"King_Salmon",2022,"42",171,c(-156.7304535, 58.7205238),1780.96486102812
"400",233817,2022-06-25,"King_Salmon",2022,"40",176,c(-156.7137451, 58.7236481),1025.25207099713
"401",233817,2022-06-30,"King_Salmon",2022,"39",181,c(-156.7302551, 58.7204208),1018.46345072474
"402",233817,2022-07-01,"King_Salmon",2022,"37",182,c(-156.7291565, 58.7199097),85.1637264154875
"403",233817,2022-07-03,"King_Salmon",2022,"37",184,c(-156.7302246, 58.7204475),85.9002408366929
"404",233817,2022-07-05,"King_Salmon",2022,"1297",186,c(-142.8343201, 49.2754555),1383042.84736309
"405",233817,2022-07-07,"King_Salmon",2022,"1363",188,c(-123.8762589, 40.7041168),1761914.92407505
"406",233817,2022-07-09,"King_Salmon",2022,"-29",190,c(-122.216232, 37.7471619),358526.627632001
"407",233817,2022-07-11,"King_Salmon",2022,"-21",192,c(-122.216919, 37.7470856),60.9968658833886
"408",233817,2022-07-13,"King_Salmon",2022,"-20",194,c(-122.215332, 37.746521),153.009201048998
"409",233817,2022-07-15,"King_Salmon",2022,"-21",196,c(-122.215408, 37.7442436),253.323875827263
"410",233817,2022-07-17,"King_Salmon",2022,"-22",198,c(-122.216331, 37.7468796),304.137961331628
"411",233817,2022-07-19,"King_Salmon",2022,"-22",200,c(-117.097847, 32.6181488),735672.097829605
"412",233817,2022-07-21,"King_Salmon",2022,"-27",202,c(-112.195824, 28.9739132),619070.454935056
"413",233817,2022-07-23,"King_Salmon",2022,"-27",204,c(-112.198128, 28.9735031),228.720813060766
"414",233817,2022-07-25,"King_Salmon",2022,"-32",206,c(-112.195442, 28.9736328),261.687188063034
"415",233817,2022-07-27,"King_Salmon",2022,"-26",208,c(-111.907646, 28.8271751),32405.443114721
"416",233817,2022-07-29,"King_Salmon",2022,"-24",210,c(-111.906677, 28.8270473),95.4594450272286
"417",233817,2022-07-31,"King_Salmon",2022,"-28",212,c(-111.907188, 28.8273544),60.3661424457047
"418",233817,2022-08-02,"King_Salmon",2022,"-30",214,c(-111.908211, 28.8269176),110.862088225565
"419",233817,2022-08-04,"King_Salmon",2022,"-18",216,c(-107.944176, 24.7619705),599153.684821257
"420",233817,2022-08-06,"King_Salmon",2022,"-19",218,c(-107.652412, 24.5047932),41078.5939186534
"421",233817,2022-08-08,"King_Salmon",2022,"-11",220,c(-107.670647, 24.528244),3194.22335869062
"422",233817,2022-08-10,"King_Salmon",2022,"-24",222,c(-107.659813, 24.5505409),2710.70128523432
"423",233817,2022-08-12,"King_Salmon",2022,"-17",224,c(-107.662857, 24.5321865),2064.01416710594
"424",233817,2022-08-14,"King_Salmon",2022,"-18",226,c(-107.656746, 24.534029),651.234234707539
"425",233817,2022-08-16,"King_Salmon",2022,"-18",228,c(-107.656975, 24.5400696),672.08443534252
"426",233817,2022-08-18,"King_Salmon",2022,"-7",230,c(-107.666496, 24.5419388),985.224550507679
"427",233817,2022-08-20,"King_Salmon",2022,"-20",232,c(-107.911255, 24.7649403),35024.3265404609
"428",233817,2022-08-22,"King_Salmon",2022,"-1",234,c(-107.968086, 24.7571068),5804.07951115079
"429",233817,2022-08-24,"King_Salmon",2022,"-17",236,c(-107.967888, 24.7569542),26.22309200254
"430",233817,2022-08-26,"King_Salmon",2022,"-6",238,c(-107.914505, 24.7670135),5504.98755278643
"431",233817,2022-08-28,"King_Salmon",2022,"-15",240,c(-107.967812, 24.7572346),5491.20906493905
"432",233817,2022-09-03,"King_Salmon",2022,"-27",246,c(-107.967934, 24.7571068),18.8069727674435
"433",233817,2022-09-05,"King_Salmon",2022,"-21",248,c(-107.966476, 24.7604351),398.297407418623
"434",233818,2022-06-05,"King_Salmon",2022,"38",156,c(-156.7175293, 58.7133827),NA
"435",233818,2022-06-10,"King_Salmon",2022,"43",161,c(-156.7113342, 58.7135353),358.142335062639
"436",233818,2022-06-15,"King_Salmon",2022,"36",166,c(-156.7233124, 58.6617966),5794.58253957865
"437",233818,2022-06-20,"King_Salmon",2022,"25",171,c(-157.6691132, 57.5168915),138912.798866621
"438",233818,2022-06-25,"King_Salmon",2022,"26",176,c(-157.6623993, 57.5095406),910.439174869755
"439",233818,2022-06-30,"King_Salmon",2022,"39",181,c(-156.7095947, 58.7403374),147848.827164851
"440",233818,2022-07-01,"King_Salmon",2022,"42",182,c(-156.6776886, 58.7373428),1870.96543330762
"441",233818,2022-07-03,"King_Salmon",2022,"28",184,c(-157.0317383, 58.9485435),31087.0006540529
"442",233818,2022-07-05,"King_Salmon",2022,"25",186,c(-157.0393677, 58.9240723),2756.06255136853
"443",233818,2022-07-07,"King_Salmon",2022,"4",188,c(-157.0307465, 58.9217682),557.230724811843
"444",233818,2022-07-09,"King_Salmon",2022,"22",190,c(-157.035049, 58.9256592),498.175133882919
"445",233818,2022-07-11,"King_Salmon",2022,"23",192,c(-156.989532, 58.8614006),7608.65708867516
"446",233818,2022-07-13,"King_Salmon",2022,"-27",194,c(-124.116394, 40.8461685),3039518.96154179
"447",233818,2022-07-15,"King_Salmon",2022,"-24",196,c(-124.174324, 40.8222084),5554.37778085034
"448",233818,2022-07-17,"King_Salmon",2022,"-21",198,c(-124.171326, 40.8279419),685.629661639984
"449",233818,2022-07-19,"King_Salmon",2022,"-20",200,c(-124.169205, 40.8176765),1155.33033651726
"450",233818,2022-07-21,"King_Salmon",2022,"-20",202,c(-124.170563, 40.8300171),1376.96370000799
"451",233818,2022-07-23,"King_Salmon",2022,"-22",204,c(-124.155075, 40.8580208),3375.43531776642
"452",233818,2022-07-25,"King_Salmon",2022,"-30",206,c(-114.063217, 28.1512833),1685918.78597308
"453",233818,2022-07-27,"King_Salmon",2022,"-27",208,c(-114.053749, 28.1579647),1188.93286491209
"454",233818,2022-07-29,"King_Salmon",2022,"-28",210,c(-114.236938, 27.7004414),53963.8335573466
"455",233818,2022-07-31,"King_Salmon",2022,"-32",212,c(-114.23671, 27.7009277),58.5480563350543
"456",233818,2022-08-02,"King_Salmon",2022,"-32",214,c(-114.229721, 27.7087097),1105.52585853286
"457",233818,2022-08-04,"King_Salmon",2022,"-27",216,c(-114.237526, 27.7007751),1169.97485243476
"458",233818,2022-08-06,"King_Salmon",2022,"-27",218,c(-114.24247, 27.7017727),499.218544127356
"459",233818,2022-08-08,"King_Salmon",2022,"-29",220,c(-114.240982, 27.7014904),149.81893738054
"460",233818,2022-08-10,"King_Salmon",2022,"-31",222,c(-114.236687, 27.6999035),458.18714620102
"461",233818,2022-08-12,"King_Salmon",2022,"-32",224,c(-114.236458, 27.7011833),144.082305892509
"462",233818,2022-08-14,"King_Salmon",2022,"-32",226,c(-114.234482, 27.7013378),195.294880494003
"463",233818,2022-08-16,"King_Salmon",2022,"-23",228,c(-114.236534, 27.700058),247.111162378094
"464",233818,2022-08-18,"King_Salmon",2022,"-29",230,c(-114.239754, 27.699852),317.840226697388
"465",233818,2022-08-20,"King_Salmon",2022,"-26",232,c(-114.239502, 27.699852),24.8097949629416
"466",233818,2022-08-22,"King_Salmon",2022,"-35",234,c(-114.236275, 27.7002888),321.393794368563
"467",233818,2022-08-24,"King_Salmon",2022,"-28",236,c(-114.236427, 27.700058),29.7081001643098
"468",233818,2022-08-26,"King_Salmon",2022,"-34",238,c(-114.235939, 27.7014408),161.091715523898
"469",233818,2022-08-28,"King_Salmon",2022,"-28",240,c(-114.224861, 27.7062531),1214.80825754504
"470",233818,2022-08-30,"King_Salmon",2022,"0",242,c(-114.236816, 27.6998272),1376.87039133888
"471",233818,2022-09-01,"King_Salmon",2022,"-24",244,c(-114.236481, 27.6996727),37.1874532131045
"472",233818,2022-09-03,"King_Salmon",2022,"-31",246,c(-114.243111, 27.7020283),703.321888862651
"473",233818,2022-09-05,"King_Salmon",2022,"-27",248,c(-114.244034, 27.7008514),159.32057083767
"474",233818,2022-09-07,"King_Salmon",2022,"-28",250,c(-114.237122, 27.7006969),680.708306562108
"475",233818,2022-09-09,"King_Salmon",2022,"-23",252,c(-114.244003, 27.704998),829.241023020855
"476",233818,2022-09-11,"King_Salmon",2022,"-33",254,c(-114.237251, 27.7023354),727.675273777937
"477",233818,2022-09-13,"King_Salmon",2022,"-22",256,c(-114.222961, 27.709734),1629.68792372703
"478",233818,2022-09-15,"King_Salmon",2022,"-24",258,c(-114.228157, 27.7123203),586.803834227732
"479",233818,2022-09-17,"King_Salmon",2022,"-20",260,c(-114.239426, 27.6994686),1809.12057751951
"480",233818,2022-09-19,"King_Salmon",2022,"-17",262,c(-114.236427, 27.7000828),303.052343900881
"481",233818,2022-09-23,"King_Salmon",2022,"-13",266,c(-114.23661, 27.699955),22.9465284561195
"482",233818,2022-09-25,"King_Salmon",2022,"-25",268,c(-114.227264, 27.7052803),1094.1808146812
"483",233818,2022-09-27,"King_Salmon",2022,"-25",270,c(-114.224655, 27.7064571),288.258093327417
"484",233819,2022-06-05,"King_Salmon",2022,"32",156,c(-156.6592407, 58.709671),NA
"485",233819,2022-06-10,"King_Salmon",2022,"0",161,c(-156.9867859, 58.7485809),19394.5328484523
"486",233819,2022-06-15,"King_Salmon",2022,"46",166,c(-156.8725128, 58.6745987),10546.2345680453
"487",233819,2022-06-20,"King_Salmon",2022,"20",171,c(-157.0854034, 58.751194),14955.7534824064
"488",233819,2022-06-25,"King_Salmon",2022,"21",176,c(-157.0733185, 58.7415924),1275.1285169746
"489",233819,2022-06-30,"King_Salmon",2022,"23",181,c(-156.9961395, 58.8089218),8708.77821331319
"490",233819,2022-07-01,"King_Salmon",2022,"25",182,c(-156.9962158, 58.8089981),9.55446475212918
"491",233819,2022-07-03,"King_Salmon",2022,"23",184,c(-156.998642, 58.8085136),149.74569155244
"492",233819,2022-07-05,"King_Salmon",2022,"24",186,c(-157.0778198, 58.746254),8291.89062755295
"493",233819,2022-07-07,"King_Salmon",2022,"19",188,c(-157.0675812, 58.7454834),596.866961316395
"494",233819,2022-07-09,"King_Salmon",2022,"17",190,c(-157.082336, 58.7504768),1016.26862280332
"495",233819,2022-07-11,"King_Salmon",2022,"24",192,c(-157.009811, 58.8045425),7322.3700332832
"496",233819,2022-07-13,"King_Salmon",2022,"757",194,c(-123.200729, 36.3498116),3490479.32968838
"497",233819,2022-07-15,"King_Salmon",2022,"-30",196,c(-117.104935, 32.6090622),696315.281350719
"498",233819,2022-07-17,"King_Salmon",2022,"-34",198,c(-117.09951, 32.6191483),1231.25927411226
"499",233819,2022-07-19,"King_Salmon",2022,"-23",200,c(-117.097969, 32.6184311),164.893064998167
"500",233819,2022-07-21,"King_Salmon",2022,"-28",202,c(-117.106903, 32.6134148),1005.62966772965
"501",233819,2022-07-23,"King_Salmon",2022,"-29",204,c(-117.106674, 32.6130829),42.6857912109303
"502",233819,2022-07-25,"King_Salmon",2022,"-28",206,c(-117.115997, 32.6465149),3818.61814780504
"503",233819,2022-07-27,"King_Salmon",2022,"-26",208,c(-117.114944, 32.6471291),119.934594872542
"504",233819,2022-07-29,"King_Salmon",2022,"-28",210,c(-113.921906, 31.6261253),321353.157208468
"505",233819,2022-07-31,"King_Salmon",2022,"-25",212,c(-113.926231, 31.6220036),614.610062336893
"506",233819,2022-08-02,"King_Salmon",2022,"-24",214,c(-113.925415, 31.6235142),184.888866305372
"507",233819,2022-08-04,"King_Salmon",2022,"-20",216,c(-113.922829, 31.6229),254.199875311459
"508",233819,2022-08-06,"King_Salmon",2022,"-32",218,c(-113.909798, 31.6243076),1243.71329136879
"509",233819,2022-08-08,"King_Salmon",2022,"0",220,c(-113.922829, 31.6272774),1277.22479932564
"510",233819,2022-08-10,"King_Salmon",2022,"-22",222,c(-113.922546, 31.6268158),57.9005685813875
"511",233819,2022-08-14,"King_Salmon",2022,"-25",226,c(-113.91095, 31.6403065),1858.90937895282
"512",233819,2022-08-16,"King_Salmon",2022,"-26",228,c(-113.925621, 31.6244602),2243.65917014723
"513",233819,2022-08-18,"King_Salmon",2022,"-17",230,c(-113.920547, 31.628788),679.982713811734
"514",233819,2022-08-20,"King_Salmon",2022,"-30",232,c(-113.909821, 31.6236935),1162.86100548457
"515",233819,2022-08-22,"King_Salmon",2022,"-26",234,c(-113.910515, 31.6248188),141.332231550399
"516",233819,2022-08-24,"King_Salmon",2022,"-15",236,c(-113.920677, 31.6263561),977.223743289736
"517",233819,2022-08-26,"King_Salmon",2022,"-23",238,c(-113.922653, 31.6273022),214.638336687252
"518",233819,2022-08-28,"King_Salmon",2022,"-30",240,c(-113.921753, 31.6266365),112.873790468697
"519",233819,2022-08-30,"King_Salmon",2022,"-26",242,c(-113.921165, 31.6290169),270.480120159293
"520",233819,2022-09-01,"King_Salmon",2022,"-22",244,c(-113.922806, 31.6245632),519.030335187357
"521",233819,2022-09-03,"King_Salmon",2022,"-22",246,c(-113.921806, 31.6270466),291.922874082895
"522",233819,2022-09-05,"King_Salmon",2022,"-26",248,c(-113.920883, 31.6272774),91.0802861578829
"523",233819,2022-09-07,"King_Salmon",2022,"-15",250,c(-113.922653, 31.6272774),167.583800392761
"524",233819,2022-09-09,"King_Salmon",2022,"-23",252,c(-113.922653, 31.6268425),48.35874950172
"525",233819,2022-09-11,"King_Salmon",2022,"-25",254,c(-113.920425, 31.629324),347.326516779599
"526",233819,2022-09-15,"King_Salmon",2022,"-17",258,c(-113.922058, 31.6237431),639.539683883731
"527",233819,2022-09-17,"King_Salmon",2022,"-23",260,c(-110.55835, 27.4519176),566556.946273123
"528",233819,2022-09-19,"King_Salmon",2022,"-25",262,c(-110.245361, 27.1647625),44450.3660068675
"529",233819,2022-09-21,"King_Salmon",2022,"-7",264,c(-110.133827, 27.1304569),11676.4326954467
"530",233819,2022-09-23,"King_Salmon",2022,"-18",266,c(-110.235741, 27.1688328),10949.447387837
"531",233819,2022-09-25,"King_Salmon",2022,"-7",268,c(-110.260925, 27.1555977),2893.69258329909
"532",233819,2022-09-27,"King_Salmon",2022,"-21",270,c(-110.245949, 27.1670399),1952.94410232455
"533",233819,2022-09-29,"King_Salmon",2022,"-5",272,c(-110.140991, 27.1291256),11208.158049204
"534",233820,2022-06-10,"King_Salmon",2022,"40",161,c(-156.7117767, 58.7160721),NA
"535",233820,2022-06-15,"King_Salmon",2022,"46",166,c(-156.7146606, 58.7175827),236.520911520021
"536",233820,2022-06-20,"King_Salmon",2022,"43",171,c(-156.7148895, 58.7174797),17.4884980757652
"537",233820,2022-06-25,"King_Salmon",2022,"28",176,c(-156.6282349, 58.6470795),9293.23191899914
"538",233820,2022-06-30,"King_Salmon",2022,"1977",181,c(-142.4147339, 53.1137657),1075697.97419901
"539",233820,2022-07-01,"King_Salmon",2022,"795",182,c(-127.3301926, 42.4985199),1625257.93813563
"540",233820,2022-07-03,"King_Salmon",2022,"-35",184,c(-122.1691742, 37.6786804),692522.058729193
"541",233820,2022-07-05,"King_Salmon",2022,"-22",186,c(-122.1126785, 37.5638924),13699.4349419227
"542",233820,2022-07-07,"King_Salmon",2022,"-22",188,c(-122.248024, 37.5213699),12835.5803277074
"543",233820,2022-07-09,"King_Salmon",2022,"-28",190,c(-122.116135, 37.5652237),12609.1754887202
"544",233820,2022-07-11,"King_Salmon",2022,"-29",192,c(-122.245796, 37.5187836),12544.0639390058
"545",233820,2022-07-13,"King_Salmon",2022,"-18",194,c(-122.248642, 37.5211143),360.784438008693
"546",233820,2022-07-15,"King_Salmon",2022,"-20",196,c(-122.138405, 37.6046219),13440.0517092617
"547",233820,2022-07-17,"King_Salmon",2022,"-21",198,c(-122.116341, 37.5653),4785.16775438428
"548",233820,2022-07-19,"King_Salmon",2022,"-23",200,c(-122.237968, 37.5052147),12635.3946175703
"549",233820,2022-07-21,"King_Salmon",2022,"2386",202,c(-115.127281, 29.5982971),1097924.59146854
"550",233820,2022-07-23,"King_Salmon",2022,"-26",204,c(-113.068787, 26.6279297),387082.72637638
"551",233820,2022-07-25,"King_Salmon",2022,"-24",206,c(-109.374374, 25.8602886),378195.755546016
"552",233820,2022-07-27,"King_Salmon",2022,"-1",208,c(-108.033882, 25.0537338),161726.881877901
"553",233820,2022-07-29,"King_Salmon",2022,"-26",210,c(-108.034164, 25.0538368),30.6286072535974
"554",233820,2022-07-31,"King_Salmon",2022,"-16",212,c(-108.033981, 25.0537605),20.2927982534109
"555",233820,2022-08-02,"King_Salmon",2022,"-16",214,c(-108.034447, 25.0534534),58.0482350561729
"556",233820,2022-08-04,"King_Salmon",2022,"-17",216,c(-108.034416, 25.0538883),48.4594679832829
"557",233820,2022-08-06,"King_Salmon",2022,"-19",218,c(-108.034676, 25.0529156),111.285310983629
"558",233820,2022-08-08,"King_Salmon",2022,"-15",220,c(-108.033936, 25.0539913),140.938818131099
"559",233820,2022-08-10,"King_Salmon",2022,"0",222,c(-108.033546, 25.0539646),39.3977648654419
"560",233820,2022-08-12,"King_Salmon",2022,"-22",224,c(-108.043304, 25.0288773),2957.73073631369
"561",233820,2022-08-14,"King_Salmon",2022,"-14",226,c(-108.043633, 25.0317192),317.739106220784
"562",233820,2022-08-16,"King_Salmon",2022,"-25",228,c(-108.042992, 25.0345592),322.329895293325
"563",233820,2022-08-18,"King_Salmon",2022,"-13",230,c(-108.041641, 25.032999),220.508832569033
"564",233820,2022-08-20,"King_Salmon",2022,"-23",232,c(-108.039307, 25.0289288),510.031221056031
"565",233820,2022-08-22,"King_Salmon",2022,"-18",234,c(-108.04438, 25.0629768),3820.30722814553
"566",233820,2022-08-24,"King_Salmon",2022,"-25",236,c(-108.034164, 25.0537605),1452.29824279102
"567",233820,2022-08-26,"King_Salmon",2022,"-13",238,c(-108.034058, 25.0539131),20.0484017402299
"568",233820,2022-08-28,"King_Salmon",2022,"-16",240,c(-108.033905, 25.0541439),29.9360104096164
"569",233820,2022-08-30,"King_Salmon",2022,"-22",242,c(-108.035133, 25.0477695),719.515618191361
"570",233820,2022-09-03,"King_Salmon",2022,"-21",246,c(-108.034851, 25.0468731),103.644519714383
"571",233820,2022-09-05,"King_Salmon",2022,"-13",248,c(-108.034264, 25.0538883),782.293894539779
"572",233820,2022-09-07,"King_Salmon",2022,"-20",250,c(-108.035316, 25.0476418),702.617994338905
"573",233820,2022-09-09,"King_Salmon",2022,"-18",252,c(-108.035088, 25.0466423),113.488032063721
"574",233820,2022-09-11,"King_Salmon",2022,"-11",254,c(-108.035088, 25.0462589),42.6322017908234
"575",233820,2022-09-13,"King_Salmon",2022,"-5",256,c(-108.035164, 25.04846),244.87125346139
"576",233820,2022-09-15,"King_Salmon",2022,"-10",258,c(-108.034698, 25.0456696),313.809951977288
"577",233821,2022-06-05,"King_Salmon",2022,"43",156,c(-156.6173096, 58.6880112),NA
"578",233821,2022-06-10,"King_Salmon",2022,"48",161,c(-156.6179962, 58.6871414),104.539895194636
"579",233821,2022-06-15,"King_Salmon",2022,"45",166,c(-156.6179962, 58.6871414),0
"580",233821,2022-06-20,"King_Salmon",2022,"45",171,c(-156.6179657, 58.6871414),1.76257370175351
"581",233821,2022-06-25,"King_Salmon",2022,"47",176,c(-156.6179657, 58.6871681),2.9689092012748
"582",233821,2022-06-30,"King_Salmon",2022,"43",181,c(-156.6179657, 58.6871185),5.51527701880787
"583",233821,2022-07-01,"King_Salmon",2022,"44",182,c(-156.6179657, 58.6871414),2.54636781753307
"584",233821,2022-07-03,"King_Salmon",2022,"39",184,c(-156.6170044, 58.687809),92.7185261349604
"585",233821,2022-07-05,"King_Salmon",2022,"44",186,c(-156.6007996, 58.6883469),938.347105584325
"586",233821,2022-07-07,"King_Salmon",2022,"0",188,c(-156.6026917, 58.6874733),146.25861294607
"587",233821,2022-07-09,"King_Salmon",2022,"38",190,c(-156.602325, 58.6871185),44.7831532179019
"588",233821,2022-07-11,"King_Salmon",2022,"42",192,c(-156.600128, 58.6935921),730.941609797258
"589",233821,2022-07-13,"King_Salmon",2022,"-1",194,c(-156.601868, 58.6879883),631.174543231436
"590",233821,2022-07-15,"King_Salmon",2022,"51",196,c(-156.601822, 58.6879883),2.65824328515979
"591",233821,2022-07-17,"King_Salmon",2022,"20",198,c(-157.00351, 58.8076668),26722.1055981965
"592",233821,2022-07-19,"King_Salmon",2022,"-2",200,c(-157.069382, 58.7320442),9226.6551305611
"593",233821,2022-07-23,"King_Salmon",2022,"19",204,c(-157.08197, 58.7476616),1882.36302740225
"594",233821,2022-07-25,"King_Salmon",2022,"15",206,c(-157.07019, 58.7358093),1482.86458373439
"595",233821,2022-07-27,"King_Salmon",2022,"0",208,c(-157.066055, 58.7354736),241.528132725225
"596",233821,2022-07-29,"King_Salmon",2022,"26",210,c(-157.039581, 58.7854958),5767.93917960726
"597",233821,2022-07-31,"King_Salmon",2022,"9",212,c(-157.03894, 58.7864685),114.292939274993
"598",233821,2022-08-02,"King_Salmon",2022,"26",214,c(-157.036041, 58.7880325),241.143119399563
"599",233821,2022-08-06,"King_Salmon",2022,"-30",218,c(-116.608986, 31.7766018),4248945.73214158
"600",233821,2022-08-08,"King_Salmon",2022,"-24",220,c(-116.615105, 31.7651081),1402.85445266473
"601",233821,2022-08-10,"King_Salmon",2022,"-30",222,c(-110.907532, 27.8904457),698906.72320538
"602",233821,2022-08-12,"King_Salmon",2022,"-31",224,c(-110.464859, 27.3187447),77096.3575141851
"603",233821,2022-08-14,"King_Salmon",2022,"-18",226,c(-110.464806, 27.3188992),17.9598498527579
"604",233821,2022-08-16,"King_Salmon",2022,"-18",228,c(-110.464729, 27.3192577),40.5827722585827
"605",233821,2022-08-18,"King_Salmon",2022,"-23",230,c(-110.459099, 27.3152637),711.765127448631
"606",233821,2022-08-20,"King_Salmon",2022,"-22",232,c(-110.464294, 27.3158779),517.769358675426
"607",233821,2022-08-22,"King_Salmon",2022,"-24",234,c(-110.449776, 27.3263226),1845.51327475925
"608",233821,2022-08-24,"King_Salmon",2022,"-15",236,c(-110.451881, 27.3262711),208.024345922261
"609",233821,2022-08-26,"King_Salmon",2022,"-24",238,c(-110.462219, 27.3204861),1206.98125311239
"610",233821,2022-08-30,"King_Salmon",2022,"-49",242,c(-110.451057, 27.3224316),1123.72229641412
"611",233821,2022-09-01,"King_Salmon",2022,"-15",244,c(-110.461708, 27.3184891),1139.89951508669
"612",233821,2022-09-03,"King_Salmon",2022,"-17",246,c(-110.461014, 27.3184643),68.618076250329
"613",233821,2022-09-05,"King_Salmon",2022,"-26",248,c(-110.454262, 27.3273468),1191.82926591771
"614",233821,2022-09-07,"King_Salmon",2022,"-28",250,c(-110.458557, 27.3217926),749.303246512165
"615",233821,2022-09-09,"King_Salmon",2022,"-20",252,c(-110.451035, 27.3267078),922.436328050446
"616",233821,2022-09-11,"King_Salmon",2022,"-23",254,c(-110.461861, 27.3220215),1189.67556974321
"617",233821,2022-09-13,"King_Salmon",2022,"0",256,c(-110.460609, 27.3181572),447.138870659138
"618",233821,2022-09-15,"King_Salmon",2022,"-17",258,c(-110.461761, 27.3184128),117.305363376358
"619",233821,2022-09-17,"King_Salmon",2022,"-18",260,c(-110.461502, 27.3187447),44.9081973932066
"620",233821,2022-09-19,"King_Salmon",2022,"-27",262,c(-110.462273, 27.3186169),77.483883868428
"621",233823,2022-06-25,"King_Salmon",2022,"23",176,c(-156.6282043, 58.6470528),NA
"622",233823,2022-06-30,"King_Salmon",2022,"1976",181,c(-142.4148102, 53.1137161),1075694.70646923
"623",233823,2022-07-01,"King_Salmon",2022,"796",182,c(-127.3302689, 42.4987259),1625236.36618216
"624",233823,2022-07-03,"King_Salmon",2022,"-20",184,c(-122.1436005, 37.6437378),696994.813187416
"625",233823,2022-07-05,"King_Salmon",2022,"-27",186,c(-122.1445007, 37.6439934),84.2014173855933
"626",233823,2022-07-07,"King_Salmon",2022,"-24",188,c(-122.0525665, 37.4925194),18690.8147750305
"627",233823,2022-07-09,"King_Salmon",2022,"-29",190,c(-118.043816, 33.6950645),556369.329592933
"628",233823,2022-07-11,"King_Salmon",2022,"-27",192,c(-114.014481, 31.5171204),448382.292173996
"629",233823,2022-07-13,"King_Salmon",2022,"-24",194,c(-113.929047, 31.5932026),11709.087191333
"630",233823,2022-07-15,"King_Salmon",2022,"-23",196,c(-113.936089, 31.6410503),5362.05271862804
"631",233823,2022-07-17,"King_Salmon",2022,"-22",198,c(-113.938698, 31.6295547),1301.89972023625
"632",233823,2022-07-19,"King_Salmon",2022,"-18",200,c(-113.931892, 31.6104317),2221.8946265905
"633",233823,2022-07-21,"King_Salmon",2022,"-24",202,c(-113.929642, 31.59305),1944.4710307702
"634",233823,2022-07-23,"King_Salmon",2022,"-10",204,c(-113.928566, 31.5948162),221.260578364594
"635",233823,2022-07-25,"King_Salmon",2022,"-24",206,c(-113.930305, 31.5919743),356.354214652179
"636",233823,2022-07-27,"King_Salmon",2022,"-30",208,c(-113.929794, 31.5915394),68.4187746797784
"637",233823,2022-07-29,"King_Salmon",2022,"-29",210,c(-113.931328, 31.6064644),1665.933942406
"638",233823,2022-07-31,"King_Salmon",2022,"-24",212,c(-113.932762, 31.6108932),510.841377399882
"639",233823,2022-08-02,"King_Salmon",2022,"-26",214,c(-113.934631, 31.6133251),323.184941415655
"640",233823,2022-08-04,"King_Salmon",2022,"-25",216,c(-113.927155, 31.6071815),983.810138673163
"641",233823,2022-08-06,"King_Salmon",2022,"-18",218,c(-113.929893, 31.5927944),1620.65478684898
"642",233823,2022-08-08,"King_Salmon",2022,"-39",220,c(-113.920753, 31.5917435),873.55282082177
"643",233823,2022-08-10,"King_Salmon",2022,"-26",222,c(-113.922035, 31.5950985),392.322877219567
"644",233823,2022-08-12,"King_Salmon",2022,"-23",224,c(-113.932686, 31.6129913),2230.67924904788
"645",233823,2022-08-14,"King_Salmon",2022,"-23",226,c(-113.935837, 31.6410751),3136.99960396362
"646",233823,2022-08-16,"King_Salmon",2022,"-24",228,c(-113.93425, 31.6150398),2898.89448809318
"647",233823,2022-08-18,"King_Salmon",2022,"-21",230,c(-113.934044, 31.6065407),945.259597043207
"648",233823,2022-08-20,"King_Salmon",2022,"-26",232,c(-113.93084, 31.6002693),760.50449798266
"649",233823,2022-08-22,"King_Salmon",2022,"-25",234,c(-113.91584, 31.5875969),2001.00120940075
"650",233823,2022-08-24,"King_Salmon",2022,"-20",236,c(-113.92897, 31.5899258),1270.33943285405
"651",233823,2022-08-26,"King_Salmon",2022,"-29",238,c(-113.928207, 31.5926151),307.645751730945
"652",233823,2022-08-28,"King_Salmon",2022,"-26",240,c(-113.932709, 31.611124),2101.79915624509
"653",233823,2022-08-30,"King_Salmon",2022,"-23",242,c(-113.934685, 31.6172161),702.779000708919
"654",233823,2022-09-01,"King_Salmon",2022,"1",244,c(-113.935448, 31.61166),622.021502082024
"655",233823,2022-09-03,"King_Salmon",2022,"-23",246,c(-113.92897, 31.604826),976.624936432183
"656",233823,2022-09-05,"King_Salmon",2022,"-28",248,c(-113.928284, 31.5978374),779.809181583753
"657",233823,2022-09-07,"King_Salmon",2022,"-30",250,c(-113.921295, 31.5940475),784.704226206175
"658",233823,2022-09-09,"King_Salmon",2022,"-29",252,c(-113.930634, 31.592308),905.442700884885
"659",233823,2022-09-11,"King_Salmon",2022,"-19",254,c(-113.932556, 31.6102524),2003.61492724421
"660",233823,2022-09-13,"King_Salmon",2022,"-18",256,c(-113.933174, 31.6119423),196.81088289824
"661",233823,2022-09-15,"King_Salmon",2022,"-19",258,c(-113.927177, 31.6076927),738.784852069818
"662",233823,2022-09-17,"King_Salmon",2022,"-27",260,c(-113.927895, 31.5998077),879.406167918252
"663",233823,2022-09-19,"King_Salmon",2022,"-26",262,c(-113.932068, 31.5942783),730.91480739555
"664",233823,2022-09-21,"King_Salmon",2022,"-34",264,c(-113.921089, 31.5921783),1065.76878289668
"665",233823,2022-09-23,"King_Salmon",2022,"1",266,c(-113.930664, 31.5929222),910.664841368779
"666",233823,2022-09-25,"King_Salmon",2022,"-22",268,c(-113.92511, 31.6038265),1321.68879217869
"667",233823,2022-09-27,"King_Salmon",2022,"-21",270,c(-113.833382, 31.5778179),9156.90832503023
"668",233823,2022-09-29,"King_Salmon",2022,"-22",272,c(-113.698212, 31.5230598),14182.0563899225
"669",233824,2022-06-05,"King_Salmon",2022,"43",156,c(-156.6172333, 58.6880112),NA
"670",233824,2022-06-10,"King_Salmon",2022,"46",161,c(-156.6227875, 58.6897774),376.27602791724
"671",233824,2022-06-15,"King_Salmon",2022,"46",166,c(-156.6179199, 58.6878319),354.8494601498
"672",233824,2022-06-20,"King_Salmon",2022,"28",171,c(-156.6221924, 58.6495361),4265.46492598876
"673",233824,2022-06-25,"King_Salmon",2022,"25",176,c(-156.6217041, 58.6494331),30.4824418923174
"674",233824,2022-06-30,"King_Salmon",2022,"21",181,c(-156.5906525, 58.6518898),1816.98046213686
"675",233824,2022-07-01,"King_Salmon",2022,"26",182,c(-156.6427002, 58.6488457),3029.93947611508
"676",233824,2022-07-03,"King_Salmon",2022,"28",184,c(-156.6418304, 58.6485367),60.9320998976274
"677",233824,2022-07-05,"King_Salmon",2022,"30",186,c(-156.6426239, 58.6487427),51.3039592544466
"678",233824,2022-07-07,"King_Salmon",2022,"24",188,c(-156.6201782, 58.6570358),1592.54392394966
"679",233824,2022-07-09,"King_Salmon",2022,"39",190,c(-156.628113, 58.6464386),1264.60144440474
"680",233824,2022-07-11,"King_Salmon",2022,"-2",192,c(-157.560852, 57.4994049),138834.823282323
"681",233824,2022-07-13,"King_Salmon",2022,"24",194,c(-157.560257, 57.498661),90.0334594594491
"682",233824,2022-07-15,"King_Salmon",2022,"34",196,c(-157.537476, 57.6523399),17142.2340757742
"683",233824,2022-07-17,"King_Salmon",2022,"66",198,c(-157.537567, 57.6527481),45.7115923341314
"684",233824,2022-07-19,"King_Salmon",2022,"21",200,c(-157.537704, 57.6524162),37.7950178562163
"685",233824,2022-07-21,"King_Salmon",2022,"30",202,c(-157.536392, 57.6523895),78.1144342730981
"686",233824,2022-07-23,"King_Salmon",2022,"28",204,c(-157.534912, 57.6518784),104.801434415019
"687",233824,2022-07-25,"King_Salmon",2022,"30",206,c(-157.537323, 57.6524658),157.61493877099
"688",233824,2022-07-27,"King_Salmon",2022,"29",208,c(-157.5354, 57.6520081),125.219397258853
"689",233824,2022-07-29,"King_Salmon",2022,"44",210,c(-157.598679, 57.6110992),5906.12361369258
"690",233824,2022-07-31,"King_Salmon",2022,"23",212,c(-157.598663, 57.6110992),0.953010022533773
"691",233824,2022-08-02,"King_Salmon",2022,"32",214,c(-157.598907, 57.6106377),53.3348823429015
"692",233824,2022-08-04,"King_Salmon",2022,"0",216,c(-133.151855, 40.7857552),2552169.70394569
"693",233824,2022-08-06,"King_Salmon",2022,"-27",218,c(-124.15712, 40.8180351),756778.570421552
"694",233824,2022-08-08,"King_Salmon",2022,"-24",220,c(-124.155174, 40.8577919),4423.79159414715
"695",233824,2022-08-10,"King_Salmon",2022,"-22",222,c(-124.17028, 40.8319092),3146.05601477572
"696",233824,2022-08-12,"King_Salmon",2022,"-8",224,c(-122.08255, 37.4991226),411950.905610342
"697",233824,2022-08-22,"King_Salmon",2022,"-24",234,c(-122.091507, 37.4457741),5984.52393393599
"698",233824,2022-08-24,"King_Salmon",2022,"-31",236,c(-122.096497, 37.4383736),933.403696022041
"699",233824,2022-08-26,"King_Salmon",2022,"-31",238,c(-122.090843, 37.4428558),705.391585212682
"700",233824,2022-08-28,"King_Salmon",2022,"-24",240,c(-122.092735, 37.4412155),247.32239734816
"701",233824,2022-08-30,"King_Salmon",2022,"-28",242,c(-122.093147, 37.4409866),44.3948723504712
"702",233824,2022-09-01,"King_Salmon",2022,"-23",244,c(-122.035522, 37.4561653),5359.6889525835
"703",233824,2022-09-03,"King_Salmon",2022,"-21",246,c(-122.093246, 37.4407539),5376.18376194889
"704",233824,2022-09-05,"King_Salmon",2022,"-21",248,c(-122.096886, 37.438118),434.9550640955
"705",233824,2022-09-07,"King_Salmon",2022,"-20",250,c(-122.096909, 37.4380417),8.72382063984129
"706",233824,2022-09-09,"King_Salmon",2022,"-17",252,c(-122.043022, 37.4570618),5206.04007405695
"707",233824,2022-09-11,"King_Salmon",2022,"-17",254,c(-122.041641, 37.4619789),560.180116711258
"708",233824,2022-09-13,"King_Salmon",2022,"-13",256,c(-122.038467, 37.4760818),1592.99505513141
"709",233824,2022-09-15,"King_Salmon",2022,"-19",258,c(-122.099747, 37.4392204),6786.56943797404
"710",233824,2022-09-17,"King_Salmon",2022,"-21",260,c(-122.099083, 37.4356346),403.0102382459
"711",233824,2022-09-19,"King_Salmon",2022,"-22",262,c(-122.097832, 37.4373245),217.966903750445
"712",233824,2022-09-21,"King_Salmon",2022,"-18",264,c(-122.09742, 37.4371452),41.4813676867231
