,id,timestamp,Days to next fix,site,year,elevation,Jdate,long,lat,dist_to_next_m,dist_to_next_km
1,181624,7/3/2022,.,Beluga,2022,.,184,c(-151.0293121, 61.2111473),NA,
2,181624,7/5/2022,2.00,Beluga,2022,.,186,c(-151.0252228, 61.2096367),275.9877391,0.275987739
3,181624,7/7/2022,2.00,Beluga,2022,.,188,c(-150.994751, 61.1754379),4138.429333,4.138429333
4,181624,7/9/2022,2.00,Beluga,2022,.,190,c(-151.0250092, 61.166069),1928.072713,1.928072713
5,181624,7/11/2022,2.00,Beluga,2022,.,192,c(-150.9924927, 61.1838341),2634.595611,2.634595611
6,181624,7/13/2022,2.00,Beluga,2022,.,194,c(-151.0291901, 61.1608429),3225.990425,3.225990425
7,181624,7/15/2022,2.00,Beluga,2022,.,196,c(-151.452652, 61.0144386),27986.91908,27.98691908
8,181624,7/17/2022,2.00,Beluga,2022,.,198,c(-124.08078, 46.9017715),2349833.612,2349.833612
9,181624,7/21/2022,4.00,Beluga,2022,.,202,c(-124.1136475, 47.0179443),13156.46792,13.15646792
10,181624,7/23/2022,2.00,Beluga,2022,.,204,c(-124.0930939, 46.992115),3267.711001,3.267711001
11,181624,7/25/2022,2.00,Beluga,2022,.,206,c(-124.0270462, 46.9097099),10444.84142,10.44484142
12,181624,7/27/2022,2.00,Beluga,2022,.,208,c(-124.0502396, 46.89468),2428.585371,2.428585371
13,181624,8/6/2022,10.00,Beluga,2022,.,218,c(-120.2522278, 37.1700592),1125541.587,1125.541587
14,181624,8/8/2022,2.00,Beluga,2022,.,220,c(-119.5403137, 34.401062),314520.9764,314.5209764
15,181624,8/10/2022,2.00,Beluga,2022,.,222,c(-119.6627808, 34.4213104),11458.07026,11.45807026
16,181624,8/12/2022,2.00,Beluga,2022,.,224,c(-114.545372, 31.7214336),563352.8551,563.3528551
17,181624,8/14/2022,2.00,Beluga,2022,.,226,c(-111.3942108, 28.3638401),480970.6462,480.9706462
18,181624,8/16/2022,2.00,Beluga,2022,.,228,c(-109.5437698, 26.6968956),260084.5727,260.0845727
19,181624,8/20/2022,4.00,Beluga,2022,.,232,c(-109.556976, 26.6939526),1352.135206,1.352135206
20,181624,8/22/2022,2.00,Beluga,2022,.,234,c(-109.556313, 26.6943607),79.98376425,0.079983764
21,181624,8/26/2022,4.00,Beluga,2022,.,238,c(-109.554573, 26.6932354),213.3940428,0.213394043
22,181624,8/28/2022,2.00,Beluga,2022,.,240,c(-109.554237, 26.6937218),63.55643687,0.063556437
23,181624,8/30/2022,2.00,Beluga,2022,.,242,c(-109.557137, 26.6937733),288.1544311,0.288154431
24,181624,9/3/2022,4.00,Beluga,2022,.,246,c(-109.556236, 26.6934395),96.89960129,0.096899601
25,181624,9/5/2022,2.00,Beluga,2022,.,248,c(-109.533585, 26.7081089),2779.146923,2.779146923
26,181624,9/7/2022,2.00,Beluga,2022,.,250,c(-109.55529, 26.6939774),2667.961365,2.667961365
27,181624,9/9/2022,2.00,Beluga,2022,.,252,c(-109.555161, 26.6940041),13.15475181,0.013154752
28,181624,9/11/2022,2.00,Beluga,2022,.,254,c(-109.554497, 26.6939259),66.5349248,0.066534925
29,181624,9/13/2022,2.00,Beluga,2022,.,256,c(-109.554138, 26.693594),51.32234038,0.05132234
30,181624,9/15/2022,2.00,Beluga,2022,.,258,c(-109.586319, 26.7008133),3296.137686,3.296137686
31,181625,6/25/2022,-82.00,Beluga,2022,.,176,c(-150.9251709, 61.2120209),NA,#VALUE!
32,181625,6/30/2022,5.00,Beluga,2022,.,181,c(-150.9511566, 61.2188797),1586.65485,1.58665485
33,181625,7/1/2022,1.00,Beluga,2022,.,182,c(-150.9510498, 61.2188797),5.717702212,0.005717702
34,181625,7/3/2022,2.00,Beluga,2022,.,184,c(-150.9255524, 61.2124786),1539.590171,1.539590171
35,181625,7/5/2022,2.00,Beluga,2022,.,186,c(-150.8340302, 61.2454529),6118.519247,6.118519247
36,181625,7/7/2022,2.00,Beluga,2022,.,188,c(-150.8327484, 61.2451439),76.69284096,0.076692841
37,181625,7/9/2022,2.00,Beluga,2022,.,190,c(-150.8327332, 61.2452736),14.44490594,0.014444906
38,181625,7/11/2022,2.00,Beluga,2022,.,192,c(-150.8330841, 61.2448654),49.11784968,0.04911785
39,181625,7/13/2022,2.00,Beluga,2022,.,194,c(-142.7277679, 57.2551537),638817.8987,638.8178987
40,181625,7/15/2022,2.00,Beluga,2022,.,196,c(-124.1620636, 40.8410492),2256155.429,2256.155429
41,181625,7/17/2022,2.00,Beluga,2022,.,198,c(-122.2304153, 37.513588),405705.8683,405.7058683
42,181625,7/19/2022,2.00,Beluga,2022,.,200,c(-122.245079, 37.5182991),1395.376145,1.395376145
43,181625,7/21/2022,2.00,Beluga,2022,.,202,c(-122.2457504, 37.5169907),157.0766259,0.157076626
44,181625,7/23/2022,2.00,Beluga,2022,.,204,c(-115.9666824, 30.3954296),980484.0164,980.4840164
45,181625,7/25/2022,2.00,Beluga,2022,.,206,c(-114.1791382, 27.7489281),341713.9083,341.7139083
46,181625,7/27/2022,2.00,Beluga,2022,.,208,c(-114.1794968, 27.7496967),92.46341852,0.092463419
47,181625,7/29/2022,2.00,Beluga,2022,.,210,c(-114.1903992, 27.7281666),2623.49158,2.62349158
48,181625,7/31/2022,2.00,Beluga,2022,.,212,c(-114.1861725, 27.7218952),812.0196161,0.812019616
49,181625,8/8/2022,8.00,Beluga,2022,.,220,c(-114.1811829, 27.7525368),3442.401599,3.442401599
50,181625,8/10/2022,2.00,Beluga,2022,.,222,c(-114.2343826, 27.7005692),7798.109484,7.798109484
51,181625,8/12/2022,2.00,Beluga,2022,.,224,c(-114.2247314, 27.7119865),1585.71099,1.58571099
52,181625,8/14/2022,2.00,Beluga,2022,.,226,c(-114.2267761, 27.71278),219.770512,0.219770512
53,181625,8/16/2022,2.00,Beluga,2022,.,228,c(-114.2341537, 27.698061),1790.596058,1.790596058
54,181625,8/18/2022,2.00,Beluga,2022,.,230,c(-114.2335587, 27.6958599),251.6643774,0.251664377
55,181625,8/20/2022,2.00,Beluga,2022,.,232,c(-114.1812897, 27.7524872),8131.254689,8.131254689
56,181625,8/22/2022,2.00,Beluga,2022,.,234,c(-114.1810532, 27.7523327),28.9266792,0.028926679
57,181625,8/24/2022,2.00,Beluga,2022,.,236,c(-114.2342529, 27.7000313),7825.665418,7.825665418
58,181625,8/26/2022,2.00,Beluga,2022,.,238,c(-114.23159, 27.699852),262.9234673,0.262923467
59,181625,8/28/2022,2.00,Beluga,2022,.,240,c(-114.222786, 27.7083778),1284.516614,1.284516614
60,181625,8/30/2022,2.00,Beluga,2022,.,242,c(-114.229851, 27.7118073),793.1811245,0.793181125
61,181625,9/1/2022,2.00,Beluga,2022,.,244,c(-114.229698, 27.7136002),199.9298112,0.199929811
62,181625,9/3/2022,2.00,Beluga,2022,.,246,c(-114.18351, 27.755558),6513.946921,6.513946921
63,181625,9/5/2022,2.00,Beluga,2022,.,248,c(-114.181313, 27.7524872),404.1434131,0.404143413
64,181625,9/7/2022,2.00,Beluga,2022,.,250,c(-114.181129, 27.7525368),18.92769971,0.0189277
65,181625,9/9/2022,2.00,Beluga,2022,.,252,c(-114.176758, 27.7548923),503.5917614,0.503591761
66,181625,9/11/2022,2.00,Beluga,2022,.,254,c(-114.180367, 27.7514877),519.0778709,0.519077871
67,181625,9/13/2022,2.00,Beluga,2022,.,256,c(-114.227753, 27.707098),6790.866117,6.790866117
68,181625,9/15/2022,2.00,Beluga,2022,.,258,c(-114.180824, 27.7522812),6824.732063,6.824732063
69,181626,6/25/2022,-82.00,Beluga,2022,.,176,c(-151.0236816, 61.2151184),NA,#VALUE!
70,181626,6/30/2022,5.00,Beluga,2022,.,181,c(-151.0254669, 61.2136078),193.2674043,0.193267404
71,181626,7/1/2022,1.00,Beluga,2022,.,182,c(-151.0164337, 61.2169609),610.6916483,0.610691648
72,181626,7/3/2022,2.00,Beluga,2022,.,184,c(-151.0173798, 61.2163696),82.99936601,0.082999366
73,181626,7/5/2022,2.00,Beluga,2022,.,186,c(-151.0231476, 61.2134781),445.8133492,0.445813349
74,181626,7/7/2022,2.00,Beluga,2022,.,188,c(-150.9237823, 61.212429),5321.953862,5.321953862
75,181626,7/9/2022,2.00,Beluga,2022,.,190,c(-151.0228119, 61.2134514),5303.920382,5.303920382
76,181626,7/11/2022,2.00,Beluga,2022,.,192,c(-151.0167389, 61.1774864),4012.34599,4.01234599
77,181626,7/13/2022,2.00,Beluga,2022,.,194,c(-151.0287781, 61.160511),1994.920738,1.994920738
78,181626,7/15/2022,2.00,Beluga,2022,.,196,c(-151.0168915, 61.2146797),6056.883688,6.056883688
79,181626,7/17/2022,2.00,Beluga,2022,.,198,c(-151.0108032, 61.1726723),4682.393827,4.682393827
80,181626,7/19/2022,2.00,Beluga,2022,.,200,c(-151.0174103, 61.2150917),4730.0949,4.7300949
81,181626,7/21/2022,2.00,Beluga,2022,.,202,c(-150.993927, 61.1770477),4413.430851,4.413430851
82,181626,7/25/2022,4.00,Beluga,2022,.,206,c(-151.025238, 61.1660919),2074.23776,2.07423776
83,181626,7/27/2022,2.00,Beluga,2022,.,208,c(-151.0454407, 61.1529617),1818.206931,1.818206931
84,181626,7/29/2022,2.00,Beluga,2022,.,210,c(-133.9013214, 55.0538864),1208615.376,1208.615376
85,181626,7/31/2022,2.00,Beluga,2022,.,212,c(-124.0607605, 46.9631615),1130612.858,1130.612858
86,181626,8/2/2022,2.00,Beluga,2022,.,214,c(-123.9701385, 46.9679985),6897.735237,6.897735237
87,181626,8/4/2022,2.00,Beluga,2022,.,216,c(-123.9700317, 46.9680519),10.04652547,0.010046525
88,181626,8/6/2022,2.00,Beluga,2022,.,218,c(-124.1243744, 47.0322304),13708.50679,13.70850679
89,181626,8/8/2022,2.00,Beluga,2022,.,220,c(-124.0075378, 46.9951363),9771.258388,9.771258388
90,181626,8/10/2022,2.00,Beluga,2022,.,222,c(-123.9607391, 46.9670792),4726.24028,4.72624028
91,181626,8/12/2022,2.00,Beluga,2022,.,224,c(-123.9630966, 46.9674873),184.5560081,0.184556008
92,181626,8/14/2022,2.00,Beluga,2022,.,226,c(-123.9621735, 46.969101),192.6223555,0.192622356
93,181626,8/16/2022,2.00,Beluga,2022,.,228,c(-124.0647049, 46.9100914),10180.80085,10.18080085
94,181626,8/18/2022,2.00,Beluga,2022,.,230,c(-122.4413071, 38.1233521),985997.9785,985.9979785
95,181626,8/20/2022,2.00,Beluga,2022,.,232,c(-122.1248932, 37.5963783),64847.5068,64.8475068
96,181626,8/24/2022,4.00,Beluga,2022,.,236,c(-122.1073303, 37.616703),2738.841493,2.738841493
97,181626,8/26/2022,2.00,Beluga,2022,.,238,c(-122.1282654, 37.6053123),2237.161477,2.237161477
98,181626,8/28/2022,2.00,Beluga,2022,.,240,c(-122.1326752, 37.6030083),465.3479891,0.465347989
99,181626,8/30/2022,2.00,Beluga,2022,.,242,c(-122.1392517, 37.6052361),630.0879993,0.630087999
100,181626,9/1/2022,2.00,Beluga,2022,.,244,c(-122.1407394, 37.6041603),177.4416934,0.177441693
101,181626,9/3/2022,2.00,Beluga,2022,.,246,c(-122.231926, 37.5120239),13021.94091,13.02194091
102,181626,9/5/2022,2.00,Beluga,2022,.,248,c(-122.2347107, 37.511898),246.017176,0.246017176
103,181626,9/7/2022,2.00,Beluga,2022,.,250,c(-122.2345581, 37.5096703),248.0747497,0.24807475
104,181626,9/11/2022,4.00,Beluga,2022,.,254,c(-122.2326126, 37.5092354),178.2881295,0.17828813
105,198752,7/12/2021,-426.00,Beluga,2021,.,193,c(-150.37534, 60.69411),NA,#VALUE!
106,198752,7/24/2021,12.00,Beluga,2021,.,205,c(-124.02816, 46.60324),2310133.716,2310.133716
107,198752,8/2/2021,9.00,Beluga,2021,.,214,c(-123.95678, 46.66667),8913.384468,8.913384468
108,198752,8/11/2021,9.00,Beluga,2021,.,223,c(-113.08397, 31.10833),1965033.147,1965.033147
109,198752,8/23/2021,12.00,Beluga,2021,.,235,c(-113.08074, 31.10677),353.0635575,0.353063557
110,198752,9/1/2021,9.00,Beluga,2021,.,244,c(-113.05814, 31.10328),2186.408698,2.186408698
111,198752,9/10/2021,9.00,Beluga,2021,.,253,c(-113.08035, 31.10613),2138.184569,2.138184569
112,198752,9/10/2021,0.00,Beluga,2021,.,253,c(-113.08298, 31.10841),356.3286612,0.356328661
113,198752,9/13/2021,3.00,Beluga,2021,.,256,c(-113.059113, 31.0939522),2783.587198,2.783587198
114,198752,9/16/2021,3.00,Beluga,2021,.,259,c(-113.068733, 31.0939522),916.0045399,0.91600454
115,198752,9/19/2021,3.00,Beluga,2021,.,262,c(-113.083145, 31.1087494),2142.46518,2.14246518
116,198752,9/19/2021,0.00,Beluga,2021,.,262,c(-113.08408, 31.10903),94.32545459,0.094325455
117,198752,9/22/2021,3.00,Beluga,2021,.,265,c(-113.083069, 31.1079559),153.3915793,0.153391579
118,198752,10/6/2021,14.00,Beluga,2021,.,279,c(-113.085426, 31.1195774),1311.589934,1.311589934
119,198752,10/20/2021,14.00,Beluga,2021,.,293,c(-113.0812, 31.099123),2309.739481,2.309739481
120,198752,11/3/2021,14.00,Beluga,2021,.,307,c(-108.887589, 25.5713406),738923.4029,738.9234029
121,198752,11/3/2021,0.00,Beluga,2021,.,307,c(-108.895, 25.5744),817.4852131,0.817485213
122,198752,11/17/2021,14.00,Beluga,2021,.,321,c(-108.820595, 25.5318661),8836.466273,8.836466273
123,198752,12/1/2021,14.00,Beluga,2021,.,335,c(-108.789413, 25.5506039),3758.771176,3.758771176
124,198752,12/1/2021,0.00,Beluga,2021,.,335,c(-108.79759, 25.56407),1707.323561,1.707323561
125,198752,12/15/2021,14.00,Beluga,2021,.,349,c(-108.791565, 25.5415688),2573.994027,2.573994027
126,198752,12/29/2021,14.00,Beluga,2021,.,363,c(-108.793564, 25.5446911),400.9474115,0.400947412
127,198752,1/12/2022,14.00,Beluga,2021,.,12,c(-108.792, 25.5395451),593.3345468,0.593334547
128,198758,6/21/2021,-205.00,Beluga,2021,.,172,c(-150.92429, 61.21252),NA,#VALUE!
129,198758,8/2/2021,42.00,Beluga,2021,.,214,c(-123.96515, 46.66146),2362880.829,2362.880829
130,198758,8/11/2021,9.00,Beluga,2021,.,223,c(-117.89615, 32.21054),1687959.757,1687.959757
131,198758,8/17/2021,6.00,Beluga,2021,.,229,c(-111.80568, 28.49542),715439.9617,715.4399617
132,198758,9/4/2021,18.00,Beluga,2021,.,247,c(-110.36284, 27.21542),200939.0687,200.9390687
133,198758,9/7/2021,3.00,Beluga,2021,.,250,c(-110.3499, 27.2061),1646.645189,1.646645189
134,198758,9/7/2021,0.00,Beluga,2021,.,250,c(-110.35365, 27.20648),373.2487929,0.373248793
135,198758,9/10/2021,3.00,Beluga,2021,.,253,c(-110.357155, 27.2030087),518.7857063,0.518785706
136,198758,9/13/2021,3.00,Beluga,2021,.,256,c(-110.346153, 27.2311172),3309.454091,3.309454091
137,198758,9/16/2021,3.00,Beluga,2021,.,259,c(-110.356133, 27.2061062),2950.996996,2.950996996
138,198758,9/16/2021,0.00,Beluga,2021,.,259,c(-110.36166, 27.20915),642.8821788,0.642882179
139,198758,9/19/2021,3.00,Beluga,2021,.,262,c(-110.356087, 27.2058487),662.1882897,0.66218829
140,198758,9/22/2021,3.00,Beluga,2021,.,265,c(-110.347893, 27.2273788),2527.439294,2.527439294
141,198758,10/6/2021,14.00,Beluga,2021,.,279,c(-110.345688, 27.2275848),219.2179727,0.219217973
142,198758,10/6/2021,0.00,Beluga,2021,.,279,c(-110.38902, 27.24749),4822.025924,4.822025924
143,198758,10/20/2021,14.00,Beluga,2021,.,293,c(-110.376434, 27.2264061),2654.182412,2.654182412
144,198758,11/3/2021,14.00,Beluga,2021,.,307,c(-110.382271, 27.230093),707.9162815,0.707916282
145,198758,11/17/2021,14.00,Beluga,2021,.,321,c(-109.694374, 26.7115898),89282.57878,89.28257878
146,198758,12/1/2021,14.00,Beluga,2021,.,335,c(-109.704308, 26.712204),989.0865227,0.989086523
147,198758,12/29/2021,28.00,Beluga,2021,.,363,c(-109.532784, 26.7031422),17067.56143,17.06756143
148,198761,6/21/2021,-191.00,Beluga,2021,.,172,c(-151.05103, 61.21341),NA,#VALUE!
149,198761,7/12/2021,21.00,Beluga,2021,.,193,c(-149.91164, 61.20546),61022.92979,61.02292979
150,198761,7/21/2021,9.00,Beluga,2021,.,202,c(-130.46177, 54.37307),1372437.8,1372.4378
151,198761,8/2/2021,12.00,Beluga,2021,.,214,c(-122.14115, 37.6151),1967885.475,1967.885475
152,198761,8/11/2021,9.00,Beluga,2021,.,223,c(-109.1175, 25.62164),1812621.408,1812.621408
153,198761,8/20/2021,9.00,Beluga,2021,.,232,c(-109.10818, 25.64872),3152.788351,3.152788351
154,198761,9/1/2021,12.00,Beluga,2021,.,244,c(-109.12879, 25.634),2635.833488,2.635833488
155,198761,9/7/2021,6.00,Beluga,2021,.,250,c(-109.13755, 25.61817),1967.155733,1.967155733
156,198761,9/7/2021,0.00,Beluga,2021,.,250,c(-109.12546, 25.61952),1221.445754,1.221445754
157,198763,6/21/2021,-78.00,Beluga,2021,.,172,c(-150.93594, 61.22442),NA,#VALUE!
158,198763,7/12/2021,21.00,Beluga,2021,.,193,c(-150.93097, 61.21369),1222.431795,1.222431795
159,198763,7/21/2021,9.00,Beluga,2021,.,202,c(-124.03214, 46.86334),2342284.938,2342.284938
160,198763,8/2/2021,12.00,Beluga,2021,.,214,c(-124.13734, 47.0255),19720.78299,19.72078299
161,198763,8/8/2021,6.00,Beluga,2021,.,220,c(-124.16133, 46.94369),9277.108772,9.277108772
162,198763,9/1/2021,24.00,Beluga,2021,.,244,c(-113.95237, 27.73395),2314155.318,2314.155318
163,198763,9/10/2021,9.00,Beluga,2021,.,253,c(-113.95645, 27.7409),870.8999004,0.8708999
164,198763,9/10/2021,0.00,Beluga,2021,.,253,c(-113.98857, 27.74393),3178.934954,3.178934954
165,198763,9/19/2021,9.00,Beluga,2021,.,262,c(-113.92447, 27.72785),6557.148673,6.557148673
166,198767,7/15/2021,-66.00,Beluga,2021,.,196,c(-145.68833, 60.47694),NA,#VALUE!
167,198767,7/24/2021,9.00,Beluga,2021,.,205,c(-128.59947, 52.46932),1369176.512,1369.176512
168,198767,8/20/2021,27.00,Beluga,2021,.,232,c(-107.49947, 24.42392),3590113.895,3590.113895
169,198767,9/1/2021,12.00,Beluga,2021,.,244,c(-107.48856, 24.45694),3834.171698,3.834171698
170,198767,9/7/2021,6.00,Beluga,2021,.,250,c(-107.50118, 24.42012),4288.898767,4.288898767
171,198767,9/7/2021,0.00,Beluga,2021,.,250,c(-107.50598, 24.4212),500.6033789,0.500603379
172,198767,9/10/2021,3.00,Beluga,2021,.,253,c(-107.489677, 24.4173183),1706.147689,1.706147689
173,198767,9/16/2021,6.00,Beluga,2021,.,259,c(-107.470863, 24.4267902),2176.627189,2.176627189
174,198767,9/19/2021,3.00,Beluga,2021,.,262,c(-107.474396, 24.4249477),412.210288,0.412210288
175,198767,9/22/2021,3.00,Beluga,2021,.,265,c(-107.480537, 24.4228745),663.1038726,0.663103873
176,198767,10/6/2021,14.00,Beluga,2021,.,279,c(-107.478722, 24.5246086),11313.82476,11.31382476
177,198767,10/20/2021,14.00,Beluga,2021,.,293,c(-107.505676, 24.4068489),13375.45939,13.37545939
178,198767,11/3/2021,14.00,Beluga,2021,.,307,c(-107.505806, 24.4066429),26.4191765,0.026419177
179,198767,11/3/2021,0.00,Beluga,2021,.,307,c(-107.50013, 24.40676),574.8889553,0.574888955
180,198767,11/17/2021,14.00,Beluga,2021,.,321,c(-107.493874, 24.4609661),6060.635278,6.060635278
181,198767,12/1/2021,14.00,Beluga,2021,.,335,c(-107.48735, 24.423769),4188.528619,4.188528619
182,198767,12/15/2021,14.00,Beluga,2021,.,349,c(-107.488091, 24.4215927),253.3564099,0.25335641
183,198767,12/29/2021,14.00,Beluga,2021,.,363,c(-107.487144, 24.4227448),160.0142346,0.160014235
184,198767,1/12/2022,14.00,Beluga,2021,.,12,c(-107.487679, 24.4179077),540.5824972,0.540582497
185,198767,1/26/2022,14.00,Beluga,2021,.,26,c(-107.488472, 24.4184952),103.5093512,0.103509351
186,198773,7/12/2021,-198.00,Beluga,2021,.,193,c(-150.31961, 61.26876),NA,#VALUE!
187,198773,8/2/2021,21.00,Beluga,2021,.,214,c(-114.03901, 27.63005),4604732.686,4604.732686
188,198773,8/8/2021,6.00,Beluga,2021,.,220,c(-112.13553, 25.14788),334839.4675,334.8394675
189,233811,6/10/2022,306.00,Beluga,2022,28,161,c(-151.0164795, 61.2110214),NA,#VALUE!
190,233811,6/15/2022,5.00,Beluga,2022,31,166,c(-151.0178986, 61.2120438),136.7449286,0.136744929
191,233811,6/20/2022,5.00,Beluga,2022,36,171,c(-151.01651, 61.2118416),77.68211335,0.077682113
192,233811,6/25/2022,5.00,Beluga,2022,15,176,c(-150.9169006, 61.2119675),5333.942021,5.333942021
193,233811,6/30/2022,5.00,Beluga,2022,2,181,c(-150.9184418, 61.2128639),129.4061216,0.129406122
194,233811,7/1/2022,1.00,Beluga,2022,18,182,c(-150.918457, 61.2130432),19.953888,0.019953888
195,233811,7/3/2022,2.00,Beluga,2022,3,184,c(-150.9184418, 61.2129936),5.575008973,0.005575009
196,233811,7/5/2022,2.00,Beluga,2022,33,186,c(-151.0166931, 61.2118416),5262.673056,5.262673056
197,233811,7/7/2022,2.00,Beluga,2022,77,188,c(-150.1302643, 60.7982483),66314.9611,66.3149611
198,233811,7/9/2022,2.00,Beluga,2022,20,190,c(-146.3188171, 59.4272652),260393.9431,260.3939431
199,233811,7/11/2022,2.00,Beluga,2022,16,192,c(-146.318604, 59.4272652),12.05237339,0.012052373
200,233811,7/13/2022,2.00,Beluga,2022,19,194,c(-146.39476, 59.4036369),5046.557363,5.046557363
201,233811,7/15/2022,2.00,Beluga,2022,19,196,c(-146.386597, 59.4110603),945.9163993,0.945916399
202,233811,7/17/2022,2.00,Beluga,2022,30,198,c(-146.377335, 59.4103432),530.1217685,0.530121769
203,233811,7/19/2022,2.00,Beluga,2022,21,200,c(-146.377106, 59.4083443),222.6453153,0.222645315
204,233811,7/21/2022,2.00,Beluga,2022,-31,202,c(-120.645546, 34.9635468),3297709.713,3297.709713
205,233811,7/23/2022,2.00,Beluga,2022,-27,204,c(-121.740608, 36.8151436),228296.5274,228.2965274
206,233811,7/25/2022,2.00,Beluga,2022,-24,206,c(-121.789963, 36.7923317),5073.79762,5.07379762
207,233811,7/27/2022,2.00,Beluga,2022,-33,208,c(-121.790398, 36.7930222),85.99767455,0.085997675
208,233811,7/29/2022,2.00,Beluga,2022,-27,210,c(-121.791626, 36.7894402),413.0388483,0.413038848
209,233811,7/31/2022,2.00,Beluga,2022,-25,212,c(-121.789452, 36.7938423),526.3828069,0.526382807
210,233811,8/2/2022,2.00,Beluga,2022,-28,214,c(-121.789757, 36.7933311),62.99772521,0.062997725
211,233811,8/4/2022,2.00,Beluga,2022,-26,216,c(-114.041718, 27.6789627),1247198.257,1247.198257
212,233811,8/6/2022,2.00,Beluga,2022,-5,218,c(-109.37455, 25.8487415),506035.4936,506.0354936
213,233811,8/8/2022,2.00,Beluga,2022,-17,220,c(-109.37233, 25.8493824),233.3051197,0.23330512
214,233811,8/10/2022,2.00,Beluga,2022,-25,222,c(-109.374832, 25.8486137),264.5625018,0.264562502
215,233811,8/12/2022,2.00,Beluga,2022,0,224,c(-109.373505, 25.8501759),218.6515705,0.218651571
216,233811,8/14/2022,2.00,Beluga,2022,-24,226,c(-109.375221, 25.8483334),267.323808,0.267323808
217,233811,8/16/2022,2.00,Beluga,2022,-11,228,c(-109.374863, 25.8307972),1950.268652,1.950268652
218,233811,8/18/2022,2.00,Beluga,2022,-14,230,c(-109.360115, 25.8091145),2827.030759,2.827030759
219,233811,8/20/2022,2.00,Beluga,2022,-21,232,c(-109.360603, 25.8117752),299.8625689,0.299862569
220,233811,8/22/2022,2.00,Beluga,2022,0,234,c(-109.359856, 25.8091908),296.9419502,0.29694195
221,233811,8/24/2022,2.00,Beluga,2022,-22,236,c(-109.360268, 25.8116474),276.2577207,0.276257721
222,233811,8/26/2022,2.00,Beluga,2022,-1,238,c(-109.359604, 25.8118782),71.24964202,0.071249642
223,233811,8/28/2022,2.00,Beluga,2022,0,240,c(-109.367439, 25.7987194),1660.156078,1.660156078
224,233811,8/30/2022,2.00,Beluga,2022,0,242,c(-109.357658, 25.8090115),1506.14253,1.50614253
225,233811,9/1/2022,2.00,Beluga,2022,-6,244,c(-109.353539, 25.8208637),1380.895894,1.380895894
226,233811,9/3/2022,2.00,Beluga,2022,-19,246,c(-109.351997, 25.8212223),159.4113847,0.159411385
227,233811,9/7/2022,4.00,Beluga,2022,-22,250,c(-109.359528, 25.8262653),939.4893805,0.939489381
228,233811,9/9/2022,2.00,Beluga,2022,-22,252,c(-109.360603, 25.8103161),1776.734225,1.776734225
229,233811,9/11/2022,2.00,Beluga,2022,-15,254,c(-109.359116, 25.8119545),235.259341,0.235259341
230,233811,9/13/2022,2.00,Beluga,2022,-18,256,c(-109.361931, 25.8117752),282.488789,0.282488789
231,233812,6/10/2022,-95.00,Beluga,2022,34,161,c(-151.0220642, 61.2099953),NA,#VALUE!
232,233812,6/15/2022,5.00,Beluga,2022,45,166,c(-151.0181732, 61.2113533),257.3282962,0.257328296
233,233812,6/20/2022,5.00,Beluga,2022,10,171,c(-150.9458618, 61.2221832),4054.523668,4.054523668
234,233812,6/25/2022,5.00,Beluga,2022,46,176,c(-150.4843445, 61.2573586),24999.4537,24.9994537
235,233812,6/30/2022,5.00,Beluga,2022,16,181,c(-150.4850311, 61.2575607),43.04495179,0.043044952
236,233812,7/1/2022,1.00,Beluga,2022,20,182,c(-150.4837189, 61.2575378),70.21050797,0.070210508
237,233812,7/3/2022,2.00,Beluga,2022,12,184,c(-150.4834137, 61.2571526),45.83593113,0.045835931
238,233812,7/5/2022,2.00,Beluga,2022,19,186,c(-150.4874115, 61.257946),231.2548059,0.231254806
239,233812,7/9/2022,4.00,Beluga,2022,12,190,c(-150.4871826, 61.257946),12.23930002,0.0122393
240,233812,7/11/2022,2.00,Beluga,2022,19,192,c(-150.484955, 61.2599411),251.7968113,0.251796811
241,233812,7/13/2022,2.00,Beluga,2022,14,194,c(-150.483063, 61.2587395),167.587892,0.167587892
242,233812,7/15/2022,2.00,Beluga,2022,25,196,c(-147.606003, 60.9575539),158141.9416,158.1419416
243,233812,7/17/2022,2.00,Beluga,2022,19,198,c(-145.360123, 60.2842484),143568.0288,143.5680288
244,233812,7/19/2022,2.00,Beluga,2022,23,200,c(-145.269257, 60.342411),8177.236982,8.177236982
245,233812,7/21/2022,2.00,Beluga,2022,-1,202,c(-145.329773, 60.2831993),7379.461049,7.379461049
246,233812,7/23/2022,2.00,Beluga,2022,0,204,c(-145.330368, 60.2818451),154.110811,0.154110811
247,233812,7/25/2022,2.00,Beluga,2022,17,206,c(-144.22731, 60.1052284),64052.23239,64.05223239
248,233812,7/27/2022,2.00,Beluga,2022,24,208,c(-144.178497, 60.1341057),4197.922117,4.197922117
249,233812,7/29/2022,2.00,Beluga,2022,23,210,c(-145.665543, 60.3630981),85911.81572,85.91181572
250,233812,7/31/2022,2.00,Beluga,2022,23,212,c(-145.269089, 60.342617),21924.90324,21.92490324
251,233812,8/2/2022,2.00,Beluga,2022,19,214,c(-145.431, 60.3812981),9887.688748,9.887688748
252,233812,8/4/2022,2.00,Beluga,2022,45,216,c(-145.430878, 60.3826065),145.6420669,0.145642067
253,233812,8/6/2022,2.00,Beluga,2022,30,218,c(-145.431381, 60.3829117),43.76925359,0.043769254
254,233813,6/10/2022,-57.00,Beluga,2022,39,161,c(-151.0160828, 61.216526),NA,#VALUE!
255,233813,6/15/2022,5.00,Beluga,2022,33,166,c(-151.0161743, 61.2163963),15.23135321,0.015231353
256,233813,6/20/2022,5.00,Beluga,2022,36,171,c(-151.0158691, 61.2167282),40.36138029,0.04036138
257,233813,6/25/2022,5.00,Beluga,2022,8,176,c(-150.9497681, 61.195713),4241.919979,4.241919979
258,233813,6/30/2022,5.00,Beluga,2022,37,181,c(-151.0314941, 61.2091789),4626.609079,4.626609079
259,233813,7/1/2022,1.00,Beluga,2022,31,182,c(-151.0453949, 61.2058258),832.6169497,0.83261695
260,233813,7/3/2022,2.00,Beluga,2022,35,184,c(-151.0218353, 61.2128639),1484.690683,1.484690683
261,233813,7/5/2022,2.00,Beluga,2022,49,186,c(-151.0703735, 61.1756172),4890.43895,4.89043895
262,233813,7/7/2022,2.00,Beluga,2022,34,188,c(-151.0318909, 61.2125816),4598.418245,4.598418245
263,233813,7/9/2022,2.00,Beluga,2022,37,190,c(-151.0333557, 61.2115593),138.1099453,0.138109945
264,233813,7/11/2022,2.00,Beluga,2022,21,192,c(-150.9958038, 61.1841393),3652.851013,3.652851013
265,233813,7/13/2022,2.00,Beluga,2022,10,194,c(-151.0410919, 61.1537552),4160.754678,4.160754678
266,233813,7/15/2022,2.00,Beluga,2022,39,196,c(-151.026108, 61.2114296),6463.201669,6.463201669
267,233813,7/17/2022,2.00,Beluga,2022,14,198,c(-150.994598, 61.178894),3992.307013,3.992307013
268,233813,7/19/2022,2.00,Beluga,2022,38,200,c(-151.025497, 61.2110977),3945.049406,3.945049406
269,233813,7/21/2022,2.00,Beluga,2022,13,202,c(-150.994629, 61.1774597),4089.705608,4.089705608
270,233813,7/23/2022,2.00,Beluga,2022,11,204,c(-150.950363, 61.1980171),3294.321659,3.294321659
271,233813,7/25/2022,2.00,Beluga,2022,12,206,c(-150.990326, 61.1812744),2837.575188,2.837575188
272,233813,7/27/2022,2.00,Beluga,2022,40,208,c(-151.025848, 61.2122765),3937.688193,3.937688193
273,233813,7/29/2022,2.00,Beluga,2022,11,210,c(-150.991013, 61.178688),4175.224038,4.175224038
274,233813,7/31/2022,2.00,Beluga,2022,16,212,c(-150.990555, 61.1792259),64.65446653,0.064654467
275,233813,8/4/2022,4.00,Beluga,2022,19,216,c(-145.440063, 60.3856773),313811.6949,313.8116949
276,233813,8/6/2022,2.00,Beluga,2022,111,218,c(-145.456085, 60.3929214),1193.204582,1.193204582
277,233813,8/8/2022,2.00,Beluga,2022,35,220,c(-145.488525, 60.4000626),1950.844449,1.950844449
278,233813,8/10/2022,2.00,Beluga,2022,20,222,c(-145.458984, 60.3684464),3872.245493,3.872245493
279,233813,8/12/2022,2.00,Beluga,2022,24,224,c(-145.457428, 60.3726196),471.8574753,0.471857475
280,233813,8/14/2022,2.00,Beluga,2022,29,226,c(-145.45932, 60.3891068),1836.242086,1.836242086
281,233813,8/16/2022,2.00,Beluga,2022,24,228,c(-145.457428, 60.3726196),1836.242086,1.836242086
282,233813,8/18/2022,2.00,Beluga,2022,21,230,c(-145.457397, 60.3726196),1.704073488,0.001704073
283,233813,8/20/2022,2.00,Beluga,2022,19,232,c(-145.457504, 60.372673),8.357824235,0.008357824
284,233813,8/22/2022,2.00,Beluga,2022,31,234,c(-145.489365, 60.4001656),3522.828648,3.522828648
285,233813,8/24/2022,2.00,Beluga,2022,246,236,c(-144.884567, 60.3204994),34417.74403,34.41774403
286,233813,8/26/2022,2.00,Beluga,2022,25,238,c(-145.486481, 60.4006004),34276.83735,34.27683735
287,233813,8/28/2022,2.00,Beluga,2022,1236,240,c(-119.194511, 43.2516975),2592810.204,2592.810204
288,233813,9/7/2022,10.00,Beluga,2022,1230,250,c(-118.811378, 43.2952461),31394.14826,31.39414826
289,233813,9/9/2022,2.00,Beluga,2022,1235,252,c(-118.792923, 43.2988014),1544.975087,1.544975087
290,233813,9/11/2022,2.00,Beluga,2022,1240,254,c(-119.237389, 43.2450676),36477.52551,36.47752551
291,233813,9/13/2022,2.00,Beluga,2022,1241,256,c(-119.261963, 43.2606087),2635.745423,2.635745423
292,233813,9/15/2022,2.00,Beluga,2022,1237,258,c(-119.085175, 43.2470131),14396.98025,14.39698025
293,233813,9/17/2022,2.00,Beluga,2022,299,260,c(-114.389465, 36.1287041),887287.2424,887.2872424
294,233813,9/19/2022,2.00,Beluga,2022,300,262,c(-114.474022, 36.1036148),8091.565039,8.091565039
295,233813,9/21/2022,2.00,Beluga,2022,301,264,c(-114.473869, 36.1038971),34.26800294,0.034268003
296,233813,9/23/2022,2.00,Beluga,2022,301,266,c(-114.473846, 36.1039238),3.617195666,0.003617196
297,233813,9/25/2022,2.00,Beluga,2022,-18,268,c(-112.313766, 29.3374329),778995.289,778.995289
298,233813,9/27/2022,2.00,Beluga,2022,-22,270,c(-112.300606, 29.3343353),1321.3562,1.3213562
299,233813,9/29/2022,2.00,Beluga,2022,-20,272,c(-112.30806, 29.3296509),890.75792,0.89075792
300,233815,6/5/2022,-116.00,King_Salmon,2022,21,156,c(-156.678772, 58.682663),NA,#VALUE!
301,233815,6/10/2022,5.00,King_Salmon,2022,42,161,c(-156.7088013, 58.7091331),3416.61905,3.41661905
302,233815,6/15/2022,5.00,King_Salmon,2022,43,166,c(-156.719574, 58.7166061),1038.021507,1.038021507
303,233815,6/20/2022,5.00,King_Salmon,2022,43,171,c(-156.7463531, 58.7210884),1624.485586,1.624485586
304,233815,6/25/2022,5.00,King_Salmon,2022,38,176,c(-156.7435455, 58.7207794),165.6935334,0.165693533
305,233815,6/30/2022,5.00,King_Salmon,2022,38,181,c(-156.7436371, 58.7190666),190.5283805,0.190528381
306,233815,7/1/2022,1.00,King_Salmon,2022,37,182,c(-156.7348938, 58.7228546),657.4321678,0.657432168
307,233815,7/3/2022,2.00,King_Salmon,2022,51,184,c(-156.849823, 58.7716217),8565.342251,8.565342251
308,233815,7/5/2022,2.00,King_Salmon,2022,50,186,c(-156.849823, 58.7721863),62.78075412,0.062780754
309,233815,7/7/2022,2.00,King_Salmon,2022,58,188,c(-156.848938, 58.7674751),526.3411746,0.526341175
310,233815,7/9/2022,2.00,King_Salmon,2022,52,190,c(-156.840973, 58.7657585),497.3300996,0.4973301
311,233815,7/11/2022,2.00,King_Salmon,2022,51,192,c(-156.848526, 58.7665291),443.842595,0.443842595
312,233815,7/13/2022,2.00,King_Salmon,2022,542,194,c(-122.860916, 38.0376701),3342603.694,3342.603694
313,233815,7/15/2022,2.00,King_Salmon,2022,-22,196,c(-117.104988, 32.6097031),797742.8984,797.7428984
314,233815,7/17/2022,2.00,King_Salmon,2022,-23,198,c(-117.109879, 32.6364784),3012.311859,3.012311859
315,233815,7/19/2022,2.00,King_Salmon,2022,-26,200,c(-117.111488, 32.6374016),182.3117818,0.182311782
316,233815,7/21/2022,2.00,King_Salmon,2022,-22,202,c(-117.111206, 32.6483841),1221.485613,1.221485613
317,233815,7/23/2022,2.00,King_Salmon,2022,-32,204,c(-117.10936, 32.6488686),181.0350033,0.181035003
318,233815,7/25/2022,2.00,King_Salmon,2022,-27,206,c(-117.129486, 32.6076279),4957.970838,4.957970838
319,233815,7/27/2022,2.00,King_Salmon,2022,-25,208,c(-117.097893, 32.6180725),3178.850941,3.178850941
320,233815,7/29/2022,2.00,King_Salmon,2022,-31,210,c(-114.065269, 27.6838779),621240.4057,621.2404057
321,233815,8/2/2022,4.00,King_Salmon,2022,-36,214,c(-114.073257, 27.6776314),1049.348352,1.049348352
322,233815,8/4/2022,2.00,King_Salmon,2022,-25,216,c(-114.059433, 27.6816521),1432.785491,1.432785491
323,233815,8/6/2022,2.00,King_Salmon,2022,-3,218,c(-114.057487, 27.679142),338.5578508,0.338557851
324,233815,8/8/2022,2.00,King_Salmon,2022,-18,220,c(-114.059151, 27.679987),188.8823449,0.188882345
325,233815,8/10/2022,2.00,King_Salmon,2022,-27,222,c(-114.063889, 27.68713),921.1474493,0.921147449
326,233815,8/12/2022,2.00,King_Salmon,2022,-18,224,c(-114.040077, 27.6846714),2360.512872,2.360512872
327,233815,8/14/2022,2.00,King_Salmon,2022,-31,226,c(-114.06015, 27.6923256),2151.891895,2.151891895
328,233815,8/16/2022,2.00,King_Salmon,2022,-22,228,c(-114.079529, 27.680397),2323.853939,2.323853939
329,233815,8/18/2022,2.00,King_Salmon,2022,-11,230,c(-114.07914, 27.6803207),39.23284329,0.039232843
330,233815,8/20/2022,2.00,King_Salmon,2022,-29,232,c(-114.070389, 27.6844921),978.5969206,0.978596921
331,233815,8/22/2022,2.00,King_Salmon,2022,-31,234,c(-114.064011, 27.6872311),697.9603137,0.697960314
332,233815,8/24/2022,2.00,King_Salmon,2022,-34,236,c(-114.065834, 27.6834431),457.8602497,0.45786025
333,233815,8/26/2022,2.00,King_Salmon,2022,-33,238,c(-114.065704, 27.6832638),23.69285832,0.023692858
334,233815,8/28/2022,2.00,King_Salmon,2022,-19,240,c(-114.081367, 27.6775551),1667.843123,1.667843123
335,233815,8/30/2022,2.00,King_Salmon,2022,-13,242,c(-114.064011, 27.6837769),1843.746918,1.843746918
336,233815,9/1/2022,2.00,King_Salmon,2022,-13,244,c(-114.078705, 27.6796799),1516.912692,1.516912692
337,233815,9/3/2022,2.00,King_Salmon,2022,-25,246,c(-114.065346, 27.6851845),1450.857935,1.450857935
338,233815,9/5/2022,2.00,King_Salmon,2022,-33,248,c(-114.060402, 27.671257),1623.389113,1.623389113
339,233815,9/7/2022,2.00,King_Salmon,2022,-17,250,c(-114.065315, 27.685236),1627.943184,1.627943184
340,233815,9/9/2022,2.00,King_Salmon,2022,-34,252,c(-114.064781, 27.6834431),206.1790642,0.206179064
341,233815,9/11/2022,2.00,King_Salmon,2022,-16,254,c(-114.065117, 27.6825218),107.6540257,0.107654026
342,233815,9/13/2022,2.00,King_Salmon,2022,-26,256,c(-114.065521, 27.682394),42.24280628,0.042242806
343,233815,9/15/2022,2.00,King_Salmon,2022,-21,258,c(-114.054108, 27.6880264),1286.516146,1.286516146
344,233815,9/17/2022,2.00,King_Salmon,2022,-20,260,c(-114.065292, 27.6854649),1137.453051,1.137453051
345,233815,9/19/2022,2.00,King_Salmon,2022,-28,262,c(-114.064629, 27.6843128),143.7825141,0.143782514
346,233815,9/21/2022,2.00,King_Salmon,2022,-20,264,c(-114.064911, 27.6847744),58.35707251,0.058357073
347,233815,9/23/2022,2.00,King_Salmon,2022,-22,266,c(-114.067825, 27.6817017),446.1698514,0.446169851
348,233815,9/25/2022,2.00,King_Salmon,2022,-28,268,c(-114.080215, 27.6758919),1380.531039,1.380531039
349,233815,9/27/2022,2.00,King_Salmon,2022,-27,270,c(-114.074379, 27.6787319),655.7326236,0.655732624
350,233816,6/5/2022,-114.00,King_Salmon,2022,40,156,c(-156.7175598, 58.7134094),NA,#VALUE!
351,233816,6/10/2022,5.00,King_Salmon,2022,42,161,c(-156.7113342, 58.7135353),359.7737187,0.359773719
352,233816,6/15/2022,5.00,King_Salmon,2022,45,166,c(-156.713562, 58.7142525),151.3580088,0.151358009
353,233816,6/20/2022,5.00,King_Salmon,2022,42,171,c(-156.7127991, 58.7142029),44.39709398,0.044397094
354,233816,6/25/2022,5.00,King_Salmon,2022,42,176,c(-156.7107239, 58.7146378),129.2204077,0.129220408
355,233816,6/30/2022,5.00,King_Salmon,2022,27,181,c(-156.9972076, 58.8073845),19475.27908,19.47527908
356,233816,7/1/2022,1.00,King_Salmon,2022,24,182,c(-156.9969025, 58.8074112),17.81970616,0.017819706
357,233816,7/3/2022,2.00,King_Salmon,2022,24,184,c(-157.0128021, 58.8027267),1053.501682,1.053501682
358,233816,7/5/2022,2.00,King_Salmon,2022,18,186,c(-157.0827942, 58.7448196),7598.659235,7.598659235
359,233816,7/7/2022,2.00,King_Salmon,2022,32,188,c(-157.0820007, 58.7463036),171.2459495,0.17124595
360,233816,7/9/2022,2.00,King_Salmon,2022,16,190,c(-157.081924, 58.7421074),466.6178672,0.466617867
361,233816,7/11/2022,2.00,King_Salmon,2022,23,192,c(-157.082352, 58.7428474),85.91006169,0.085910062
362,233816,7/15/2022,4.00,King_Salmon,2022,-27,196,c(-120.84433, 35.3407097),3702104.377,3702.104377
363,233816,7/17/2022,2.00,King_Salmon,2022,-24,198,c(-120.843124, 35.3417091),155.9344282,0.155934428
364,233816,7/19/2022,2.00,King_Salmon,2022,-21,200,c(-120.842583, 35.3436546),221.8255504,0.22182555
365,233816,7/21/2022,2.00,King_Salmon,2022,-30,202,c(-120.842766, 35.3437576),20.16628853,0.020166289
366,233816,7/23/2022,2.00,King_Salmon,2022,-27,204,c(-120.843658, 35.3442955),100.6138045,0.100613805
367,233816,7/25/2022,2.00,King_Salmon,2022,-19,206,c(-110.341133, 27.1929989),1346708.941,1346.708941
368,233816,7/27/2022,2.00,King_Salmon,2022,-25,208,c(-109.776245, 26.7705212),73076.16642,73.07616642
369,233816,7/29/2022,2.00,King_Salmon,2022,-20,210,c(-109.773811, 26.7693958),272.1218075,0.272121808
370,233816,7/31/2022,2.00,King_Salmon,2022,-20,212,c(-109.822655, 26.787878),5266.289819,5.266289819
371,233816,8/2/2022,2.00,King_Salmon,2022,-24,214,c(-109.776344, 26.7682953),5086.919847,5.086919847
372,233816,8/4/2022,2.00,King_Salmon,2022,-21,216,c(-109.822403, 26.7825031),4837.637363,4.837637363
373,233816,8/6/2022,2.00,King_Salmon,2022,-28,218,c(-109.780952, 26.7666302),4477.528844,4.477528844
374,233816,8/8/2022,2.00,King_Salmon,2022,-16,220,c(-109.823273, 26.7876472),4807.499742,4.807499742
375,233816,8/10/2022,2.00,King_Salmon,2022,-22,222,c(-109.811264, 26.7901573),1224.264608,1.224264608
376,233816,8/12/2022,2.00,King_Salmon,2022,-24,224,c(-109.821556, 26.7870083),1079.93771,1.07993771
377,233816,8/14/2022,2.00,King_Salmon,2022,-14,226,c(-109.823502, 26.7883129),241.5701541,0.241570154
378,233816,8/16/2022,2.00,King_Salmon,2022,-21,228,c(-109.821091, 26.7867775),293.9776226,0.293977623
379,233816,8/18/2022,2.00,King_Salmon,2022,-14,230,c(-109.824547, 26.7869816),343.801596,0.343801596
380,233816,8/20/2022,2.00,King_Salmon,2022,-18,232,c(-109.823753, 26.787878),127.0701976,0.127070198
381,233816,8/22/2022,2.00,King_Salmon,2022,-19,234,c(-109.823318, 26.7869568),111.1617502,0.11116175
382,233816,8/24/2022,2.00,King_Salmon,2022,-21,236,c(-109.824371, 26.7873669),114.0376404,0.11403764
383,233816,8/26/2022,2.00,King_Salmon,2022,-26,238,c(-109.82296, 26.7874947),140.7779995,0.140777999
384,233816,8/28/2022,2.00,King_Salmon,2022,-20,240,c(-109.82235, 26.7876472),62.87950672,0.062879507
385,233816,8/30/2022,2.00,King_Salmon,2022,-26,242,c(-109.824806, 26.7863426),283.6844708,0.283684471
386,233816,9/1/2022,2.00,King_Salmon,2022,-21,244,c(-109.821732, 26.7871876),319.272648,0.319272648
387,233816,9/3/2022,2.00,King_Salmon,2022,0,246,c(-109.819305, 26.7868538),243.7526732,0.243752673
388,233816,9/5/2022,2.00,King_Salmon,2022,-19,248,c(-109.823166, 26.7872124),385.3213091,0.385321309
389,233816,9/7/2022,2.00,King_Salmon,2022,-28,250,c(-109.804787, 26.8004475),2343.859139,2.343859139
390,233816,9/9/2022,2.00,King_Salmon,2022,-19,252,c(-109.814156, 26.7872391),1738.357194,1.738357194
391,233816,9/11/2022,2.00,King_Salmon,2022,-24,254,c(-109.821915, 26.7870331),770.5177054,0.770517705
392,233816,9/13/2022,2.00,King_Salmon,2022,-17,256,c(-109.811928, 26.7866745),992.1379097,0.99213791
393,233816,9/15/2022,2.00,King_Salmon,2022,-15,258,c(-109.811958, 26.786726),6.454544351,0.006454544
394,233816,9/17/2022,2.00,King_Salmon,2022,-10,260,c(-109.811699, 26.7958908),1019.405076,1.019405076
395,233816,9/19/2022,2.00,King_Salmon,2022,-22,262,c(-109.803223, 26.7963257),842.6705203,0.84267052
396,233817,6/5/2022,-106.00,King_Salmon,2022,40,156,c(-156.7088013, 58.7091064),NA,#VALUE!
397,233817,6/10/2022,5.00,King_Salmon,2022,42,161,c(-156.7088013, 58.709671),62.78075412,0.062780754
398,233817,6/15/2022,5.00,King_Salmon,2022,42,166,c(-156.7087708, 58.7091331),59.83777646,0.059837776
399,233817,6/20/2022,5.00,King_Salmon,2022,42,171,c(-156.7304535, 58.7205238),1780.964861,1.780964861
400,233817,6/25/2022,5.00,King_Salmon,2022,40,176,c(-156.7137451, 58.7236481),1025.252071,1.025252071
401,233817,6/30/2022,5.00,King_Salmon,2022,39,181,c(-156.7302551, 58.7204208),1018.463451,1.018463451
402,233817,7/1/2022,1.00,King_Salmon,2022,37,182,c(-156.7291565, 58.7199097),85.16372642,0.085163726
403,233817,7/3/2022,2.00,King_Salmon,2022,37,184,c(-156.7302246, 58.7204475),85.90024084,0.085900241
404,233817,7/5/2022,2.00,King_Salmon,2022,1297,186,c(-142.8343201, 49.2754555),1383042.847,1383.042847
405,233817,7/7/2022,2.00,King_Salmon,2022,1363,188,c(-123.8762589, 40.7041168),1761914.924,1761.914924
406,233817,7/9/2022,2.00,King_Salmon,2022,-29,190,c(-122.216232, 37.7471619),358526.6276,358.5266276
407,233817,7/11/2022,2.00,King_Salmon,2022,-21,192,c(-122.216919, 37.7470856),60.99686588,0.060996866
408,233817,7/13/2022,2.00,King_Salmon,2022,-20,194,c(-122.215332, 37.746521),153.009201,0.153009201
409,233817,7/15/2022,2.00,King_Salmon,2022,-21,196,c(-122.215408, 37.7442436),253.3238758,0.253323876
410,233817,7/17/2022,2.00,King_Salmon,2022,-22,198,c(-122.216331, 37.7468796),304.1379613,0.304137961
411,233817,7/19/2022,2.00,King_Salmon,2022,-22,200,c(-117.097847, 32.6181488),735672.0978,735.6720978
412,233817,7/21/2022,2.00,King_Salmon,2022,-27,202,c(-112.195824, 28.9739132),619070.4549,619.0704549
413,233817,7/23/2022,2.00,King_Salmon,2022,-27,204,c(-112.198128, 28.9735031),228.7208131,0.228720813
414,233817,7/25/2022,2.00,King_Salmon,2022,-32,206,c(-112.195442, 28.9736328),261.6871881,0.261687188
415,233817,7/27/2022,2.00,King_Salmon,2022,-26,208,c(-111.907646, 28.8271751),32405.44311,32.40544311
416,233817,7/29/2022,2.00,King_Salmon,2022,-24,210,c(-111.906677, 28.8270473),95.45944503,0.095459445
417,233817,7/31/2022,2.00,King_Salmon,2022,-28,212,c(-111.907188, 28.8273544),60.36614245,0.060366142
418,233817,8/2/2022,2.00,King_Salmon,2022,-30,214,c(-111.908211, 28.8269176),110.8620882,0.110862088
419,233817,8/4/2022,2.00,King_Salmon,2022,-18,216,c(-107.944176, 24.7619705),599153.6848,599.1536848
420,233817,8/6/2022,2.00,King_Salmon,2022,-19,218,c(-107.652412, 24.5047932),41078.59392,41.07859392
421,233817,8/8/2022,2.00,King_Salmon,2022,-11,220,c(-107.670647, 24.528244),3194.223359,3.194223359
422,233817,8/10/2022,2.00,King_Salmon,2022,-24,222,c(-107.659813, 24.5505409),2710.701285,2.710701285
423,233817,8/12/2022,2.00,King_Salmon,2022,-17,224,c(-107.662857, 24.5321865),2064.014167,2.064014167
424,233817,8/14/2022,2.00,King_Salmon,2022,-18,226,c(-107.656746, 24.534029),651.2342347,0.651234235
425,233817,8/16/2022,2.00,King_Salmon,2022,-18,228,c(-107.656975, 24.5400696),672.0844353,0.672084435
426,233817,8/18/2022,2.00,King_Salmon,2022,-7,230,c(-107.666496, 24.5419388),985.2245505,0.985224551
427,233817,8/20/2022,2.00,King_Salmon,2022,-20,232,c(-107.911255, 24.7649403),35024.32654,35.02432654
428,233817,8/22/2022,2.00,King_Salmon,2022,-1,234,c(-107.968086, 24.7571068),5804.079511,5.804079511
429,233817,8/24/2022,2.00,King_Salmon,2022,-17,236,c(-107.967888, 24.7569542),26.223092,0.026223092
430,233817,8/26/2022,2.00,King_Salmon,2022,-6,238,c(-107.914505, 24.7670135),5504.987553,5.504987553
431,233817,8/28/2022,2.00,King_Salmon,2022,-15,240,c(-107.967812, 24.7572346),5491.209065,5.491209065
432,233817,9/3/2022,6.00,King_Salmon,2022,-27,246,c(-107.967934, 24.7571068),18.80697277,0.018806973
433,233817,9/5/2022,2.00,King_Salmon,2022,-21,248,c(-107.966476, 24.7604351),398.2974074,0.398297407
434,233818,6/5/2022,-92.00,King_Salmon,2022,38,156,c(-156.7175293, 58.7133827),NA,#VALUE!
435,233818,6/10/2022,5.00,King_Salmon,2022,43,161,c(-156.7113342, 58.7135353),358.1423351,0.358142335
436,233818,6/15/2022,5.00,King_Salmon,2022,36,166,c(-156.7233124, 58.6617966),5794.58254,5.79458254
437,233818,6/20/2022,5.00,King_Salmon,2022,25,171,c(-157.6691132, 57.5168915),138912.7989,138.9127989
438,233818,6/25/2022,5.00,King_Salmon,2022,26,176,c(-157.6623993, 57.5095406),910.4391749,0.910439175
439,233818,6/30/2022,5.00,King_Salmon,2022,39,181,c(-156.7095947, 58.7403374),147848.8272,147.8488272
440,233818,7/1/2022,1.00,King_Salmon,2022,42,182,c(-156.6776886, 58.7373428),1870.965433,1.870965433
441,233818,7/3/2022,2.00,King_Salmon,2022,28,184,c(-157.0317383, 58.9485435),31087.00065,31.08700065
442,233818,7/5/2022,2.00,King_Salmon,2022,25,186,c(-157.0393677, 58.9240723),2756.062551,2.756062551
443,233818,7/7/2022,2.00,King_Salmon,2022,4,188,c(-157.0307465, 58.9217682),557.2307248,0.557230725
444,233818,7/9/2022,2.00,King_Salmon,2022,22,190,c(-157.035049, 58.9256592),498.1751339,0.498175134
445,233818,7/11/2022,2.00,King_Salmon,2022,23,192,c(-156.989532, 58.8614006),7608.657089,7.608657089
446,233818,7/13/2022,2.00,King_Salmon,2022,-27,194,c(-124.116394, 40.8461685),3039518.962,3039.518962
447,233818,7/15/2022,2.00,King_Salmon,2022,-24,196,c(-124.174324, 40.8222084),5554.377781,5.554377781
448,233818,7/17/2022,2.00,King_Salmon,2022,-21,198,c(-124.171326, 40.8279419),685.6296616,0.685629662
449,233818,7/19/2022,2.00,King_Salmon,2022,-20,200,c(-124.169205, 40.8176765),1155.330337,1.155330337
450,233818,7/21/2022,2.00,King_Salmon,2022,-20,202,c(-124.170563, 40.8300171),1376.9637,1.3769637
451,233818,7/23/2022,2.00,King_Salmon,2022,-22,204,c(-124.155075, 40.8580208),3375.435318,3.375435318
452,233818,7/25/2022,2.00,King_Salmon,2022,-30,206,c(-114.063217, 28.1512833),1685918.786,1685.918786
453,233818,7/27/2022,2.00,King_Salmon,2022,-27,208,c(-114.053749, 28.1579647),1188.932865,1.188932865
454,233818,7/29/2022,2.00,King_Salmon,2022,-28,210,c(-114.236938, 27.7004414),53963.83356,53.96383356
455,233818,7/31/2022,2.00,King_Salmon,2022,-32,212,c(-114.23671, 27.7009277),58.54805634,0.058548056
456,233818,8/2/2022,2.00,King_Salmon,2022,-32,214,c(-114.229721, 27.7087097),1105.525859,1.105525859
457,233818,8/4/2022,2.00,King_Salmon,2022,-27,216,c(-114.237526, 27.7007751),1169.974852,1.169974852
458,233818,8/6/2022,2.00,King_Salmon,2022,-27,218,c(-114.24247, 27.7017727),499.2185441,0.499218544
459,233818,8/8/2022,2.00,King_Salmon,2022,-29,220,c(-114.240982, 27.7014904),149.8189374,0.149818937
460,233818,8/10/2022,2.00,King_Salmon,2022,-31,222,c(-114.236687, 27.6999035),458.1871462,0.458187146
461,233818,8/12/2022,2.00,King_Salmon,2022,-32,224,c(-114.236458, 27.7011833),144.0823059,0.144082306
462,233818,8/14/2022,2.00,King_Salmon,2022,-32,226,c(-114.234482, 27.7013378),195.2948805,0.19529488
463,233818,8/16/2022,2.00,King_Salmon,2022,-23,228,c(-114.236534, 27.700058),247.1111624,0.247111162
464,233818,8/18/2022,2.00,King_Salmon,2022,-29,230,c(-114.239754, 27.699852),317.8402267,0.317840227
465,233818,8/20/2022,2.00,King_Salmon,2022,-26,232,c(-114.239502, 27.699852),24.80979496,0.024809795
466,233818,8/22/2022,2.00,King_Salmon,2022,-35,234,c(-114.236275, 27.7002888),321.3937944,0.321393794
467,233818,8/24/2022,2.00,King_Salmon,2022,-28,236,c(-114.236427, 27.700058),29.70810016,0.0297081
468,233818,8/26/2022,2.00,King_Salmon,2022,-34,238,c(-114.235939, 27.7014408),161.0917155,0.161091716
469,233818,8/28/2022,2.00,King_Salmon,2022,-28,240,c(-114.224861, 27.7062531),1214.808258,1.214808258
470,233818,8/30/2022,2.00,King_Salmon,2022,0,242,c(-114.236816, 27.6998272),1376.870391,1.376870391
471,233818,9/1/2022,2.00,King_Salmon,2022,-24,244,c(-114.236481, 27.6996727),37.18745321,0.037187453
472,233818,9/3/2022,2.00,King_Salmon,2022,-31,246,c(-114.243111, 27.7020283),703.3218889,0.703321889
473,233818,9/5/2022,2.00,King_Salmon,2022,-27,248,c(-114.244034, 27.7008514),159.3205708,0.159320571
474,233818,9/7/2022,2.00,King_Salmon,2022,-28,250,c(-114.237122, 27.7006969),680.7083066,0.680708307
475,233818,9/9/2022,2.00,King_Salmon,2022,-23,252,c(-114.244003, 27.704998),829.241023,0.829241023
476,233818,9/11/2022,2.00,King_Salmon,2022,-33,254,c(-114.237251, 27.7023354),727.6752738,0.727675274
477,233818,9/13/2022,2.00,King_Salmon,2022,-22,256,c(-114.222961, 27.709734),1629.687924,1.629687924
478,233818,9/15/2022,2.00,King_Salmon,2022,-24,258,c(-114.228157, 27.7123203),586.8038342,0.586803834
479,233818,9/17/2022,2.00,King_Salmon,2022,-20,260,c(-114.239426, 27.6994686),1809.120578,1.809120578
480,233818,9/19/2022,2.00,King_Salmon,2022,-17,262,c(-114.236427, 27.7000828),303.0523439,0.303052344
481,233818,9/23/2022,4.00,King_Salmon,2022,-13,266,c(-114.23661, 27.699955),22.94652846,0.022946528
482,233818,9/25/2022,2.00,King_Salmon,2022,-25,268,c(-114.227264, 27.7052803),1094.180815,1.094180815
483,233818,9/27/2022,2.00,King_Salmon,2022,-25,270,c(-114.224655, 27.7064571),288.2580933,0.288258093
484,233819,6/5/2022,-114.00,King_Salmon,2022,32,156,c(-156.6592407, 58.709671),NA,#VALUE!
485,233819,6/10/2022,5.00,King_Salmon,2022,0,161,c(-156.9867859, 58.7485809),19394.53285,19.39453285
486,233819,6/15/2022,5.00,King_Salmon,2022,46,166,c(-156.8725128, 58.6745987),10546.23457,10.54623457
487,233819,6/20/2022,5.00,King_Salmon,2022,20,171,c(-157.0854034, 58.751194),14955.75348,14.95575348
488,233819,6/25/2022,5.00,King_Salmon,2022,21,176,c(-157.0733185, 58.7415924),1275.128517,1.275128517
489,233819,6/30/2022,5.00,King_Salmon,2022,23,181,c(-156.9961395, 58.8089218),8708.778213,8.708778213
490,233819,7/1/2022,1.00,King_Salmon,2022,25,182,c(-156.9962158, 58.8089981),9.554464752,0.009554465
491,233819,7/3/2022,2.00,King_Salmon,2022,23,184,c(-156.998642, 58.8085136),149.7456916,0.149745692
492,233819,7/5/2022,2.00,King_Salmon,2022,24,186,c(-157.0778198, 58.746254),8291.890628,8.291890628
493,233819,7/7/2022,2.00,King_Salmon,2022,19,188,c(-157.0675812, 58.7454834),596.8669613,0.596866961
494,233819,7/9/2022,2.00,King_Salmon,2022,17,190,c(-157.082336, 58.7504768),1016.268623,1.016268623
495,233819,7/11/2022,2.00,King_Salmon,2022,24,192,c(-157.009811, 58.8045425),7322.370033,7.322370033
496,233819,7/13/2022,2.00,King_Salmon,2022,757,194,c(-123.200729, 36.3498116),3490479.33,3490.47933
497,233819,7/15/2022,2.00,King_Salmon,2022,-30,196,c(-117.104935, 32.6090622),696315.2814,696.3152814
498,233819,7/17/2022,2.00,King_Salmon,2022,-34,198,c(-117.09951, 32.6191483),1231.259274,1.231259274
499,233819,7/19/2022,2.00,King_Salmon,2022,-23,200,c(-117.097969, 32.6184311),164.893065,0.164893065
500,233819,7/21/2022,2.00,King_Salmon,2022,-28,202,c(-117.106903, 32.6134148),1005.629668,1.005629668
501,233819,7/23/2022,2.00,King_Salmon,2022,-29,204,c(-117.106674, 32.6130829),42.68579121,0.042685791
502,233819,7/25/2022,2.00,King_Salmon,2022,-28,206,c(-117.115997, 32.6465149),3818.618148,3.818618148
503,233819,7/27/2022,2.00,King_Salmon,2022,-26,208,c(-117.114944, 32.6471291),119.9345949,0.119934595
504,233819,7/29/2022,2.00,King_Salmon,2022,-28,210,c(-113.921906, 31.6261253),321353.1572,321.3531572
505,233819,7/31/2022,2.00,King_Salmon,2022,-25,212,c(-113.926231, 31.6220036),614.6100623,0.614610062
506,233819,8/2/2022,2.00,King_Salmon,2022,-24,214,c(-113.925415, 31.6235142),184.8888663,0.184888866
507,233819,8/4/2022,2.00,King_Salmon,2022,-20,216,c(-113.922829, 31.6229),254.1998753,0.254199875
508,233819,8/6/2022,2.00,King_Salmon,2022,-32,218,c(-113.909798, 31.6243076),1243.713291,1.243713291
509,233819,8/8/2022,2.00,King_Salmon,2022,0,220,c(-113.922829, 31.6272774),1277.224799,1.277224799
510,233819,8/10/2022,2.00,King_Salmon,2022,-22,222,c(-113.922546, 31.6268158),57.90056858,0.057900569
511,233819,8/14/2022,4.00,King_Salmon,2022,-25,226,c(-113.91095, 31.6403065),1858.909379,1.858909379
512,233819,8/16/2022,2.00,King_Salmon,2022,-26,228,c(-113.925621, 31.6244602),2243.65917,2.24365917
513,233819,8/18/2022,2.00,King_Salmon,2022,-17,230,c(-113.920547, 31.628788),679.9827138,0.679982714
514,233819,8/20/2022,2.00,King_Salmon,2022,-30,232,c(-113.909821, 31.6236935),1162.861005,1.162861005
515,233819,8/22/2022,2.00,King_Salmon,2022,-26,234,c(-113.910515, 31.6248188),141.3322316,0.141332232
516,233819,8/24/2022,2.00,King_Salmon,2022,-15,236,c(-113.920677, 31.6263561),977.2237433,0.977223743
517,233819,8/26/2022,2.00,King_Salmon,2022,-23,238,c(-113.922653, 31.6273022),214.6383367,0.214638337
518,233819,8/28/2022,2.00,King_Salmon,2022,-30,240,c(-113.921753, 31.6266365),112.8737905,0.11287379
519,233819,8/30/2022,2.00,King_Salmon,2022,-26,242,c(-113.921165, 31.6290169),270.4801202,0.27048012
520,233819,9/1/2022,2.00,King_Salmon,2022,-22,244,c(-113.922806, 31.6245632),519.0303352,0.519030335
521,233819,9/3/2022,2.00,King_Salmon,2022,-22,246,c(-113.921806, 31.6270466),291.9228741,0.291922874
522,233819,9/5/2022,2.00,King_Salmon,2022,-26,248,c(-113.920883, 31.6272774),91.08028616,0.091080286
523,233819,9/7/2022,2.00,King_Salmon,2022,-15,250,c(-113.922653, 31.6272774),167.5838004,0.1675838
524,233819,9/9/2022,2.00,King_Salmon,2022,-23,252,c(-113.922653, 31.6268425),48.3587495,0.04835875
525,233819,9/11/2022,2.00,King_Salmon,2022,-25,254,c(-113.920425, 31.629324),347.3265168,0.347326517
526,233819,9/15/2022,4.00,King_Salmon,2022,-17,258,c(-113.922058, 31.6237431),639.5396839,0.639539684
527,233819,9/17/2022,2.00,King_Salmon,2022,-23,260,c(-110.55835, 27.4519176),566556.9463,566.5569463
528,233819,9/19/2022,2.00,King_Salmon,2022,-25,262,c(-110.245361, 27.1647625),44450.36601,44.45036601
529,233819,9/21/2022,2.00,King_Salmon,2022,-7,264,c(-110.133827, 27.1304569),11676.4327,11.6764327
530,233819,9/23/2022,2.00,King_Salmon,2022,-18,266,c(-110.235741, 27.1688328),10949.44739,10.94944739
531,233819,9/25/2022,2.00,King_Salmon,2022,-7,268,c(-110.260925, 27.1555977),2893.692583,2.893692583
532,233819,9/27/2022,2.00,King_Salmon,2022,-21,270,c(-110.245949, 27.1670399),1952.944102,1.952944102
533,233819,9/29/2022,2.00,King_Salmon,2022,-5,272,c(-110.140991, 27.1291256),11208.15805,11.20815805
534,233820,6/10/2022,-111.00,King_Salmon,2022,40,161,c(-156.7117767, 58.7160721),NA,#VALUE!
535,233820,6/15/2022,5.00,King_Salmon,2022,46,166,c(-156.7146606, 58.7175827),236.5209115,0.236520912
536,233820,6/20/2022,5.00,King_Salmon,2022,43,171,c(-156.7148895, 58.7174797),17.48849808,0.017488498
537,233820,6/25/2022,5.00,King_Salmon,2022,28,176,c(-156.6282349, 58.6470795),9293.231919,9.293231919
538,233820,6/30/2022,5.00,King_Salmon,2022,1977,181,c(-142.4147339, 53.1137657),1075697.974,1075.697974
539,233820,7/1/2022,1.00,King_Salmon,2022,795,182,c(-127.3301926, 42.4985199),1625257.938,1625.257938
540,233820,7/3/2022,2.00,King_Salmon,2022,-35,184,c(-122.1691742, 37.6786804),692522.0587,692.5220587
541,233820,7/5/2022,2.00,King_Salmon,2022,-22,186,c(-122.1126785, 37.5638924),13699.43494,13.69943494
542,233820,7/7/2022,2.00,King_Salmon,2022,-22,188,c(-122.248024, 37.5213699),12835.58033,12.83558033
543,233820,7/9/2022,2.00,King_Salmon,2022,-28,190,c(-122.116135, 37.5652237),12609.17549,12.60917549
544,233820,7/11/2022,2.00,King_Salmon,2022,-29,192,c(-122.245796, 37.5187836),12544.06394,12.54406394
545,233820,7/13/2022,2.00,King_Salmon,2022,-18,194,c(-122.248642, 37.5211143),360.784438,0.360784438
546,233820,7/15/2022,2.00,King_Salmon,2022,-20,196,c(-122.138405, 37.6046219),13440.05171,13.44005171
547,233820,7/17/2022,2.00,King_Salmon,2022,-21,198,c(-122.116341, 37.5653),4785.167754,4.785167754
548,233820,7/19/2022,2.00,King_Salmon,2022,-23,200,c(-122.237968, 37.5052147),12635.39462,12.63539462
549,233820,7/21/2022,2.00,King_Salmon,2022,2386,202,c(-115.127281, 29.5982971),1097924.591,1097.924591
550,233820,7/23/2022,2.00,King_Salmon,2022,-26,204,c(-113.068787, 26.6279297),387082.7264,387.0827264
551,233820,7/25/2022,2.00,King_Salmon,2022,-24,206,c(-109.374374, 25.8602886),378195.7555,378.1957555
552,233820,7/27/2022,2.00,King_Salmon,2022,-1,208,c(-108.033882, 25.0537338),161726.8819,161.7268819
553,233820,7/29/2022,2.00,King_Salmon,2022,-26,210,c(-108.034164, 25.0538368),30.62860725,0.030628607
554,233820,7/31/2022,2.00,King_Salmon,2022,-16,212,c(-108.033981, 25.0537605),20.29279825,0.020292798
555,233820,8/2/2022,2.00,King_Salmon,2022,-16,214,c(-108.034447, 25.0534534),58.04823506,0.058048235
556,233820,8/4/2022,2.00,King_Salmon,2022,-17,216,c(-108.034416, 25.0538883),48.45946798,0.048459468
557,233820,8/6/2022,2.00,King_Salmon,2022,-19,218,c(-108.034676, 25.0529156),111.285311,0.111285311
558,233820,8/8/2022,2.00,King_Salmon,2022,-15,220,c(-108.033936, 25.0539913),140.9388181,0.140938818
559,233820,8/10/2022,2.00,King_Salmon,2022,0,222,c(-108.033546, 25.0539646),39.39776487,0.039397765
560,233820,8/12/2022,2.00,King_Salmon,2022,-22,224,c(-108.043304, 25.0288773),2957.730736,2.957730736
561,233820,8/14/2022,2.00,King_Salmon,2022,-14,226,c(-108.043633, 25.0317192),317.7391062,0.317739106
562,233820,8/16/2022,2.00,King_Salmon,2022,-25,228,c(-108.042992, 25.0345592),322.3298953,0.322329895
563,233820,8/18/2022,2.00,King_Salmon,2022,-13,230,c(-108.041641, 25.032999),220.5088326,0.220508833
564,233820,8/20/2022,2.00,King_Salmon,2022,-23,232,c(-108.039307, 25.0289288),510.0312211,0.510031221
565,233820,8/22/2022,2.00,King_Salmon,2022,-18,234,c(-108.04438, 25.0629768),3820.307228,3.820307228
566,233820,8/24/2022,2.00,King_Salmon,2022,-25,236,c(-108.034164, 25.0537605),1452.298243,1.452298243
567,233820,8/26/2022,2.00,King_Salmon,2022,-13,238,c(-108.034058, 25.0539131),20.04840174,0.020048402
568,233820,8/28/2022,2.00,King_Salmon,2022,-16,240,c(-108.033905, 25.0541439),29.93601041,0.02993601
569,233820,8/30/2022,2.00,King_Salmon,2022,-22,242,c(-108.035133, 25.0477695),719.5156182,0.719515618
570,233820,9/3/2022,4.00,King_Salmon,2022,-21,246,c(-108.034851, 25.0468731),103.6445197,0.10364452
571,233820,9/5/2022,2.00,King_Salmon,2022,-13,248,c(-108.034264, 25.0538883),782.2938945,0.782293895
572,233820,9/7/2022,2.00,King_Salmon,2022,-20,250,c(-108.035316, 25.0476418),702.6179943,0.702617994
573,233820,9/9/2022,2.00,King_Salmon,2022,-18,252,c(-108.035088, 25.0466423),113.4880321,0.113488032
574,233820,9/11/2022,2.00,King_Salmon,2022,-11,254,c(-108.035088, 25.0462589),42.63220179,0.042632202
575,233820,9/13/2022,2.00,King_Salmon,2022,-5,256,c(-108.035164, 25.04846),244.8712535,0.244871253
576,233820,9/15/2022,2.00,King_Salmon,2022,-10,258,c(-108.034698, 25.0456696),313.809952,0.313809952
577,233821,6/5/2022,-102.00,King_Salmon,2022,43,156,c(-156.6173096, 58.6880112),NA,#VALUE!
578,233821,6/10/2022,5.00,King_Salmon,2022,48,161,c(-156.6179962, 58.6871414),104.5398952,0.104539895
579,233821,6/15/2022,5.00,King_Salmon,2022,45,166,c(-156.6179962, 58.6871414),0,0
580,233821,6/20/2022,5.00,King_Salmon,2022,45,171,c(-156.6179657, 58.6871414),1.762573702,0.001762574
581,233821,6/25/2022,5.00,King_Salmon,2022,47,176,c(-156.6179657, 58.6871681),2.968909201,0.002968909
582,233821,6/30/2022,5.00,King_Salmon,2022,43,181,c(-156.6179657, 58.6871185),5.515277019,0.005515277
583,233821,7/1/2022,1.00,King_Salmon,2022,44,182,c(-156.6179657, 58.6871414),2.546367818,0.002546368
584,233821,7/3/2022,2.00,King_Salmon,2022,39,184,c(-156.6170044, 58.687809),92.71852613,0.092718526
585,233821,7/5/2022,2.00,King_Salmon,2022,44,186,c(-156.6007996, 58.6883469),938.3471056,0.938347106
586,233821,7/7/2022,2.00,King_Salmon,2022,0,188,c(-156.6026917, 58.6874733),146.2586129,0.146258613
587,233821,7/9/2022,2.00,King_Salmon,2022,38,190,c(-156.602325, 58.6871185),44.78315322,0.044783153
588,233821,7/11/2022,2.00,King_Salmon,2022,42,192,c(-156.600128, 58.6935921),730.9416098,0.73094161
589,233821,7/13/2022,2.00,King_Salmon,2022,-1,194,c(-156.601868, 58.6879883),631.1745432,0.631174543
590,233821,7/15/2022,2.00,King_Salmon,2022,51,196,c(-156.601822, 58.6879883),2.658243285,0.002658243
591,233821,7/17/2022,2.00,King_Salmon,2022,20,198,c(-157.00351, 58.8076668),26722.1056,26.7221056
592,233821,7/19/2022,2.00,King_Salmon,2022,-2,200,c(-157.069382, 58.7320442),9226.655131,9.226655131
593,233821,7/23/2022,4.00,King_Salmon,2022,19,204,c(-157.08197, 58.7476616),1882.363027,1.882363027
594,233821,7/25/2022,2.00,King_Salmon,2022,15,206,c(-157.07019, 58.7358093),1482.864584,1.482864584
595,233821,7/27/2022,2.00,King_Salmon,2022,0,208,c(-157.066055, 58.7354736),241.5281327,0.241528133
596,233821,7/29/2022,2.00,King_Salmon,2022,26,210,c(-157.039581, 58.7854958),5767.93918,5.76793918
597,233821,7/31/2022,2.00,King_Salmon,2022,9,212,c(-157.03894, 58.7864685),114.2929393,0.114292939
598,233821,8/2/2022,2.00,King_Salmon,2022,26,214,c(-157.036041, 58.7880325),241.1431194,0.241143119
599,233821,8/6/2022,4.00,King_Salmon,2022,-30,218,c(-116.608986, 31.7766018),4248945.732,4248.945732
600,233821,8/8/2022,2.00,King_Salmon,2022,-24,220,c(-116.615105, 31.7651081),1402.854453,1.402854453
601,233821,8/10/2022,2.00,King_Salmon,2022,-30,222,c(-110.907532, 27.8904457),698906.7232,698.9067232
602,233821,8/12/2022,2.00,King_Salmon,2022,-31,224,c(-110.464859, 27.3187447),77096.35751,77.09635751
603,233821,8/14/2022,2.00,King_Salmon,2022,-18,226,c(-110.464806, 27.3188992),17.95984985,0.01795985
604,233821,8/16/2022,2.00,King_Salmon,2022,-18,228,c(-110.464729, 27.3192577),40.58277226,0.040582772
605,233821,8/18/2022,2.00,King_Salmon,2022,-23,230,c(-110.459099, 27.3152637),711.7651274,0.711765127
606,233821,8/20/2022,2.00,King_Salmon,2022,-22,232,c(-110.464294, 27.3158779),517.7693587,0.517769359
607,233821,8/22/2022,2.00,King_Salmon,2022,-24,234,c(-110.449776, 27.3263226),1845.513275,1.845513275
608,233821,8/24/2022,2.00,King_Salmon,2022,-15,236,c(-110.451881, 27.3262711),208.0243459,0.208024346
609,233821,8/26/2022,2.00,King_Salmon,2022,-24,238,c(-110.462219, 27.3204861),1206.981253,1.206981253
610,233821,8/30/2022,4.00,King_Salmon,2022,-49,242,c(-110.451057, 27.3224316),1123.722296,1.123722296
611,233821,9/1/2022,2.00,King_Salmon,2022,-15,244,c(-110.461708, 27.3184891),1139.899515,1.139899515
612,233821,9/3/2022,2.00,King_Salmon,2022,-17,246,c(-110.461014, 27.3184643),68.61807625,0.068618076
613,233821,9/5/2022,2.00,King_Salmon,2022,-26,248,c(-110.454262, 27.3273468),1191.829266,1.191829266
614,233821,9/7/2022,2.00,King_Salmon,2022,-28,250,c(-110.458557, 27.3217926),749.3032465,0.749303247
615,233821,9/9/2022,2.00,King_Salmon,2022,-20,252,c(-110.451035, 27.3267078),922.4363281,0.922436328
616,233821,9/11/2022,2.00,King_Salmon,2022,-23,254,c(-110.461861, 27.3220215),1189.67557,1.18967557
617,233821,9/13/2022,2.00,King_Salmon,2022,0,256,c(-110.460609, 27.3181572),447.1388707,0.447138871
618,233821,9/15/2022,2.00,King_Salmon,2022,-17,258,c(-110.461761, 27.3184128),117.3053634,0.117305363
619,233821,9/17/2022,2.00,King_Salmon,2022,-18,260,c(-110.461502, 27.3187447),44.90819739,0.044908197
620,233821,9/19/2022,2.00,King_Salmon,2022,-27,262,c(-110.462273, 27.3186169),77.48388387,0.077483884
621,233823,6/25/2022,-86.00,King_Salmon,2022,23,176,c(-156.6282043, 58.6470528),NA,#VALUE!
622,233823,6/30/2022,5.00,King_Salmon,2022,1976,181,c(-142.4148102, 53.1137161),1075694.706,1075.694706
623,233823,7/1/2022,1.00,King_Salmon,2022,796,182,c(-127.3302689, 42.4987259),1625236.366,1625.236366
624,233823,7/3/2022,2.00,King_Salmon,2022,-20,184,c(-122.1436005, 37.6437378),696994.8132,696.9948132
625,233823,7/5/2022,2.00,King_Salmon,2022,-27,186,c(-122.1445007, 37.6439934),84.20141739,0.084201417
626,233823,7/7/2022,2.00,King_Salmon,2022,-24,188,c(-122.0525665, 37.4925194),18690.81478,18.69081478
627,233823,7/9/2022,2.00,King_Salmon,2022,-29,190,c(-118.043816, 33.6950645),556369.3296,556.3693296
628,233823,7/11/2022,2.00,King_Salmon,2022,-27,192,c(-114.014481, 31.5171204),448382.2922,448.3822922
629,233823,7/13/2022,2.00,King_Salmon,2022,-24,194,c(-113.929047, 31.5932026),11709.08719,11.70908719
630,233823,7/15/2022,2.00,King_Salmon,2022,-23,196,c(-113.936089, 31.6410503),5362.052719,5.362052719
631,233823,7/17/2022,2.00,King_Salmon,2022,-22,198,c(-113.938698, 31.6295547),1301.89972,1.30189972
632,233823,7/19/2022,2.00,King_Salmon,2022,-18,200,c(-113.931892, 31.6104317),2221.894627,2.221894627
633,233823,7/21/2022,2.00,King_Salmon,2022,-24,202,c(-113.929642, 31.59305),1944.471031,1.944471031
634,233823,7/23/2022,2.00,King_Salmon,2022,-10,204,c(-113.928566, 31.5948162),221.2605784,0.221260578
635,233823,7/25/2022,2.00,King_Salmon,2022,-24,206,c(-113.930305, 31.5919743),356.3542147,0.356354215
636,233823,7/27/2022,2.00,King_Salmon,2022,-30,208,c(-113.929794, 31.5915394),68.41877468,0.068418775
637,233823,7/29/2022,2.00,King_Salmon,2022,-29,210,c(-113.931328, 31.6064644),1665.933942,1.665933942
638,233823,7/31/2022,2.00,King_Salmon,2022,-24,212,c(-113.932762, 31.6108932),510.8413774,0.510841377
639,233823,8/2/2022,2.00,King_Salmon,2022,-26,214,c(-113.934631, 31.6133251),323.1849414,0.323184941
640,233823,8/4/2022,2.00,King_Salmon,2022,-25,216,c(-113.927155, 31.6071815),983.8101387,0.983810139
641,233823,8/6/2022,2.00,King_Salmon,2022,-18,218,c(-113.929893, 31.5927944),1620.654787,1.620654787
642,233823,8/8/2022,2.00,King_Salmon,2022,-39,220,c(-113.920753, 31.5917435),873.5528208,0.873552821
643,233823,8/10/2022,2.00,King_Salmon,2022,-26,222,c(-113.922035, 31.5950985),392.3228772,0.392322877
644,233823,8/12/2022,2.00,King_Salmon,2022,-23,224,c(-113.932686, 31.6129913),2230.679249,2.230679249
645,233823,8/14/2022,2.00,King_Salmon,2022,-23,226,c(-113.935837, 31.6410751),3136.999604,3.136999604
646,233823,8/16/2022,2.00,King_Salmon,2022,-24,228,c(-113.93425, 31.6150398),2898.894488,2.898894488
647,233823,8/18/2022,2.00,King_Salmon,2022,-21,230,c(-113.934044, 31.6065407),945.259597,0.945259597
648,233823,8/20/2022,2.00,King_Salmon,2022,-26,232,c(-113.93084, 31.6002693),760.504498,0.760504498
649,233823,8/22/2022,2.00,King_Salmon,2022,-25,234,c(-113.91584, 31.5875969),2001.001209,2.001001209
650,233823,8/24/2022,2.00,King_Salmon,2022,-20,236,c(-113.92897, 31.5899258),1270.339433,1.270339433
651,233823,8/26/2022,2.00,King_Salmon,2022,-29,238,c(-113.928207, 31.5926151),307.6457517,0.307645752
652,233823,8/28/2022,2.00,King_Salmon,2022,-26,240,c(-113.932709, 31.611124),2101.799156,2.101799156
653,233823,8/30/2022,2.00,King_Salmon,2022,-23,242,c(-113.934685, 31.6172161),702.7790007,0.702779001
654,233823,9/1/2022,2.00,King_Salmon,2022,1,244,c(-113.935448, 31.61166),622.0215021,0.622021502
655,233823,9/3/2022,2.00,King_Salmon,2022,-23,246,c(-113.92897, 31.604826),976.6249364,0.976624936
656,233823,9/5/2022,2.00,King_Salmon,2022,-28,248,c(-113.928284, 31.5978374),779.8091816,0.779809182
657,233823,9/7/2022,2.00,King_Salmon,2022,-30,250,c(-113.921295, 31.5940475),784.7042262,0.784704226
658,233823,9/9/2022,2.00,King_Salmon,2022,-29,252,c(-113.930634, 31.592308),905.4427009,0.905442701
659,233823,9/11/2022,2.00,King_Salmon,2022,-19,254,c(-113.932556, 31.6102524),2003.614927,2.003614927
660,233823,9/13/2022,2.00,King_Salmon,2022,-18,256,c(-113.933174, 31.6119423),196.8108829,0.196810883
661,233823,9/15/2022,2.00,King_Salmon,2022,-19,258,c(-113.927177, 31.6076927),738.7848521,0.738784852
662,233823,9/17/2022,2.00,King_Salmon,2022,-27,260,c(-113.927895, 31.5998077),879.4061679,0.879406168
663,233823,9/19/2022,2.00,King_Salmon,2022,-26,262,c(-113.932068, 31.5942783),730.9148074,0.730914807
664,233823,9/21/2022,2.00,King_Salmon,2022,-34,264,c(-113.921089, 31.5921783),1065.768783,1.065768783
665,233823,9/23/2022,2.00,King_Salmon,2022,1,266,c(-113.930664, 31.5929222),910.6648414,0.910664841
666,233823,9/25/2022,2.00,King_Salmon,2022,-22,268,c(-113.92511, 31.6038265),1321.688792,1.321688792
667,233823,9/27/2022,2.00,King_Salmon,2022,-21,270,c(-113.833382, 31.5778179),9156.908325,9.156908325
668,233823,9/29/2022,2.00,King_Salmon,2022,-22,272,c(-113.698212, 31.5230598),14182.05639,14.18205639
669,233824,6/5/2022,-116.00,King_Salmon,2022,43,156,c(-156.6172333, 58.6880112),NA,#VALUE!
670,233824,6/10/2022,5.00,King_Salmon,2022,46,161,c(-156.6227875, 58.6897774),376.2760279,0.376276028
671,233824,6/15/2022,5.00,King_Salmon,2022,46,166,c(-156.6179199, 58.6878319),354.8494601,0.35484946
672,233824,6/20/2022,5.00,King_Salmon,2022,28,171,c(-156.6221924, 58.6495361),4265.464926,4.265464926
673,233824,6/25/2022,5.00,King_Salmon,2022,25,176,c(-156.6217041, 58.6494331),30.48244189,0.030482442
674,233824,6/30/2022,5.00,King_Salmon,2022,21,181,c(-156.5906525, 58.6518898),1816.980462,1.816980462
675,233824,7/1/2022,1.00,King_Salmon,2022,26,182,c(-156.6427002, 58.6488457),3029.939476,3.029939476
676,233824,7/3/2022,2.00,King_Salmon,2022,28,184,c(-156.6418304, 58.6485367),60.9320999,0.0609321
677,233824,7/5/2022,2.00,King_Salmon,2022,30,186,c(-156.6426239, 58.6487427),51.30395925,0.051303959
678,233824,7/7/2022,2.00,King_Salmon,2022,24,188,c(-156.6201782, 58.6570358),1592.543924,1.592543924
679,233824,7/9/2022,2.00,King_Salmon,2022,39,190,c(-156.628113, 58.6464386),1264.601444,1.264601444
680,233824,7/11/2022,2.00,King_Salmon,2022,-2,192,c(-157.560852, 57.4994049),138834.8233,138.8348233
681,233824,7/13/2022,2.00,King_Salmon,2022,24,194,c(-157.560257, 57.498661),90.03345946,0.090033459
682,233824,7/15/2022,2.00,King_Salmon,2022,34,196,c(-157.537476, 57.6523399),17142.23408,17.14223408
683,233824,7/17/2022,2.00,King_Salmon,2022,66,198,c(-157.537567, 57.6527481),45.71159233,0.045711592
684,233824,7/19/2022,2.00,King_Salmon,2022,21,200,c(-157.537704, 57.6524162),37.79501786,0.037795018
685,233824,7/21/2022,2.00,King_Salmon,2022,30,202,c(-157.536392, 57.6523895),78.11443427,0.078114434
686,233824,7/23/2022,2.00,King_Salmon,2022,28,204,c(-157.534912, 57.6518784),104.8014344,0.104801434
687,233824,7/25/2022,2.00,King_Salmon,2022,30,206,c(-157.537323, 57.6524658),157.6149388,0.157614939
688,233824,7/27/2022,2.00,King_Salmon,2022,29,208,c(-157.5354, 57.6520081),125.2193973,0.125219397
689,233824,7/29/2022,2.00,King_Salmon,2022,44,210,c(-157.598679, 57.6110992),5906.123614,5.906123614
690,233824,7/31/2022,2.00,King_Salmon,2022,23,212,c(-157.598663, 57.6110992),0.953010023,0.00095301
691,233824,8/2/2022,2.00,King_Salmon,2022,32,214,c(-157.598907, 57.6106377),53.33488234,0.053334882
692,233824,8/4/2022,2.00,King_Salmon,2022,0,216,c(-133.151855, 40.7857552),2552169.704,2552.169704
693,233824,8/6/2022,2.00,King_Salmon,2022,-27,218,c(-124.15712, 40.8180351),756778.5704,756.7785704
694,233824,8/8/2022,2.00,King_Salmon,2022,-24,220,c(-124.155174, 40.8577919),4423.791594,4.423791594
695,233824,8/10/2022,2.00,King_Salmon,2022,-22,222,c(-124.17028, 40.8319092),3146.056015,3.146056015
696,233824,8/12/2022,2.00,King_Salmon,2022,-8,224,c(-122.08255, 37.4991226),411950.9056,411.9509056
697,233824,8/22/2022,10.00,King_Salmon,2022,-24,234,c(-122.091507, 37.4457741),5984.523934,5.984523934
698,233824,8/24/2022,2.00,King_Salmon,2022,-31,236,c(-122.096497, 37.4383736),933.403696,0.933403696
699,233824,8/26/2022,2.00,King_Salmon,2022,-31,238,c(-122.090843, 37.4428558),705.3915852,0.705391585
700,233824,8/28/2022,2.00,King_Salmon,2022,-24,240,c(-122.092735, 37.4412155),247.3223973,0.247322397
701,233824,8/30/2022,2.00,King_Salmon,2022,-28,242,c(-122.093147, 37.4409866),44.39487235,0.044394872
702,233824,9/1/2022,2.00,King_Salmon,2022,-23,244,c(-122.035522, 37.4561653),5359.688953,5.359688953
703,233824,9/3/2022,2.00,King_Salmon,2022,-21,246,c(-122.093246, 37.4407539),5376.183762,5.376183762
704,233824,9/5/2022,2.00,King_Salmon,2022,-21,248,c(-122.096886, 37.438118),434.9550641,0.434955064
705,233824,9/7/2022,2.00,King_Salmon,2022,-20,250,c(-122.096909, 37.4380417),8.72382064,0.008723821
706,233824,9/9/2022,2.00,King_Salmon,2022,-17,252,c(-122.043022, 37.4570618),5206.040074,5.206040074
707,233824,9/11/2022,2.00,King_Salmon,2022,-17,254,c(-122.041641, 37.4619789),560.1801167,0.560180117
708,233824,9/13/2022,2.00,King_Salmon,2022,-13,256,c(-122.038467, 37.4760818),1592.995055,1.592995055
709,233824,9/15/2022,2.00,King_Salmon,2022,-19,258,c(-122.099747, 37.4392204),6786.569438,6.786569438
710,233824,9/17/2022,2.00,King_Salmon,2022,-21,260,c(-122.099083, 37.4356346),403.0102382,0.403010238
711,233824,9/19/2022,2.00,King_Salmon,2022,-22,262,c(-122.097832, 37.4373245),217.9669038,0.217966904
712,233824,9/21/2022,2.00,King_Salmon,2022,-18,264,c(-122.09742, 37.4371452),41.48136769,0.041481368
