timestamp,location-long,location-lat,gps:fix-type-raw,height-above-ellipsoid,sensor-type,individual-taxon-canonical-name,tag-local-identifier,utm-easting,utm-northing,utm-zone,study-timezone
7/9/22 12:00 AM,-156.602325,58.6871185,3D,38,gps,Limnodromus griseus,233821,638980.9352,6507698.312,4N,Alaska Daylight Time
7/11/22 12:00 AM,-156.600128,58.6935921,3D,42,gps,Limnodromus griseus,233821,639082.4505,6508423.382,4N,Alaska Daylight Time
7/13/22 12:00 AM,-156.601868,58.6879883,3D,-1,gps,Limnodromus griseus,233821,639003.9542,6507796.068,4N,Alaska Daylight Time
7/15/22 12:00 AM,-156.601822,58.6879883,3D,51,gps,Limnodromus griseus,233821,639006.6199,6507796.163,4N,Alaska Daylight Time
7/17/22 12:00 AM,-157.00351,58.8076668,3D,20,gps,Limnodromus griseus,233821,615331.1646,6520355.082,4N,Alaska Daylight Time
7/19/22 12:00 AM,-157.069382,58.7320442,3D,-2,gps,Limnodromus griseus,233821,611769.2596,6511825.396,4N,Alaska Daylight Time
7/23/22 12:00 AM,-157.08197,58.7476616,3D,19,gps,Limnodromus griseus,233821,610990.8615,6513542.957,4N,Alaska Daylight Time
7/23/22 12:00 AM,-157.08197,58.7476616,3D,19,gps,Limnodromus griseus,233821,610990.8615,6513542.957,4N,Alaska Daylight Time
7/25/22 12:00 AM,-157.07019,58.7358093,3D,15,gps,Limnodromus griseus,233821,611710.4193,6512243.167,4N,Alaska Daylight Time
7/25/22 12:00 AM,-157.07019,58.7358093,3D,15,gps,Limnodromus griseus,233821,611710.4193,6512243.167,4N,Alaska Daylight Time
7/27/22 12:00 AM,-157.066055,58.7354736,2D,0,gps,Limnodromus griseus,233821,611950.8177,6512212.699,4N,Alaska Daylight Time
7/27/22 12:00 AM,-157.066055,58.7354736,2D,0,gps,Limnodromus griseus,233821,611950.8177,6512212.699,4N,Alaska Daylight Time
7/29/22 12:00 AM,-157.039581,58.7854958,3D,26,gps,Limnodromus griseus,233821,613320.0893,6517825.513,4N,Alaska Daylight Time
7/31/22 12:00 AM,-157.03894,58.7864685,3D,9,gps,Limnodromus griseus,233821,613353.9643,6517934.875,4N,Alaska Daylight Time
7/31/22 12:00 AM,-157.03894,58.7864685,3D,9,gps,Limnodromus griseus,233821,613353.9643,6517934.875,4N,Alaska Daylight Time
8/2/22 12:00 AM,-157.036041,58.7880325,3D,26,gps,Limnodromus griseus,233821,613516.3972,6518113.884,4N,Alaska Daylight Time
8/2/22 12:00 AM,-157.036041,58.7880325,3D,26,gps,Limnodromus griseus,233821,613516.3972,6518113.884,4N,Alaska Daylight Time
8/6/22 12:00 AM,-116.608986,31.7766018,3D,-30,gps,Limnodromus griseus,233821,537022.7598,3515740.652,11N,Alaska Daylight Time
8/8/22 12:00 AM,-116.615105,31.7651081,3D,-24,gps,Limnodromus griseus,233821,536447.8907,3514464.629,11N,Alaska Daylight Time
8/10/22 12:00 AM,-110.907532,27.8904457,3D,-30,gps,Limnodromus griseus,233821,509100.8677,3085070.012,12N,Alaska Daylight Time
8/12/22 12:00 AM,-110.464859,27.3187447,3D,-31,gps,Limnodromus griseus,233821,552944.0462,3021853.425,12N,Alaska Daylight Time
8/14/22 12:00 AM,-110.464806,27.3188992,3D,-18,gps,Limnodromus griseus,233821,552949.2165,3021870.561,12N,Alaska Daylight Time
8/14/22 12:00 AM,-110.464806,27.3188992,3D,-18,gps,Limnodromus griseus,233821,552949.2165,3021870.561,12N,Alaska Daylight Time
8/16/22 12:00 AM,-110.464729,27.3192577,3D,-18,gps,Limnodromus griseus,233821,552956.6643,3021910.304,12N,Alaska Daylight Time
8/16/22 12:00 AM,-110.464729,27.3192577,3D,-18,gps,Limnodromus griseus,233821,552956.6643,3021910.304,12N,Alaska Daylight Time
8/18/22 12:00 AM,-110.459099,27.3152637,3D,-23,gps,Limnodromus griseus,233821,553515.5908,3021470.301,12N,Alaska Daylight Time
8/20/22 12:00 AM,-110.464294,27.3158779,3D,-22,gps,Limnodromus griseus,233821,553001.3079,3021536.118,12N,Alaska Daylight Time
8/22/22 12:00 AM,-110.449776,27.3263226,3D,-24,gps,Limnodromus griseus,233821,554432.6056,3022699.296,12N,Alaska Daylight Time
8/24/22 12:00 AM,-110.451881,27.3262711,3D,-15,gps,Limnodromus griseus,233821,554224.3833,3022692.675,12N,Alaska Daylight Time
8/26/22 12:00 AM,-110.462219,27.3204861,3D,-24,gps,Limnodromus griseus,233821,553204.4075,3022047.438,12N,Alaska Daylight Time
8/30/22 12:00 AM,-110.451057,27.3224316,3D,-49,gps,Limnodromus griseus,233821,554307.772,3022267.742,12N,Alaska Daylight Time
9/1/22 12:00 AM,-110.461708,27.3184891,3D,-15,gps,Limnodromus griseus,233821,553255.9171,3021826.454,12N,Alaska Daylight Time
9/3/22 12:00 AM,-110.461014,27.3184643,3D,-17,gps,Limnodromus griseus,233821,553324.591,3021824.003,12N,Alaska Daylight Time
9/9/22 12:00 AM,-110.451035,27.3267078,3D,-20,gps,Limnodromus griseus,233821,554307.8652,3022741.415,12N,Alaska Daylight Time
9/11/22 12:00 AM,-110.461861,27.3220215,3D,-23,gps,Limnodromus griseus,233821,553239.093,3022217.662,12N,Alaska Daylight Time
7/9/22 12:00 AM,-156.840973,58.7657585,3D,52,gps,Limnodromus griseus,233815,624868.858,6515981.59,4N,Alaska Daylight Time
7/11/22 12:00 AM,-156.848526,58.7665291,3D,51,gps,Limnodromus griseus,233815,624429.3646,6516053.312,4N,Alaska Daylight Time
7/13/22 12:00 AM,-122.860916,38.0376701,3D,542,gps,Limnodromus griseus,233815,512204.9575,4210003.737,10N,Alaska Daylight Time
7/15/22 12:00 AM,-117.104988,32.6097031,3D,-22,gps,Limnodromus griseus,233815,490149.503,3608024.808,11N,Alaska Daylight Time
7/17/22 12:00 AM,-117.109879,32.6364784,3D,-23,gps,Limnodromus griseus,233815,489693.6734,3610993.407,11N,Alaska Daylight Time
7/19/22 12:00 AM,-117.111488,32.6374016,3D,-26,gps,Limnodromus griseus,233815,489542.8613,3611095.905,11N,Alaska Daylight Time
7/21/22 12:00 AM,-117.111206,32.6483841,3D,-22,gps,Limnodromus griseus,233815,489570.5864,3612313.329,11N,Alaska Daylight Time
7/21/22 12:00 AM,-117.111206,32.6483841,3D,-22,gps,Limnodromus griseus,233815,489570.5864,3612313.329,11N,Alaska Daylight Time
7/23/22 12:00 AM,-117.10936,32.6488686,3D,-32,gps,Limnodromus griseus,233815,489743.7682,3612366.858,11N,Alaska Daylight Time
7/25/22 12:00 AM,-117.129486,32.6076279,3D,-27,gps,Limnodromus griseus,233815,487850.6969,3607797.3,11N,Alaska Daylight Time
7/25/22 12:00 AM,-117.129486,32.6076279,3D,-27,gps,Limnodromus griseus,233815,487850.6969,3607797.3,11N,Alaska Daylight Time
7/27/22 12:00 AM,-117.097893,32.6180725,3D,-25,gps,Limnodromus griseus,233815,490816.0458,3608951.948,11N,Alaska Daylight Time
7/29/22 12:00 AM,-114.065269,27.6838779,3D,-31,gps,Limnodromus griseus,233815,789460.2798,3065630.778,11N,Alaska Daylight Time
8/2/22 12:00 AM,-114.073257,27.6776314,3D,-36,gps,Limnodromus griseus,233815,788688.4553,3064919.587,11N,Alaska Daylight Time
8/4/22 12:00 AM,-114.059433,27.6816521,3D,-25,gps,Limnodromus griseus,233815,790042.0771,3065397.771,11N,Alaska Daylight Time
8/4/22 12:00 AM,-114.059433,27.6816521,3D,-25,gps,Limnodromus griseus,233815,790042.0771,3065397.771,11N,Alaska Daylight Time
8/6/22 12:00 AM,-114.057487,27.679142,3D,-3,gps,Limnodromus griseus,233815,790240.7611,3065124.102,11N,Alaska Daylight Time
8/8/22 12:00 AM,-114.059151,27.679987,3D,-18,gps,Limnodromus griseus,233815,790074.3112,3065213.853,11N,Alaska Daylight Time
8/10/22 12:00 AM,-114.063889,27.68713,3D,-27,gps,Limnodromus griseus,233815,789587.87,3065994.529,11N,Alaska Daylight Time
8/12/22 12:00 AM,-114.040077,27.6846714,3D,-18,gps,Limnodromus griseus,233815,791944.1799,3065778.208,11N,Alaska Daylight Time
8/14/22 12:00 AM,-114.06015,27.6923256,3D,-31,gps,Limnodromus griseus,233815,789943.0871,3066579.278,11N,Alaska Daylight Time
8/16/22 12:00 AM,-114.079529,27.680397,3D,-22,gps,Limnodromus griseus,233815,788062.2247,3065211.477,11N,Alaska Daylight Time
8/18/22 12:00 AM,-114.07914,27.6803207,3D,-11,gps,Limnodromus griseus,233815,788100.8134,3065203.929,11N,Alaska Daylight Time
8/20/22 12:00 AM,-114.070389,27.6844921,3D,-29,gps,Limnodromus griseus,233815,788953.4097,3065686.841,11N,Alaska Daylight Time
8/22/22 12:00 AM,-114.064011,27.6872311,3D,-31,gps,Limnodromus griseus,233815,789575.5641,3066005.449,11N,Alaska Daylight Time
8/24/22 12:00 AM,-114.065834,27.6834431,3D,-34,gps,Limnodromus griseus,233815,789405.6722,3065581.252,11N,Alaska Daylight Time
8/26/22 12:00 AM,-114.065704,27.6832638,3D,-33,gps,Limnodromus griseus,233815,789418.9742,3065561.681,11N,Alaska Daylight Time
8/26/22 12:00 AM,-114.065704,27.6832638,3D,-33,gps,Limnodromus griseus,233815,789418.9742,3065561.681,11N,Alaska Daylight Time
8/28/22 12:00 AM,-114.081367,27.6775551,3D,-19,gps,Limnodromus griseus,233815,787888.3037,3064892.149,11N,Alaska Daylight Time
8/30/22 12:00 AM,-114.064011,27.6837769,3D,-13,gps,Limnodromus griseus,233815,789584.6886,3065622.54,11N,Alaska Daylight Time
9/1/22 12:00 AM,-114.078705,27.6796799,3D,-13,gps,Limnodromus griseus,233815,788145.4251,3065133.912,11N,Alaska Daylight Time
9/3/22 12:00 AM,-114.065346,27.6851845,3D,-25,gps,Limnodromus griseus,233815,789449.2315,3065775.438,11N,Alaska Daylight Time
9/5/22 12:00 AM,-114.060402,27.671257,3D,-33,gps,Limnodromus griseus,233815,789973.937,3064243.157,11N,Alaska Daylight Time
9/7/22 12:00 AM,-114.065315,27.685236,3D,-17,gps,Limnodromus griseus,233815,789452.1546,3065781.22,11N,Alaska Daylight Time
9/9/22 12:00 AM,-114.064781,27.6834431,3D,-34,gps,Limnodromus griseus,233815,789509.5848,3065583.726,11N,Alaska Daylight Time
9/11/22 12:00 AM,-114.065117,27.6825218,3D,-16,gps,Limnodromus griseus,233815,789478.86,3065480.808,11N,Alaska Daylight Time
7/9/22 12:00 AM,-157.082336,58.7504768,3D,17,gps,Limnodromus griseus,233819,610960.7156,6513855.732,4N,Alaska Daylight Time
7/11/22 12:00 AM,-157.009811,58.8045425,3D,24,gps,Limnodromus griseus,233819,614977.5809,6519996.463,4N,Alaska Daylight Time
7/13/22 12:00 AM,-123.200729,36.3498116,3D,757,gps,Limnodromus griseus,233819,481988.9957,4022767.508,10N,Alaska Daylight Time
7/15/22 12:00 AM,-117.104935,32.6090622,3D,-30,gps,Limnodromus griseus,233819,490154.4056,3607953.757,11N,Alaska Daylight Time
7/17/22 12:00 AM,-117.09951,32.6191483,3D,-34,gps,Limnodromus griseus,233819,490664.4565,3609071.345,11N,Alaska Daylight Time
7/19/22 12:00 AM,-117.097969,32.6184311,3D,-23,gps,Limnodromus griseus,233819,490808.9524,3608991.707,11N,Alaska Daylight Time
7/21/22 12:00 AM,-117.106903,32.6134148,3D,-28,gps,Limnodromus griseus,233819,489970.2418,3608436.441,11N,Alaska Daylight Time
7/23/22 12:00 AM,-117.106674,32.6130829,3D,-29,gps,Limnodromus griseus,233819,489991.6899,3608399.627,11N,Alaska Daylight Time
7/25/22 12:00 AM,-117.115997,32.6465149,3D,-28,gps,Limnodromus griseus,233819,489121.0377,3612106.602,11N,Alaska Daylight Time
7/27/22 12:00 AM,-117.114944,32.6471291,3D,-26,gps,Limnodromus griseus,233819,489219.8687,3612174.581,11N,Alaska Daylight Time
7/29/22 12:00 AM,-113.921906,31.6261253,3D,-28,gps,Limnodromus griseus,233819,222841.8656,3502703.518,12N,Alaska Daylight Time
7/31/22 12:00 AM,-113.926231,31.6220036,3D,-25,gps,Limnodromus griseus,233819,222419.2033,3502257.408,12N,Alaska Daylight Time
8/2/22 12:00 AM,-113.925415,31.6235142,3D,-24,gps,Limnodromus griseus,233819,222501.128,3502422.861,12N,Alaska Daylight Time
8/2/22 12:00 AM,-113.925415,31.6235142,3D,-24,gps,Limnodromus griseus,233819,222501.128,3502422.861,12N,Alaska Daylight Time
8/4/22 12:00 AM,-113.922829,31.6229,3D,-20,gps,Limnodromus griseus,233819,222744.7036,3502348.172,12N,Alaska Daylight Time
8/4/22 12:00 AM,-113.922829,31.6229,3D,-20,gps,Limnodromus griseus,233819,222744.7036,3502348.172,12N,Alaska Daylight Time
8/6/22 12:00 AM,-113.909798,31.6243076,3D,-32,gps,Limnodromus griseus,233819,223985.4486,3502471.246,12N,Alaska Daylight Time
8/6/22 12:00 AM,-113.909798,31.6243076,3D,-32,gps,Limnodromus griseus,233819,223985.4486,3502471.246,12N,Alaska Daylight Time
8/8/22 12:00 AM,-113.922829,31.6272774,2D,0,gps,Limnodromus griseus,233819,222757.7006,3502833.632,12N,Alaska Daylight Time
8/8/22 12:00 AM,-113.922829,31.6272774,2D,0,gps,Limnodromus griseus,233819,222757.7006,3502833.632,12N,Alaska Daylight Time
8/10/22 12:00 AM,-113.922546,31.6268158,3D,-22,gps,Limnodromus griseus,233819,222783.1844,3502781.721,12N,Alaska Daylight Time
8/14/22 12:00 AM,-113.91095,31.6403065,3D,-25,gps,Limnodromus griseus,233819,223923.4495,3504248.452,12N,Alaska Daylight Time
8/14/22 12:00 AM,-113.91095,31.6403065,3D,-25,gps,Limnodromus griseus,233819,223923.4495,3504248.452,12N,Alaska Daylight Time
8/16/22 12:00 AM,-113.925621,31.6244602,3D,-26,gps,Limnodromus griseus,233819,222484.3909,3502528.297,12N,Alaska Daylight Time
8/18/22 12:00 AM,-113.920547,31.628788,3D,-17,gps,Limnodromus griseus,233819,222978.7247,3502995.364,12N,Alaska Daylight Time
8/20/22 12:00 AM,-113.909821,31.6236935,3D,-30,gps,Limnodromus griseus,233819,223981.4509,3502403.2,12N,Alaska Daylight Time
8/22/22 12:00 AM,-113.910515,31.6248188,3D,-26,gps,Limnodromus griseus,233819,223918.9211,3502529.752,12N,Alaska Daylight Time
8/24/22 12:00 AM,-113.920677,31.6263561,3D,-15,gps,Limnodromus griseus,233819,222959.1733,3502725.993,12N,Alaska Daylight Time
8/26/22 12:00 AM,-113.922653,31.6273022,3D,-23,gps,Limnodromus griseus,233819,222774.4752,3502835.935,12N,Alaska Daylight Time
8/28/22 12:00 AM,-113.921753,31.6266365,3D,-30,gps,Limnodromus griseus,233819,222857.9014,3502759.822,12N,Alaska Daylight Time
8/30/22 12:00 AM,-113.921165,31.6290169,3D,-26,gps,Limnodromus griseus,233819,222920.7621,3503022.318,12N,Alaska Daylight Time
9/1/22 12:00 AM,-113.922806,31.6245632,3D,-22,gps,Limnodromus griseus,233819,222751.8242,3502532.565,12N,Alaska Daylight Time
9/3/22 12:00 AM,-113.921806,31.6270466,3D,-22,gps,Limnodromus griseus,233819,222854.0894,3502805.437,12N,Alaska Daylight Time
9/5/22 12:00 AM,-113.920883,31.6272774,3D,-26,gps,Limnodromus griseus,233819,222942.3592,3502828.689,12N,Alaska Daylight Time
9/7/22 12:00 AM,-113.922653,31.6272774,3D,-15,gps,Limnodromus griseus,233819,222774.4015,3502833.185,12N,Alaska Daylight Time
9/9/22 12:00 AM,-113.922653,31.6268425,3D,-23,gps,Limnodromus griseus,233819,222773.1103,3502784.954,12N,Alaska Daylight Time
9/11/22 12:00 AM,-113.920425,31.629324,3D,-25,gps,Limnodromus griseus,233819,222991.8916,3503054.497,12N,Alaska Daylight Time
7/19/22 12:00 AM,-151.240891,61.2504196,3D,128,gps,Limnodromus griseus,233810,594384.9948,6791951.197,5N,Alaska Daylight Time
7/21/22 12:00 AM,-151.240921,61.2504196,3D,109,gps,Limnodromus griseus,233810,594383.3854,6791951.153,5N,Alaska Daylight Time
7/23/22 12:00 AM,-151.240921,61.2504959,3D,96,gps,Limnodromus griseus,233810,594383.1566,6791959.65,5N,Alaska Daylight Time
7/25/22 12:00 AM,-151.240799,61.2503929,3D,125,gps,Limnodromus griseus,233810,594390.0103,6791948.356,5N,Alaska Daylight Time
7/27/22 12:00 AM,-151.240875,61.2503929,3D,112,gps,Limnodromus griseus,233810,594385.9332,6791948.246,5N,Alaska Daylight Time
7/29/22 12:00 AM,-151.240738,61.2503929,3D,110,gps,Limnodromus griseus,233810,594393.2827,6791948.444,5N,Alaska Daylight Time
7/29/22 12:00 AM,-151.240738,61.2503929,3D,110,gps,Limnodromus griseus,233810,594393.2827,6791948.444,5N,Alaska Daylight Time
7/31/22 12:00 AM,-151.240891,61.2504463,3D,115,gps,Limnodromus griseus,233810,594384.9147,6791954.17,5N,Alaska Daylight Time
8/2/22 12:00 AM,-151.240997,61.2505226,3D,110,gps,Limnodromus griseus,233810,594378.9995,6791962.514,5N,Alaska Daylight Time
8/4/22 12:00 AM,-151.240768,61.2504463,3D,114,gps,Limnodromus griseus,233810,594391.5132,6791954.348,5N,Alaska Daylight Time
8/4/22 12:00 AM,-151.240768,61.2504463,3D,114,gps,Limnodromus griseus,233810,594391.5132,6791954.348,5N,Alaska Daylight Time
8/6/22 12:00 AM,-151.240891,61.2504196,3D,120,gps,Limnodromus griseus,233810,594384.9948,6791951.197,5N,Alaska Daylight Time
8/8/22 12:00 AM,-151.240494,61.2500877,3D,-2,gps,Limnodromus griseus,233810,594407.2877,6791914.81,5N,Alaska Daylight Time
8/8/22 12:00 AM,-151.240494,61.2500877,3D,-2,gps,Limnodromus griseus,233810,594407.2877,6791914.81,5N,Alaska Daylight Time
8/10/22 12:00 AM,-151.240921,61.2504196,3D,103,gps,Limnodromus griseus,233810,594383.3854,6791951.153,5N,Alaska Daylight Time
8/10/22 12:00 AM,-151.240921,61.2504196,3D,103,gps,Limnodromus griseus,233810,594383.3854,6791951.153,5N,Alaska Daylight Time
8/12/22 12:00 AM,-151.240952,61.2504196,3D,96,gps,Limnodromus griseus,233810,594381.7224,6791951.109,5N,Alaska Daylight Time
8/14/22 12:00 AM,-151.240967,61.2504692,3D,95,gps,Limnodromus griseus,233810,594380.769,6791956.61,5N,Alaska Daylight Time
8/22/22 12:00 AM,-151.240768,61.2503662,3D,110,gps,Limnodromus griseus,233810,594391.7534,6791945.428,5N,Alaska Daylight Time
8/24/22 12:00 AM,-151.240799,61.2503929,3D,120,gps,Limnodromus griseus,233810,594390.0103,6791948.356,5N,Alaska Daylight Time
8/30/22 12:00 AM,-151.241409,61.250267,3D,166,gps,Limnodromus griseus,233810,594357.6636,6791933.455,5N,Alaska Daylight Time
9/1/22 12:00 AM,-151.240952,61.2504463,3D,112,gps,Limnodromus griseus,233810,594381.6423,6791954.082,5N,Alaska Daylight Time
9/1/22 12:00 AM,-151.240952,61.2504463,3D,112,gps,Limnodromus griseus,233810,594381.6423,6791954.082,5N,Alaska Daylight Time
7/9/22 12:00 AM,-157.081924,58.7421074,3D,16,gps,Limnodromus griseus,233816,611011.2236,6512924.755,4N,Alaska Daylight Time
7/11/22 12:00 AM,-157.082352,58.7428474,3D,23,gps,Limnodromus griseus,233816,610984.0991,6513006.42,4N,Alaska Daylight Time
7/15/22 12:00 AM,-120.84433,35.3407097,3D,-27,gps,Limnodromus griseus,233816,695905.0293,3912959.857,10N,Alaska Daylight Time
7/17/22 12:00 AM,-120.843124,35.3417091,3D,-24,gps,Limnodromus griseus,233816,696012.2313,3913073.107,10N,Alaska Daylight Time
7/19/22 12:00 AM,-120.842583,35.3436546,3D,-21,gps,Limnodromus griseus,233816,696056.701,3913289.99,10N,Alaska Daylight Time
7/21/22 12:00 AM,-120.842766,35.3437576,3D,-30,gps,Limnodromus griseus,233816,696039.8192,3913301.053,10N,Alaska Daylight Time
7/23/22 12:00 AM,-120.843658,35.3442955,3D,-27,gps,Limnodromus griseus,233816,695957.4457,3913358.956,10N,Alaska Daylight Time
7/25/22 12:00 AM,-110.341133,27.1929989,3D,-19,gps,Limnodromus griseus,233816,565258.4888,3007983.414,12N,Alaska Daylight Time
7/27/22 12:00 AM,-109.776245,26.7705212,3D,-25,gps,Limnodromus griseus,233816,621666.1028,2961604.057,12N,Alaska Daylight Time
7/29/22 12:00 AM,-109.773811,26.7693958,3D,-20,gps,Limnodromus griseus,233816,621909.3157,2961481.727,12N,Alaska Daylight Time
7/31/22 12:00 AM,-109.822655,26.787878,3D,-20,gps,Limnodromus griseus,233816,617033.8073,2963483.108,12N,Alaska Daylight Time
8/2/22 12:00 AM,-109.776344,26.7682953,3D,-24,gps,Limnodromus griseus,233816,621658.6314,2961357.398,12N,Alaska Daylight Time
8/2/22 12:00 AM,-109.776344,26.7682953,3D,-24,gps,Limnodromus griseus,233816,621658.6314,2961357.398,12N,Alaska Daylight Time
8/4/22 12:00 AM,-109.822403,26.7825031,3D,-21,gps,Limnodromus griseus,233816,617064.3747,2962887.963,12N,Alaska Daylight Time
8/6/22 12:00 AM,-109.780952,26.7666302,3D,-28,gps,Limnodromus griseus,233816,621202.2199,2961168.555,12N,Alaska Daylight Time
8/6/22 12:00 AM,-109.780952,26.7666302,3D,-28,gps,Limnodromus griseus,233816,621202.2199,2961168.555,12N,Alaska Daylight Time
8/8/22 12:00 AM,-109.823273,26.7876472,3D,-16,gps,Limnodromus griseus,233816,616972.6066,2963456.973,12N,Alaska Daylight Time
8/10/22 12:00 AM,-109.811264,26.7901573,3D,-22,gps,Limnodromus griseus,233816,618163.8635,2963746.126,12N,Alaska Daylight Time
8/12/22 12:00 AM,-109.821556,26.7870083,3D,-24,gps,Limnodromus griseus,233816,617143.9556,2963387.784,12N,Alaska Daylight Time
8/14/22 12:00 AM,-109.823502,26.7883129,3D,-14,gps,Limnodromus griseus,233816,616949.1585,2963530.502,12N,Alaska Daylight Time
8/16/22 12:00 AM,-109.821091,26.7867775,3D,-21,gps,Limnodromus griseus,233816,617190.4202,2963362.647,12N,Alaska Daylight Time
8/18/22 12:00 AM,-109.824547,26.7869816,3D,-14,gps,Limnodromus griseus,233816,616846.6358,2963382.073,12N,Alaska Daylight Time
8/20/22 12:00 AM,-109.823753,26.787878,3D,-18,gps,Limnodromus griseus,233816,616924.6516,2963482.097,12N,Alaska Daylight Time
8/22/22 12:00 AM,-109.823318,26.7869568,3D,-19,gps,Limnodromus griseus,233816,616968.841,2963380.456,12N,Alaska Daylight Time
8/22/22 12:00 AM,-109.823318,26.7869568,3D,-19,gps,Limnodromus griseus,233816,616968.841,2963380.456,12N,Alaska Daylight Time
8/24/22 12:00 AM,-109.824371,26.7873669,3D,-21,gps,Limnodromus griseus,233816,616863.7379,2963424.914,12N,Alaska Daylight Time
8/26/22 12:00 AM,-109.82296,26.7874947,3D,-26,gps,Limnodromus griseus,233816,617003.8795,2963440.369,12N,Alaska Daylight Time
8/28/22 12:00 AM,-109.82235,26.7876472,3D,-20,gps,Limnodromus griseus,233816,617064.3652,2963457.823,12N,Alaska Daylight Time
8/30/22 12:00 AM,-109.824806,26.7863426,3D,-26,gps,Limnodromus griseus,233816,616821.5419,2963311.053,12N,Alaska Daylight Time
9/1/22 12:00 AM,-109.821732,26.7871876,3D,-21,gps,Limnodromus griseus,233816,617126.2746,2963407.483,12N,Alaska Daylight Time
9/3/22 12:00 AM,-109.819305,26.7868538,2D,0,gps,Limnodromus griseus,233816,617367.8955,2963372.746,12N,Alaska Daylight Time
9/5/22 12:00 AM,-109.823166,26.7872124,3D,-19,gps,Limnodromus griseus,233816,616983.6898,2963408.909,12N,Alaska Daylight Time
9/7/22 12:00 AM,-109.804787,26.8004475,3D,-28,gps,Limnodromus griseus,233816,618797.0314,2964892.014,12N,Alaska Daylight Time
9/11/22 12:00 AM,-109.821915,26.7870331,3D,-24,gps,Limnodromus griseus,233816,617108.2405,2963390.2,12N,Alaska Daylight Time
7/15/22 12:00 AM,-151.026108,61.2114296,3D,39,gps,Limnodromus griseus,233813,606038.024,6787938.738,5N,Alaska Daylight Time
7/17/22 12:00 AM,-150.994598,61.178894,3D,14,gps,Limnodromus griseus,233813,607841.5416,6784367.385,5N,Alaska Daylight Time
7/19/22 12:00 AM,-151.025497,61.2110977,3D,38,gps,Limnodromus griseus,233813,606071.9568,6787902.772,5N,Alaska Daylight Time
7/21/22 12:00 AM,-150.994629,61.1774597,3D,13,gps,Limnodromus griseus,233813,607844.7744,6784207.623,5N,Alaska Daylight Time
7/23/22 12:00 AM,-150.950363,61.1980171,3D,11,gps,Limnodromus griseus,233813,610152.9927,6786570.497,5N,Alaska Daylight Time
7/25/22 12:00 AM,-150.990326,61.1812744,3D,12,gps,Limnodromus griseus,233813,608063.0714,6784639.498,5N,Alaska Daylight Time
7/27/22 12:00 AM,-151.025848,61.2122765,3D,40,gps,Limnodromus griseus,233813,606049.1395,6788033.465,5N,Alaska Daylight Time
7/27/22 12:00 AM,-151.025848,61.2122765,3D,40,gps,Limnodromus griseus,233813,606049.1395,6788033.465,5N,Alaska Daylight Time
7/29/22 12:00 AM,-150.991013,61.178688,3D,11,gps,Limnodromus griseus,233813,608034.9896,6784350.365,5N,Alaska Daylight Time
7/29/22 12:00 AM,-150.991013,61.178688,3D,11,gps,Limnodromus griseus,233813,608034.9896,6784350.365,5N,Alaska Daylight Time
7/31/22 12:00 AM,-150.990555,61.1792259,3D,16,gps,Limnodromus griseus,233813,608057.7724,6784411.017,5N,Alaska Daylight Time
8/4/22 12:00 AM,-145.440063,60.3856773,3D,19,gps,Limnodromus griseus,233813,585989.5059,6695382.213,6N,Alaska Daylight Time
8/6/22 12:00 AM,-145.456085,60.3929214,3D,111,gps,Limnodromus griseus,233813,585087.5214,6696168.07,6N,Alaska Daylight Time
8/6/22 12:00 AM,-145.456085,60.3929214,3D,111,gps,Limnodromus griseus,233813,585087.5214,6696168.07,6N,Alaska Daylight Time
8/8/22 12:00 AM,-145.488525,60.4000626,3D,35,gps,Limnodromus griseus,233813,583281.6742,6696921.825,6N,Alaska Daylight Time
8/10/22 12:00 AM,-145.458984,60.3684464,3D,20,gps,Limnodromus griseus,233813,584991.5111,6693438.951,6N,Alaska Daylight Time
8/10/22 12:00 AM,-145.458984,60.3684464,3D,20,gps,Limnodromus griseus,233813,584991.5111,6693438.951,6N,Alaska Daylight Time
8/12/22 12:00 AM,-145.457428,60.3726196,3D,24,gps,Limnodromus griseus,233813,585066.4406,6693905.659,6N,Alaska Daylight Time
8/14/22 12:00 AM,-145.45932,60.3891068,3D,29,gps,Limnodromus griseus,233813,584919.1906,6695739.127,6N,Alaska Daylight Time
8/16/22 12:00 AM,-145.457428,60.3726196,3D,24,gps,Limnodromus griseus,233813,585066.4406,6693905.659,6N,Alaska Daylight Time
8/18/22 12:00 AM,-145.457397,60.3726196,3D,21,gps,Limnodromus griseus,233813,585068.1499,6693905.699,6N,Alaska Daylight Time
8/20/22 12:00 AM,-145.457504,60.372673,3D,19,gps,Limnodromus griseus,233813,585062.1109,6693911.507,6N,Alaska Daylight Time
8/20/22 12:00 AM,-145.457504,60.372673,3D,19,gps,Limnodromus griseus,233813,585062.1109,6693911.507,6N,Alaska Daylight Time
8/22/22 12:00 AM,-145.489365,60.4001656,3D,31,gps,Limnodromus griseus,233813,583235.133,6696932.233,6N,Alaska Daylight Time
8/24/22 12:00 AM,-144.884567,60.3204994,3D,246,gps,Limnodromus griseus,233813,616837.275,6688979.592,6N,Alaska Daylight Time
8/26/22 12:00 AM,-145.486481,60.4006004,3D,25,gps,Limnodromus griseus,233813,583392.9086,6696984.297,6N,Alaska Daylight Time
8/28/22 12:00 AM,-119.194511,43.2516975,3D,1236,gps,Limnodromus griseus,233813,321858.1418,4791104.192,11N,Alaska Daylight Time
7/9/22 12:00 AM,-157.035049,58.9256592,3D,22,gps,Limnodromus griseus,233818,613123.8635,6533435.847,4N,Alaska Daylight Time
7/11/22 12:00 AM,-156.989532,58.8614006,3D,23,gps,Limnodromus griseus,233818,615958.8116,6526360.666,4N,Alaska Daylight Time
7/13/22 12:00 AM,-124.116394,40.8461685,3D,-27,gps,Limnodromus griseus,233818,405890.7277,4522280.222,10N,Alaska Daylight Time
7/15/22 12:00 AM,-124.174324,40.8222084,3D,-24,gps,Limnodromus griseus,233818,400971.6225,4519684.274,10N,Alaska Daylight Time
7/17/22 12:00 AM,-124.171326,40.8279419,3D,-21,gps,Limnodromus griseus,233818,401232.9506,4520317.364,10N,Alaska Daylight Time
7/19/22 12:00 AM,-124.169205,40.8176765,3D,-20,gps,Limnodromus griseus,233818,401396.5945,4519175.419,10N,Alaska Daylight Time
7/21/22 12:00 AM,-124.170563,40.8300171,3D,-20,gps,Limnodromus griseus,233818,401300.3661,4520546.871,10N,Alaska Daylight Time
7/23/22 12:00 AM,-124.155075,40.8580208,3D,-22,gps,Limnodromus griseus,233818,402647.3032,4523638.225,10N,Alaska Daylight Time
7/25/22 12:00 AM,-114.063217,28.1512833,3D,-30,gps,Limnodromus griseus,233818,788418.2063,3117450.349,11N,Alaska Daylight Time
7/27/22 12:00 AM,-114.053749,28.1579647,3D,-27,gps,Limnodromus griseus,233818,789330.5173,3118213.599,11N,Alaska Daylight Time
7/27/22 12:00 AM,-114.053749,28.1579647,3D,-27,gps,Limnodromus griseus,233818,789330.5173,3118213.599,11N,Alaska Daylight Time
7/29/22 12:00 AM,-114.236938,27.7004414,3D,-28,gps,Limnodromus griseus,233818,772479.1887,3067075.089,11N,Alaska Daylight Time
7/29/22 12:00 AM,-114.236938,27.7004414,3D,-28,gps,Limnodromus griseus,233818,772479.1887,3067075.089,11N,Alaska Daylight Time
7/31/22 12:00 AM,-114.23671,27.7009277,3D,-32,gps,Limnodromus griseus,233818,772500.4735,3067129.497,11N,Alaska Daylight Time
7/31/22 12:00 AM,-114.23671,27.7009277,3D,-32,gps,Limnodromus griseus,233818,772500.4735,3067129.497,11N,Alaska Daylight Time
8/2/22 12:00 AM,-114.229721,27.7087097,3D,-32,gps,Limnodromus griseus,233818,773170.5915,3068007.578,11N,Alaska Daylight Time
8/4/22 12:00 AM,-114.237526,27.7007751,3D,-27,gps,Limnodromus griseus,233818,772420.3478,3067110.776,11N,Alaska Daylight Time
8/6/22 12:00 AM,-114.24247,27.7017727,3D,-27,gps,Limnodromus griseus,233818,771930.1057,3067210.423,11N,Alaska Daylight Time
8/8/22 12:00 AM,-114.240982,27.7014904,3D,-29,gps,Limnodromus griseus,233818,772077.6087,3067182.419,11N,Alaska Daylight Time
8/10/22 12:00 AM,-114.236687,27.6999035,3D,-31,gps,Limnodromus griseus,233818,772505.2898,3067016.021,11N,Alaska Daylight Time
8/12/22 12:00 AM,-114.236458,27.7011833,3D,-32,gps,Limnodromus griseus,233818,772524.6996,3067158.386,11N,Alaska Daylight Time
8/14/22 12:00 AM,-114.234482,27.7013378,3D,-32,gps,Limnodromus griseus,233818,772719.2634,3067179.888,11N,Alaska Daylight Time
8/16/22 12:00 AM,-114.236534,27.700058,3D,-23,gps,Limnodromus griseus,233818,772520.0004,3067033.485,11N,Alaska Daylight Time
8/18/22 12:00 AM,-114.239754,27.699852,3D,-29,gps,Limnodromus griseus,233818,772202.8303,3067003.527,11N,Alaska Daylight Time
8/20/22 12:00 AM,-114.239502,27.699852,3D,-26,gps,Limnodromus griseus,233818,772227.6924,3067004.085,11N,Alaska Daylight Time
8/22/22 12:00 AM,-114.236275,27.7002888,3D,-35,gps,Limnodromus griseus,233818,772544.979,3067059.641,11N,Alaska Daylight Time
8/22/22 12:00 AM,-114.236275,27.7002888,3D,-35,gps,Limnodromus griseus,233818,772544.979,3067059.641,11N,Alaska Daylight Time
8/24/22 12:00 AM,-114.236427,27.700058,3D,-28,gps,Limnodromus griseus,233818,772530.5569,3067033.722,11N,Alaska Daylight Time
8/26/22 12:00 AM,-114.235939,27.7014408,3D,-34,gps,Limnodromus griseus,233818,772575.2625,3067188.078,11N,Alaska Daylight Time
8/28/22 12:00 AM,-114.224861,27.7062531,3D,-28,gps,Limnodromus griseus,233818,773656.1757,3067746.074,11N,Alaska Daylight Time
8/30/22 12:00 AM,-114.236816,27.6998272,2D,0,gps,Limnodromus griseus,233818,772492.7525,3067007.278,11N,Alaska Daylight Time
9/1/22 12:00 AM,-114.236481,27.6996727,3D,-24,gps,Limnodromus griseus,233818,772526.1876,3066990.894,11N,Alaska Daylight Time
9/1/22 12:00 AM,-114.236481,27.6996727,3D,-24,gps,Limnodromus griseus,233818,772526.1876,3066990.894,11N,Alaska Daylight Time
9/3/22 12:00 AM,-114.243111,27.7020283,3D,-31,gps,Limnodromus griseus,233818,771866.2322,3067237.338,11N,Alaska Daylight Time
9/5/22 12:00 AM,-114.244034,27.7008514,3D,-27,gps,Limnodromus griseus,233818,771778.0911,3067104.848,11N,Alaska Daylight Time
9/7/22 12:00 AM,-114.237122,27.7006969,3D,-28,gps,Limnodromus griseus,233818,772460.4002,3067103.002,11N,Alaska Daylight Time
9/9/22 12:00 AM,-114.244003,27.704998,3D,-23,gps,Limnodromus griseus,233818,771770.8636,3067564.541,11N,Alaska Daylight Time
7/9/22 12:00 AM,-122.116135,37.5652237,3D,-28,gps,Limnodromus griseus,233820,578057.6907,4157944.55,10N,Alaska Daylight Time
7/11/22 12:00 AM,-122.245796,37.5187836,3D,-29,gps,Limnodromus griseus,233820,566647.9468,4152692.406,10N,Alaska Daylight Time
7/13/22 12:00 AM,-122.248642,37.5211143,3D,-18,gps,Limnodromus griseus,233820,566394.3807,4152948.975,10N,Alaska Daylight Time
7/15/22 12:00 AM,-122.138405,37.6046219,3D,-20,gps,Limnodromus griseus,233820,576050.8029,4162297.416,10N,Alaska Daylight Time
7/17/22 12:00 AM,-122.116341,37.5653,3D,-21,gps,Limnodromus griseus,233820,578039.418,4157952.844,10N,Alaska Daylight Time
7/19/22 12:00 AM,-122.237968,37.5052147,3D,-23,gps,Limnodromus griseus,233820,567351.8993,4151192.574,10N,Alaska Daylight Time
7/21/22 12:00 AM,-115.127281,29.5982971,3D,2386,gps,Limnodromus griseus,233820,681359.0661,3275739.007,11N,Alaska Daylight Time
7/23/22 12:00 AM,-113.068787,26.6279297,3D,-26,gps,Limnodromus griseus,233820,294046.7433,2946893.07,12N,Alaska Daylight Time
7/25/22 12:00 AM,-109.374374,25.8602886,3D,-24,gps,Limnodromus griseus,233820,662894.4484,2861219.961,12N,Alaska Daylight Time
7/27/22 12:00 AM,-108.033882,25.0537338,3D,-1,gps,Limnodromus griseus,233820,799266.1288,2774179.899,12N,Alaska Daylight Time
7/29/22 12:00 AM,-108.034164,25.0538368,3D,-26,gps,Limnodromus griseus,233820,799237.4096,2774190.69,12N,Alaska Daylight Time
7/31/22 12:00 AM,-108.033981,25.0537605,3D,-16,gps,Limnodromus griseus,233820,799256.0695,2774182.639,12N,Alaska Daylight Time
8/2/22 12:00 AM,-108.034447,25.0534534,3D,-16,gps,Limnodromus griseus,233820,799209.772,2774147.573,12N,Alaska Daylight Time
8/4/22 12:00 AM,-108.034416,25.0538883,3D,-17,gps,Limnodromus griseus,233820,799211.8442,2774195.839,12N,Alaska Daylight Time
8/4/22 12:00 AM,-108.034416,25.0538883,3D,-17,gps,Limnodromus griseus,233820,799211.8442,2774195.839,12N,Alaska Daylight Time
8/6/22 12:00 AM,-108.034676,25.0529156,3D,-19,gps,Limnodromus griseus,233820,799187.9612,2774087.464,12N,Alaska Daylight Time
8/8/22 12:00 AM,-108.033936,25.0539913,3D,-15,gps,Limnodromus griseus,233820,799260.0512,2774208.317,12N,Alaska Daylight Time
8/10/22 12:00 AM,-108.033546,25.0539646,2D,0,gps,Limnodromus griseus,233820,799299.4877,2774206.222,12N,Alaska Daylight Time
8/12/22 12:00 AM,-108.043304,25.0288773,3D,-22,gps,Limnodromus griseus,233820,798375.1753,2771404.353,12N,Alaska Daylight Time
8/14/22 12:00 AM,-108.043633,25.0317192,3D,-14,gps,Limnodromus griseus,233820,798335.0733,2771718.578,12N,Alaska Daylight Time
8/14/22 12:00 AM,-108.043633,25.0317192,3D,-14,gps,Limnodromus griseus,233820,798335.0733,2771718.578,12N,Alaska Daylight Time
8/16/22 12:00 AM,-108.042992,25.0345592,3D,-25,gps,Limnodromus griseus,233820,798392.9159,2772034.734,12N,Alaska Daylight Time
8/18/22 12:00 AM,-108.041641,25.032999,3D,-13,gps,Limnodromus griseus,233820,798533.1054,2771864.808,12N,Alaska Daylight Time
8/20/22 12:00 AM,-108.039307,25.0289288,3D,-23,gps,Limnodromus griseus,233820,798778.6399,2771418.885,12N,Alaska Daylight Time
8/20/22 12:00 AM,-108.039307,25.0289288,3D,-23,gps,Limnodromus griseus,233820,798778.6399,2771418.885,12N,Alaska Daylight Time
8/22/22 12:00 AM,-108.04438,25.0629768,3D,-18,gps,Limnodromus griseus,233820,798183.9257,2775181.038,12N,Alaska Daylight Time
8/22/22 12:00 AM,-108.04438,25.0629768,3D,-18,gps,Limnodromus griseus,233820,798183.9257,2775181.038,12N,Alaska Daylight Time
8/24/22 12:00 AM,-108.034164,25.0537605,3D,-25,gps,Limnodromus griseus,233820,799237.5951,2774182.234,12N,Alaska Daylight Time
8/26/22 12:00 AM,-108.034058,25.0539131,3D,-13,gps,Limnodromus griseus,233820,799247.9251,2774199.38,12N,Alaska Daylight Time
8/28/22 12:00 AM,-108.033905,25.0541439,3D,-16,gps,Limnodromus griseus,233820,799262.8096,2774225.298,12N,Alaska Daylight Time
8/28/22 12:00 AM,-108.033905,25.0541439,3D,-16,gps,Limnodromus griseus,233820,799262.8096,2774225.298,12N,Alaska Daylight Time
8/30/22 12:00 AM,-108.035133,25.0477695,3D,-22,gps,Limnodromus griseus,233820,799154.3324,2773516.135,12N,Alaska Daylight Time
8/30/22 12:00 AM,-108.035133,25.0477695,3D,-22,gps,Limnodromus griseus,233820,799154.3324,2773516.135,12N,Alaska Daylight Time
9/3/22 12:00 AM,-108.034851,25.0468731,3D,-21,gps,Limnodromus griseus,233820,799184.9812,2773417.415,12N,Alaska Daylight Time
9/3/22 12:00 AM,-108.034851,25.0468731,3D,-21,gps,Limnodromus griseus,233820,799184.9812,2773417.415,12N,Alaska Daylight Time
9/5/22 12:00 AM,-108.034264,25.0538883,3D,-13,gps,Limnodromus griseus,233820,799227.1891,2774196.176,12N,Alaska Daylight Time
9/5/22 12:00 AM,-108.034264,25.0538883,3D,-13,gps,Limnodromus griseus,233820,799227.1891,2774196.176,12N,Alaska Daylight Time
9/7/22 12:00 AM,-108.035316,25.0476418,3D,-20,gps,Limnodromus griseus,233820,799136.1675,2773501.577,12N,Alaska Daylight Time
9/7/22 12:00 AM,-108.035316,25.0476418,3D,-20,gps,Limnodromus griseus,233820,799136.1675,2773501.577,12N,Alaska Daylight Time
7/11/22 12:00 AM,-146.318604,59.4272652,3D,16,gps,Limnodromus griseus,233811,538661.2465,6587827.753,6N,Alaska Daylight Time
7/13/22 12:00 AM,-146.39476,59.4036369,3D,19,gps,Limnodromus griseus,233811,534364.2953,6585154.858,6N,Alaska Daylight Time
7/15/22 12:00 AM,-146.386597,59.4110603,3D,19,gps,Limnodromus griseus,233811,534820.1471,6585985.73,6N,Alaska Daylight Time
7/17/22 12:00 AM,-146.377335,59.4103432,3D,30,gps,Limnodromus griseus,233811,535346.6466,6585910.76,6N,Alaska Daylight Time
7/19/22 12:00 AM,-146.377106,59.4083443,3D,21,gps,Limnodromus griseus,233811,535361.7291,6585688.295,6N,Alaska Daylight Time
7/21/22 12:00 AM,-120.645546,34.9635468,3D,-31,gps,Limnodromus griseus,233811,714963.9989,3871532.442,10N,Alaska Daylight Time
7/23/22 12:00 AM,-121.740608,36.8151436,3D,-27,gps,Limnodromus griseus,233811,612329.0028,4075105.809,10N,Alaska Daylight Time
7/25/22 12:00 AM,-121.789963,36.7923317,3D,-24,gps,Limnodromus griseus,233811,607958.713,4072518.276,10N,Alaska Daylight Time
7/25/22 12:00 AM,-121.789963,36.7923317,3D,-24,gps,Limnodromus griseus,233811,607958.713,4072518.276,10N,Alaska Daylight Time
7/27/22 12:00 AM,-121.790398,36.7930222,3D,-33,gps,Limnodromus griseus,233811,607918.9323,4072594.387,10N,Alaska Daylight Time
7/27/22 12:00 AM,-121.790398,36.7930222,3D,-33,gps,Limnodromus griseus,233811,607918.9323,4072594.387,10N,Alaska Daylight Time
7/29/22 12:00 AM,-121.791626,36.7894402,3D,-27,gps,Limnodromus griseus,233811,607814.3872,4072195.628,10N,Alaska Daylight Time
7/31/22 12:00 AM,-121.789452,36.7938423,3D,-25,gps,Limnodromus griseus,233811,608002.1852,4072686.433,10N,Alaska Daylight Time
8/2/22 12:00 AM,-121.789757,36.7933311,3D,-28,gps,Limnodromus griseus,233811,607975.6902,4072629.378,10N,Alaska Daylight Time
8/4/22 12:00 AM,-114.041718,27.6789627,3D,-26,gps,Limnodromus griseus,233811,791797.4348,3065141.483,11N,Alaska Daylight Time
8/6/22 12:00 AM,-109.37455,25.8487415,3D,-5,gps,Limnodromus griseus,233811,662892.6379,2859940.679,12N,Alaska Daylight Time
8/8/22 12:00 AM,-109.37233,25.8493824,3D,-17,gps,Limnodromus griseus,233811,663114.2704,2860014.426,12N,Alaska Daylight Time
8/8/22 12:00 AM,-109.37233,25.8493824,3D,-17,gps,Limnodromus griseus,233811,663114.2704,2860014.426,12N,Alaska Daylight Time
8/10/22 12:00 AM,-109.374832,25.8486137,3D,-25,gps,Limnodromus griseus,233811,662864.5479,2859926.173,12N,Alaska Daylight Time
8/10/22 12:00 AM,-109.374832,25.8486137,3D,-25,gps,Limnodromus griseus,233811,662864.5479,2859926.173,12N,Alaska Daylight Time
8/12/22 12:00 AM,-109.373505,25.8501759,2D,0,gps,Limnodromus griseus,233811,662995.4118,2860100.863,12N,Alaska Daylight Time
8/14/22 12:00 AM,-109.375221,25.8483334,3D,-24,gps,Limnodromus griseus,233811,662825.9421,2859894.642,12N,Alaska Daylight Time
8/16/22 12:00 AM,-109.374863,25.8307972,3D,-11,gps,Limnodromus griseus,233811,662885.8452,2857952.618,12N,Alaska Daylight Time
8/18/22 12:00 AM,-109.360115,25.8091145,3D,-14,gps,Limnodromus griseus,233811,664394.222,2855569.2,12N,Alaska Daylight Time
8/20/22 12:00 AM,-109.360603,25.8117752,3D,-21,gps,Limnodromus griseus,233811,664341.6202,2855863.314,12N,Alaska Daylight Time
8/20/22 12:00 AM,-109.360603,25.8117752,3D,-21,gps,Limnodromus griseus,233811,664341.6202,2855863.314,12N,Alaska Daylight Time
8/22/22 12:00 AM,-109.359856,25.8091908,2D,0,gps,Limnodromus griseus,233811,664420.0851,2855577.976,12N,Alaska Daylight Time
8/22/22 12:00 AM,-109.359856,25.8091908,2D,0,gps,Limnodromus griseus,233811,664420.0851,2855577.976,12N,Alaska Daylight Time
8/24/22 12:00 AM,-109.360268,25.8116474,3D,-22,gps,Limnodromus griseus,233811,664375.3845,2855849.576,12N,Alaska Daylight Time
8/24/22 12:00 AM,-109.360268,25.8116474,3D,-22,gps,Limnodromus griseus,233811,664375.3845,2855849.576,12N,Alaska Daylight Time
8/26/22 12:00 AM,-109.359604,25.8118782,3D,-1,gps,Limnodromus griseus,233811,664441.64,2855875.972,12N,Alaska Daylight Time
8/28/22 12:00 AM,-109.367439,25.7987194,2D,0,gps,Limnodromus griseus,233811,663674.1709,2854408.615,12N,Alaska Daylight Time
8/30/22 12:00 AM,-109.357658,25.8090115,2D,0,gps,Limnodromus griseus,233811,664640.7144,2855560.864,12N,Alaska Daylight Time
8/30/22 12:00 AM,-109.357658,25.8090115,2D,0,gps,Limnodromus griseus,233811,664640.7144,2855560.864,12N,Alaska Daylight Time
9/1/22 12:00 AM,-109.353539,25.8208637,3D,-6,gps,Limnodromus griseus,233811,665037.2717,2856878.887,12N,Alaska Daylight Time
9/3/22 12:00 AM,-109.351997,25.8212223,3D,-19,gps,Limnodromus griseus,233811,665191.3669,2856920.546,12N,Alaska Daylight Time
9/7/22 12:00 AM,-109.359528,25.8262653,3D,-22,gps,Limnodromus griseus,233811,664429.3817,2857469.716,12N,Alaska Daylight Time
9/9/22 12:00 AM,-109.360603,25.8103161,3D,-22,gps,Limnodromus griseus,233811,664343.6343,2855701.691,12N,Alaska Daylight Time
7/9/22 12:00 AM,-156.628113,58.6464386,3D,39,gps,Limnodromus griseus,233824,637646.7223,6503117.428,4N,Alaska Daylight Time
7/11/22 12:00 AM,-157.560852,57.4994049,3D,-2,gps,Limnodromus griseus,233824,586246.9421,6373893.176,4N,Alaska Daylight Time
7/13/22 12:00 AM,-157.560257,57.498661,3D,24,gps,Limnodromus griseus,233824,586284.352,6373811.129,4N,Alaska Daylight Time
7/15/22 12:00 AM,-157.537476,57.6523399,3D,34,gps,Limnodromus griseus,233824,587280.8494,6390946.323,4N,Alaska Daylight Time
7/17/22 12:00 AM,-157.537567,57.6527481,3D,66,gps,Limnodromus griseus,233824,587274.4391,6390991.643,4N,Alaska Daylight Time
7/19/22 12:00 AM,-157.537704,57.6524162,3D,21,gps,Limnodromus griseus,233824,587267.0608,6390954.522,4N,Alaska Daylight Time
7/21/22 12:00 AM,-157.536392,57.6523895,3D,30,gps,Limnodromus griseus,233824,587345.4154,6390953.239,4N,Alaska Daylight Time
7/23/22 12:00 AM,-157.534912,57.6518784,3D,28,gps,Limnodromus griseus,233824,587434.9601,6390898.255,4N,Alaska Daylight Time
7/25/22 12:00 AM,-157.537323,57.6524658,3D,30,gps,Limnodromus griseus,233824,587289.677,6390960.534,4N,Alaska Daylight Time
7/27/22 12:00 AM,-157.5354,57.6520081,3D,29,gps,Limnodromus griseus,233824,587405.5276,6390912.063,4N,Alaska Daylight Time
7/29/22 12:00 AM,-157.598679,57.6110992,3D,44,gps,Limnodromus griseus,233824,583723.5297,6386278.596,4N,Alaska Daylight Time
7/31/22 12:00 AM,-157.598663,57.6110992,3D,23,gps,Limnodromus griseus,233824,583724.4856,6386278.615,4N,Alaska Daylight Time
7/31/22 12:00 AM,-157.598663,57.6110992,3D,23,gps,Limnodromus griseus,233824,583724.4856,6386278.615,4N,Alaska Daylight Time
8/2/22 12:00 AM,-157.598907,57.6106377,3D,32,gps,Limnodromus griseus,233824,583710.9697,6386226.944,4N,Alaska Daylight Time
8/2/22 12:00 AM,-157.598907,57.6106377,3D,32,gps,Limnodromus griseus,233824,583710.9697,6386226.944,4N,Alaska Daylight Time
8/4/22 12:00 AM,-133.151855,40.7857552,2D,0,gps,Limnodromus griseus,233824,655938.0505,4516617.478,8N,Alaska Daylight Time
8/4/22 12:00 AM,-133.151855,40.7857552,2D,0,gps,Limnodromus griseus,233824,655938.0505,4516617.478,8N,Alaska Daylight Time
8/6/22 12:00 AM,-124.15712,40.8180351,3D,-27,gps,Limnodromus griseus,233824,402416.3136,4519201.7,10N,Alaska Daylight Time
8/8/22 12:00 AM,-124.155174,40.8577919,3D,-24,gps,Limnodromus griseus,233824,402638.6239,4523612.924,10N,Alaska Daylight Time
8/10/22 12:00 AM,-124.17028,40.8319092,3D,-22,gps,Limnodromus griseus,233824,401327.0341,4520756.594,10N,Alaska Daylight Time
8/12/22 12:00 AM,-122.08255,37.4991226,3D,-8,gps,Limnodromus griseus,233824,581095.3284,4150639.263,10N,Alaska Daylight Time
8/22/22 12:00 AM,-122.091507,37.4457741,3D,-24,gps,Limnodromus griseus,233824,580360.6839,4144712.791,10N,Alaska Daylight Time
8/24/22 12:00 AM,-122.096497,37.4383736,3D,-31,gps,Limnodromus griseus,233824,579927.1562,4143887.497,10N,Alaska Daylight Time
8/26/22 12:00 AM,-122.090843,37.4428558,3D,-31,gps,Limnodromus griseus,233824,580422.5431,4144389.586,10N,Alaska Daylight Time
8/28/22 12:00 AM,-122.092735,37.4412155,3D,-24,gps,Limnodromus griseus,233824,580256.9283,4144205.99,10N,Alaska Daylight Time
8/30/22 12:00 AM,-122.093147,37.4409866,3D,-28,gps,Limnodromus griseus,233824,580220.7262,4144180.243,10N,Alaska Daylight Time
9/1/22 12:00 AM,-122.035522,37.4561653,3D,-23,gps,Limnodromus griseus,233824,585301.1509,4145914.871,10N,Alaska Daylight Time
9/1/22 12:00 AM,-122.035522,37.4561653,3D,-23,gps,Limnodromus griseus,233824,585301.1509,4145914.871,10N,Alaska Daylight Time
9/3/22 12:00 AM,-122.093246,37.4407539,3D,-21,gps,Limnodromus griseus,233824,580212.2169,4144154.342,10N,Alaska Daylight Time
9/5/22 12:00 AM,-122.096886,37.438118,3D,-21,gps,Limnodromus griseus,233824,579893.0149,4143858.81,10N,Alaska Daylight Time
9/5/22 12:00 AM,-122.096886,37.438118,3D,-21,gps,Limnodromus griseus,233824,579893.0149,4143858.81,10N,Alaska Daylight Time
9/7/22 12:00 AM,-122.096909,37.4380417,3D,-20,gps,Limnodromus griseus,233824,579891.0613,4143850.325,10N,Alaska Daylight Time
9/9/22 12:00 AM,-122.043022,37.4570618,3D,-17,gps,Limnodromus griseus,233824,584636.803,4146007.569,10N,Alaska Daylight Time
7/9/22 12:00 AM,-151.029541,61.2142448,3D,37,gps,Limnodromus griseus,233814,605844.189,6788246.654,5N,Alaska Daylight Time
7/11/22 12:00 AM,-151.021149,61.211277,3D,48,gps,Limnodromus griseus,233814,606304.8807,6787929.801,5N,Alaska Daylight Time
7/15/22 12:00 AM,-151.025299,61.211277,3D,47,gps,Limnodromus griseus,233814,606081.988,6787923.059,5N,Alaska Daylight Time
7/17/22 12:00 AM,-151.04718,61.1512451,3D,8,gps,Limnodromus griseus,233814,605106.4705,6781203.016,5N,Alaska Daylight Time
7/19/22 12:00 AM,-151.025116,61.2110977,3D,37,gps,Limnodromus griseus,233814,606092.4201,6787903.39,5N,Alaska Daylight Time
8/6/22 12:00 AM,-151.240921,61.2504463,3D,114,gps,Limnodromus griseus,233814,594383.3054,6791954.127,5N,Alaska Daylight Time
8/8/22 12:00 AM,-151.240952,61.2504463,3D,113,gps,Limnodromus griseus,233814,594381.6423,6791954.082,5N,Alaska Daylight Time
8/10/22 12:00 AM,-151.240875,61.2503929,3D,99,gps,Limnodromus griseus,233814,594385.9332,6791948.246,5N,Alaska Daylight Time
8/12/22 12:00 AM,-151.241104,61.2503662,3D,120,gps,Limnodromus griseus,233814,594373.7283,6791944.942,5N,Alaska Daylight Time
8/14/22 12:00 AM,-151.240662,61.2500343,3D,13,gps,Limnodromus griseus,233814,594398.4352,6791908.62,5N,Alaska Daylight Time
8/16/22 12:00 AM,-151.240952,61.2504196,3D,90,gps,Limnodromus griseus,233814,594381.7224,6791951.109,5N,Alaska Daylight Time
7/9/22 12:00 AM,-118.043816,33.6950645,3D,-29,gps,Limnodromus griseus,233823,403260.7075,3728835.07,11N,Alaska Daylight Time
7/11/22 12:00 AM,-114.014481,31.5171204,3D,-27,gps,Limnodromus griseus,233823,783524.7183,3490777.824,11N,Alaska Daylight Time
7/13/22 12:00 AM,-113.929047,31.5932026,3D,-24,gps,Limnodromus griseus,233823,222066.3202,3499070.503,12N,Alaska Daylight Time
7/15/22 12:00 AM,-113.936089,31.6410503,3D,-23,gps,Limnodromus griseus,233823,221540.5275,3504394.84,12N,Alaska Daylight Time
7/17/22 12:00 AM,-113.938698,31.6295547,3D,-22,gps,Limnodromus griseus,233823,221258.6634,3503126.616,12N,Alaska Daylight Time
7/19/22 12:00 AM,-113.931892,31.6104317,3D,-18,gps,Limnodromus griseus,233823,221847.535,3500988.478,12N,Alaska Daylight Time
7/21/22 12:00 AM,-113.929642,31.59305,3D,-24,gps,Limnodromus griseus,233823,222009.3853,3499055.094,12N,Alaska Daylight Time
7/23/22 12:00 AM,-113.928566,31.5948162,3D,-10,gps,Limnodromus griseus,233823,222116.7759,3499248.23,12N,Alaska Daylight Time
7/25/22 12:00 AM,-113.930305,31.5919743,3D,-24,gps,Limnodromus griseus,233823,221943.2499,3498937.485,12N,Alaska Daylight Time
7/27/22 12:00 AM,-113.929794,31.5915394,3D,-30,gps,Limnodromus griseus,233823,221990.4648,3498887.954,12N,Alaska Daylight Time
7/29/22 12:00 AM,-113.931328,31.6064644,3D,-29,gps,Limnodromus griseus,233823,221889.2554,3500547.061,12N,Alaska Daylight Time
7/31/22 12:00 AM,-113.932762,31.6108932,3D,-24,gps,Limnodromus griseus,233823,221766.3386,3501041.876,12N,Alaska Daylight Time
8/2/22 12:00 AM,-113.934631,31.6133251,3D,-26,gps,Limnodromus griseus,233823,221596.2017,3501316.342,12N,Alaska Daylight Time
8/2/22 12:00 AM,-113.934631,31.6133251,3D,-26,gps,Limnodromus griseus,233823,221596.2017,3501316.342,12N,Alaska Daylight Time
8/4/22 12:00 AM,-113.927155,31.6071815,3D,-25,gps,Limnodromus griseus,233823,222287.4579,3500615.967,12N,Alaska Daylight Time
8/6/22 12:00 AM,-113.929893,31.5927944,3D,-18,gps,Limnodromus griseus,233823,221984.7987,3499027.386,12N,Alaska Daylight Time
8/8/22 12:00 AM,-113.920753,31.5917435,3D,-39,gps,Limnodromus griseus,233823,222849.3128,3498887.614,12N,Alaska Daylight Time
8/10/22 12:00 AM,-113.922035,31.5950985,3D,-26,gps,Limnodromus griseus,233823,222737.5654,3499262.939,12N,Alaska Daylight Time
8/12/22 12:00 AM,-113.932686,31.6129913,3D,-23,gps,Limnodromus griseus,233823,221779.7998,3501274.365,12N,Alaska Daylight Time
8/14/22 12:00 AM,-113.935837,31.6410751,3D,-23,gps,Limnodromus griseus,233823,221564.5107,3504396.947,12N,Alaska Daylight Time
8/16/22 12:00 AM,-113.93425,31.6150398,3D,-24,gps,Limnodromus griseus,233823,221637.4704,3501505.534,12N,Alaska Daylight Time
8/18/22 12:00 AM,-113.934044,31.6065407,3D,-21,gps,Limnodromus griseus,233823,221631.6991,3500562.444,12N,Alaska Daylight Time
8/18/22 12:00 AM,-113.934044,31.6065407,3D,-21,gps,Limnodromus griseus,233823,221631.6991,3500562.444,12N,Alaska Daylight Time
8/20/22 12:00 AM,-113.93084,31.6002693,3D,-26,gps,Limnodromus griseus,233823,221917.1398,3499858.773,12N,Alaska Daylight Time
8/20/22 12:00 AM,-113.93084,31.6002693,3D,-26,gps,Limnodromus griseus,233823,221917.1398,3499858.773,12N,Alaska Daylight Time
8/22/22 12:00 AM,-113.91584,31.5875969,3D,-25,gps,Limnodromus griseus,233823,223303.4212,3498415.298,12N,Alaska Daylight Time
8/24/22 12:00 AM,-113.92897,31.5899258,3D,-20,gps,Limnodromus griseus,233823,222063.8892,3498706.907,12N,Alaska Daylight Time
8/26/22 12:00 AM,-113.928207,31.5926151,3D,-29,gps,Limnodromus griseus,233823,222144.3124,3499003.212,12N,Alaska Daylight Time
8/28/22 12:00 AM,-113.932709,31.611124,3D,-26,gps,Limnodromus griseus,233823,221772.056,3501067.337,12N,Alaska Daylight Time
8/30/22 12:00 AM,-113.934685,31.6172161,3D,-23,gps,Limnodromus griseus,233823,221602.6734,3501747.999,12N,Alaska Daylight Time
9/1/22 12:00 AM,-113.935448,31.61166,3D,1,gps,Limnodromus griseus,233823,221513.7,3501133.764,12N,Alaska Daylight Time
9/3/22 12:00 AM,-113.92897,31.604826,3D,-23,gps,Limnodromus griseus,233823,222108.1878,3500359.357,12N,Alaska Daylight Time
9/5/22 12:00 AM,-113.928284,31.5978374,3D,-28,gps,Limnodromus griseus,233823,222152.5244,3499582.567,12N,Alaska Daylight Time
7/9/22 12:00 AM,-122.216232,37.7471619,3D,-29,gps,Limnodromus griseus,233817,569048.8653,4178051.836,10N,Alaska Daylight Time
7/11/22 12:00 AM,-122.216919,37.7470856,3D,-21,gps,Limnodromus griseus,233817,568988.4114,4178042.864,10N,Alaska Daylight Time
7/13/22 12:00 AM,-122.215332,37.746521,3D,-20,gps,Limnodromus griseus,233817,569128.7514,4177981.392,10N,Alaska Daylight Time
7/15/22 12:00 AM,-122.215408,37.7442436,3D,-21,gps,Limnodromus griseus,233817,569124.174,4177728.659,10N,Alaska Daylight Time
7/17/22 12:00 AM,-122.216331,37.7468796,3D,-22,gps,Limnodromus griseus,233817,569040.4056,4178020.442,10N,Alaska Daylight Time
7/19/22 12:00 AM,-117.097847,32.6181488,3D,-22,gps,Limnodromus griseus,233817,490820.3692,3608960.403,11N,Alaska Daylight Time
7/21/22 12:00 AM,-112.195824,28.9739132,3D,-27,gps,Limnodromus griseus,233817,383493.0686,3205684.436,12N,Alaska Daylight Time
7/23/22 12:00 AM,-112.198128,28.9735031,3D,-27,gps,Limnodromus griseus,233817,383268.1163,3205641.267,12N,Alaska Daylight Time
7/25/22 12:00 AM,-112.195442,28.9736328,3D,-32,gps,Limnodromus griseus,233817,383529.975,3205652.99,12N,Alaska Daylight Time
7/27/22 12:00 AM,-111.907646,28.8271751,3D,-26,gps,Limnodromus griseus,233817,411446.6924,3189176.558,12N,Alaska Daylight Time
7/29/22 12:00 AM,-111.906677,28.8270473,3D,-24,gps,Limnodromus griseus,233817,411541.1279,3189161.677,12N,Alaska Daylight Time
7/29/22 12:00 AM,-111.906677,28.8270473,3D,-24,gps,Limnodromus griseus,233817,411541.1279,3189161.677,12N,Alaska Daylight Time
7/31/22 12:00 AM,-111.907188,28.8273544,3D,-28,gps,Limnodromus griseus,233817,411491.5303,3189196.083,12N,Alaska Daylight Time
7/31/22 12:00 AM,-111.907188,28.8273544,3D,-28,gps,Limnodromus griseus,233817,411491.5303,3189196.083,12N,Alaska Daylight Time
8/2/22 12:00 AM,-111.908211,28.8269176,3D,-30,gps,Limnodromus griseus,233817,411391.3484,3189148.449,12N,Alaska Daylight Time
8/4/22 12:00 AM,-107.944176,24.7619705,3D,-18,gps,Limnodromus griseus,233817,202248.5909,2741797.617,13N,Alaska Daylight Time
8/6/22 12:00 AM,-107.652412,24.5047932,3D,-19,gps,Limnodromus griseus,233817,231219.6694,2712697.691,13N,Alaska Daylight Time
8/8/22 12:00 AM,-107.670647,24.528244,3D,-11,gps,Limnodromus griseus,233817,229421.2512,2715331.706,13N,Alaska Daylight Time
8/10/22 12:00 AM,-107.659813,24.5505409,3D,-24,gps,Limnodromus griseus,233817,230567.0945,2717780.99,13N,Alaska Daylight Time
8/12/22 12:00 AM,-107.662857,24.5321865,3D,-17,gps,Limnodromus griseus,233817,230219.3119,2715753.268,13N,Alaska Daylight Time
8/14/22 12:00 AM,-107.656746,24.534029,3D,-18,gps,Limnodromus griseus,233817,230842.6591,2715945.47,13N,Alaska Daylight Time
8/14/22 12:00 AM,-107.656746,24.534029,3D,-18,gps,Limnodromus griseus,233817,230842.6591,2715945.47,13N,Alaska Daylight Time
8/16/22 12:00 AM,-107.656975,24.5400696,3D,-18,gps,Limnodromus griseus,233817,230832.3466,2716615.218,13N,Alaska Daylight Time
8/16/22 12:00 AM,-107.656975,24.5400696,3D,-18,gps,Limnodromus griseus,233817,230832.3466,2716615.218,13N,Alaska Daylight Time
8/18/22 12:00 AM,-107.666496,24.5419388,3D,-7,gps,Limnodromus griseus,233817,229871.3594,2716840.959,13N,Alaska Daylight Time
8/20/22 12:00 AM,-107.911255,24.7649403,3D,-20,gps,Limnodromus griseus,233817,205586.863,2742055.365,13N,Alaska Daylight Time
8/22/22 12:00 AM,-107.968086,24.7571068,3D,-1,gps,Limnodromus griseus,233817,199817.4036,2741310.943,13N,Alaska Daylight Time
8/24/22 12:00 AM,-107.967888,24.7569542,3D,-17,gps,Limnodromus griseus,233817,199837.0732,2741293.597,13N,Alaska Daylight Time
8/24/22 12:00 AM,-107.967888,24.7569542,3D,-17,gps,Limnodromus griseus,233817,199837.0732,2741293.597,13N,Alaska Daylight Time
8/26/22 12:00 AM,-107.914505,24.7670135,3D,-6,gps,Limnodromus griseus,233817,205262.9077,2742292.124,13N,Alaska Daylight Time
8/28/22 12:00 AM,-107.967812,24.7572346,3D,-15,gps,Limnodromus griseus,233817,199845.4387,2741324.505,13N,Alaska Daylight Time
9/3/22 12:00 AM,-107.967934,24.7571068,3D,-27,gps,Limnodromus griseus,233817,199832.7853,2741310.609,13N,Alaska Daylight Time
9/5/22 12:00 AM,-107.966476,24.7604351,3D,-21,gps,Limnodromus griseus,233817,199988.334,2741676.256,13N,Alaska Daylight Time
7/11/22 12:00 AM,-150.484955,61.2599411,3D,19,gps,Limnodromus griseus,233812,634892.0237,6794337.824,5N,Alaska Daylight Time
7/13/22 12:00 AM,-150.483063,61.2587395,3D,14,gps,Limnodromus griseus,233812,634998.6201,6794207.956,5N,Alaska Daylight Time
7/15/22 12:00 AM,-147.606003,60.9575539,3D,25,gps,Limnodromus griseus,233812,467180.4185,6758211.266,6N,Alaska Daylight Time
7/17/22 12:00 AM,-145.360123,60.2842484,3D,19,gps,Limnodromus griseus,233812,590676.4557,6684195.079,6N,Alaska Daylight Time
7/19/22 12:00 AM,-145.269257,60.342411,3D,23,gps,Limnodromus griseus,233812,595530.1008,6690799.69,6N,Alaska Daylight Time
7/21/22 12:00 AM,-145.329773,60.2831993,3D,-1,gps,Limnodromus griseus,233812,592357.3677,6684120.37,6N,Alaska Daylight Time
7/23/22 12:00 AM,-145.330368,60.2818451,2D,0,gps,Limnodromus griseus,233812,592328.2884,6683968.749,6N,Alaska Daylight Time
7/25/22 12:00 AM,-144.22731,60.1052284,3D,17,gps,Limnodromus griseus,233812,654132.5508,6666364.483,6N,Alaska Daylight Time
7/25/22 12:00 AM,-144.22731,60.1052284,3D,17,gps,Limnodromus griseus,233812,654132.5508,6666364.483,6N,Alaska Daylight Time
7/27/22 12:00 AM,-144.178497,60.1341057,3D,24,gps,Limnodromus griseus,233812,656707.6005,6669693.464,6N,Alaska Daylight Time
7/29/22 12:00 AM,-145.665543,60.3630981,3D,23,gps,Limnodromus griseus,233812,573612.375,6692594.86,6N,Alaska Daylight Time
7/29/22 12:00 AM,-145.665543,60.3630981,3D,23,gps,Limnodromus griseus,233812,573612.375,6692594.86,6N,Alaska Daylight Time
7/31/22 12:00 AM,-145.269089,60.342617,3D,23,gps,Limnodromus griseus,233812,595538.7699,6690822.872,6N,Alaska Daylight Time
8/2/22 12:00 AM,-145.431,60.3812981,3D,19,gps,Limnodromus griseus,233812,586500.6402,6694906.437,6N,Alaska Daylight Time
8/4/22 12:00 AM,-145.430878,60.3826065,3D,45,gps,Limnodromus griseus,233812,586503.8958,6695052.291,6N,Alaska Daylight Time
8/4/22 12:00 AM,-145.430878,60.3826065,3D,45,gps,Limnodromus griseus,233812,586503.8958,6695052.291,6N,Alaska Daylight Time
8/6/22 12:00 AM,-145.431381,60.3829117,3D,30,gps,Limnodromus griseus,233812,586475.3604,6695085.616,6N,Alaska Daylight Time
8/6/22 12:00 AM,-145.431381,60.3829117,3D,30,gps,Limnodromus griseus,233812,586475.3604,6695085.616,6N,Alaska Daylight Time
8/12/22 12:00 AM,-145.421021,60.3760757,3D,23,gps,Limnodromus griseus,233812,587064.6572,6694338.05,6N,Alaska Daylight Time
8/12/22 12:00 AM,-145.421021,60.3760757,3D,23,gps,Limnodromus griseus,233812,587064.6572,6694338.05,6N,Alaska Daylight Time
8/14/22 12:00 AM,-145.419205,60.3753853,2D,0,gps,Limnodromus griseus,233812,587166.6224,6694263.573,6N,Alaska Daylight Time
8/16/22 12:00 AM,-145.421036,60.3761024,3D,32,gps,Limnodromus griseus,233812,587063.7589,6694341.003,6N,Alaska Daylight Time
8/18/22 12:00 AM,-145.421478,60.3762817,2D,0,gps,Limnodromus griseus,233812,587038.912,6694360.385,6N,Alaska Daylight Time
8/22/22 12:00 AM,-145.420837,60.3759995,3D,26,gps,Limnodromus griseus,233812,587075.0049,6694329.808,6N,Alaska Daylight Time
8/24/22 12:00 AM,-145.421097,60.3761292,3D,20,gps,Limnodromus griseus,233812,587060.3243,6694343.907,6N,Alaska Daylight Time
8/24/22 12:00 AM,-145.421097,60.3761292,3D,20,gps,Limnodromus griseus,233812,587060.3243,6694343.907,6N,Alaska Daylight Time
8/28/22 12:00 AM,-145.421066,60.3761024,3D,23,gps,Limnodromus griseus,233812,587062.1049,6694340.964,6N,Alaska Daylight Time
8/30/22 12:00 AM,-145.421097,60.3760757,3D,24,gps,Limnodromus griseus,233812,587060.4671,6694337.95,6N,Alaska Daylight Time
,,,,,,,,,,,
,,,,,,,,,,,
,,,,,,,,,,,
,,,,,,,,,,,
,,,,,,,,,,,
,,,,,,,,,,,
,,,,,,,,,,,
,,,,,,,,,,,
,,,,,,,,,,,
,,,,,,,,,,,
,,,,,,,,,,,
,,,,,,,,,,,
,,,,,,,,,,,
,,,,,,,,,,,
,,,,,,,,,,,
,,,,,,,,,,,
,,,,,,,,,,,
,,,,,,,,,,,
,,,,,,,,,,,
,,,,,,,,,,,
,,,,,,,,,,,
,,,,,,,,,,,