tag-local-identifier,Breeding-site,Capture-year,timestamp,location-long,location-lat,height-above-ellipsoid,individual-taxon-canonical-name,utm-easting,utm-northing,utm-zone
198766,JBER,2021,7-Apr-21,1.28E-05,1.28E-05,.,Limnodromus griseus,166022.8694,1.416739271,31N
198754,JBER,2021,21-Jun-21,-150.91685,61.21438,.,Limnodromus griseus,611895.5709,6788449.413,5N
198755,Beluga,2021,21-Jun-21,-150.91233,61.21574,.,Limnodromus griseus,612133.4652,6788608.594,5N
198756,JBER,2021,21-Jun-21,-151.13966,61.14532,.,Limnodromus griseus,600148.6553,6780398.12,5N
198757,JBER,2021,21-Jun-21,-150.91585,61.21143,.,Limnodromus griseus,611959.7492,6788122.647,5N
198758,Beluga,2021,21-Jun-21,-150.92429,61.21252,.,Limnodromus griseus,611502.6069,6788229.59,5N
198760,Beluga,2021,21-Jun-21,-151.02089,61.21437,.,Limnodromus griseus,606308.3607,6788274.635,5N
198761,Beluga,2021,21-Jun-21,-151.05103,61.21341,.,Limnodromus griseus,604692.9091,6788119.088,5N
198763,Beluga,2021,21-Jun-21,-150.93594,61.22442,.,Limnodromus griseus,610835.0842,6789534.83,5N
198764,JBER,2021,21-Jun-21,-149.71443,61.32434,.,Limnodromus griseus,354716.4108,6801934.875,6N
198765,JBER,2021,21-Jun-21,-160.48069,59.70346,.,Limnodromus griseus,416677.1002,6619316.643,4N
198753,Beluga,2021,5-Jul-21,-149.70494,61.32986,.,Limnodromus griseus,355249.6093,6802528.295,6N
198759,Beluga,2021,5-Jul-21,-128.17602,42.94477,.,Limnodromus griseus,567221.5444,4755010.951,9N
198759,Beluga,2021,5-Jul-21,-128.17543,42.94797,.,Limnodromus griseus,567266.1933,4755366.777,9N
198766,JBER,2021,5-Jul-21,-150.43408,61.25795,.,Limnodromus griseus,637628.3941,6794222.271,5N
198769,JBER,2021,5-Jul-21,-149.99591,60.86272,.,Limnodromus griseus,337303.8781,6751213.19,6N
198770,JBER,2021,5-Jul-21,-150.44364,61.25529,.,Limnodromus griseus,637127.3994,6793906.032,5N
198771,Beluga,2021,5-Jul-21,-163.10288,59.0101,.,Limnodromus griseus,608952.6575,6542723.168,3N
198772,JBER,2021,5-Jul-21,-149.71705,61.32476,.,Limnodromus griseus,354578.1848,6801987.464,6N
198752,Beluga,2021,12-Jul-21,-150.37534,60.69411,.,Limnodromus griseus,643293.8559,6731579.484,5N
198755,Beluga,2021,12-Jul-21,-115.93777,30.41971,.,Limnodromus griseus,602018.6408,3365772.971,11N
198755,Beluga,2021,12-Jul-21,-115.93459,30.42535,.,Limnodromus griseus,602318.1853,3366400.894,11N
198757,JBER,2021,12-Jul-21,-150.91567,61.19737,.,Limnodromus griseus,612019.3485,6786557.397,5N
198761,Beluga,2021,12-Jul-21,-149.91164,61.20546,.,Limnodromus griseus,343575.787,6789156.983,6N
198763,Beluga,2021,12-Jul-21,-150.93097,61.21369,.,Limnodromus griseus,611139.7308,6788348.491,5N
198764,JBER,2021,12-Jul-21,-149.718,61.32219,.,Limnodromus griseus,354515.4433,6801703.482,6N
198765,JBER,2021,12-Jul-21,-149.91382,61.2079,.,Limnodromus griseus,343470.8384,6789433.801,6N
198768,JBER,2021,12-Jul-21,-149.89599,61.09919,.,Limnodromus griseus,343892.0342,6777290.605,6N
198768,JBER,2021,12-Jul-21,-149.8973,61.1001,.,Limnodromus griseus,343825.939,6777395.024,6N
198773,Beluga,2021,12-Jul-21,-150.31961,61.26876,.,Limnodromus griseus,643716.4709,6795672.22,5N
198754,JBER,2021,15-Jul-21,-124.16556,40.84447,.,Limnodromus griseus,401743.5637,4522145.66,10N
198766,JBER,2021,15-Jul-21,-150.35712,61.23893,.,Limnodromus griseus,641840.4393,6792269.439,5N
198767,Beluga,2021,15-Jul-21,-145.68833,60.47694,.,Limnodromus griseus,572103.0513,6705247.048,6N
198768,JBER,2021,15-Jul-21,-149.91262,61.09677,.,Limnodromus griseus,342984.0087,6777061.032,6N
198769,JBER,2021,15-Jul-21,-139.89605,59.60022,.,Limnodromus griseus,562315.2797,6607407.783,7N
198772,JBER,2021,15-Jul-21,-149.71877,61.32566,.,Limnodromus griseus,354490.3386,6802091.487,6N
198756,JBER,2021,18-Jul-21,-144.49101,59.97967,.,Limnodromus griseus,640009.1577,6651801.991,6N
198759,Beluga,2021,18-Jul-21,-121.89461,34.38937,.,Limnodromus griseus,601614.5535,3805883.599,10N
198773,Beluga,2021,18-Jul-21,-160.64489,56.28875,.,Limnodromus griseus,398183.3664,6239433.325,4N
198755,Beluga,2021,21-Jul-21,-115.94686,30.42119,.,Limnodromus griseus,601144.0443,3365928.83,11N
198757,JBER,2021,21-Jul-21,-124.01137,46.37051,.,Limnodromus griseus,422211.8254,5135711.995,10N
198761,Beluga,2021,21-Jul-21,-130.46177,54.37307,.,Limnodromus griseus,405043.7274,6026015.568,9N
198763,Beluga,2021,21-Jul-21,-124.03214,46.86334,.,Limnodromus griseus,421331.3785,5190494.856,10N
198764,JBER,2021,21-Jul-21,-145.52715,60.32585,.,Limnodromus griseus,581338.378,6688609.678,6N
198770,JBER,2021,21-Jul-21,-126.58622,49.40532,.,Limnodromus griseus,675105.0431,5475316.396,9N
198771,Beluga,2021,21-Jul-21,-145.76596,60.38397,.,Limnodromus griseus,568030.0248,6694811.246,6N
198752,Beluga,2021,24-Jul-21,-124.02816,46.60324,.,Limnodromus griseus,421257.0243,5161588.534,10N
198754,JBER,2021,24-Jul-21,-118.04393,33.72332,.,Limnodromus griseus,403281.8249,3731968.144,11N
198754,JBER,2021,24-Jul-21,-119.71674,34.11493,.,Limnodromus griseus,249418.2368,3778232.728,11N
198766,JBER,2021,24-Jul-21,-150.51946,61.25839,.,Limnodromus griseus,633048.5666,6794094.375,5N
198767,Beluga,2021,24-Jul-21,-128.59947,52.46932,.,Limnodromus griseus,527208.0712,5813314.825,9N
198768,JBER,2021,24-Jul-21,-145.80312,60.38508,.,Limnodromus griseus,565979.3818,6694897.075,6N
198769,JBER,2021,24-Jul-21,-139.73104,59.60861,.,Limnodromus griseus,571611.1472,6608508.362,7N
198772,JBER,2021,24-Jul-21,-149.71709,61.32769,.,Limnodromus griseus,354589.626,6802313.727,6N
198756,JBER,2021,27-Jul-21,-145.57561,60.35799,.,Limnodromus griseus,578585.1182,6692129.863,6N
198762,Beluga,2021,27-Jul-21,-151.03882,61.20591,.,Limnodromus griseus,605373.7198,6787303.558,5N
198762,Beluga,2021,27-Jul-21,-151.0298,61.20756,.,Limnodromus griseus,605852.7211,6787501.864,5N
198762,Beluga,2021,27-Jul-21,-151.03193,61.20796,.,Limnodromus griseus,605736.9656,6787542.958,5N
198762,Beluga,2021,27-Jul-21,-151.02432,61.20843,.,Limnodromus griseus,606144.1533,6787607.627,5N
198762,Beluga,2021,27-Jul-21,-151.03398,61.20868,.,Limnodromus griseus,605624.4381,6787619.818,5N
198762,Beluga,2021,27-Jul-21,-151.03589,61.20993,.,Limnodromus griseus,605517.6616,6787755.924,5N
198752,Beluga,2021,2-Aug-21,-123.95678,46.66667,.,Limnodromus griseus,426809.2999,5168567.961,10N
198754,JBER,2021,2-Aug-21,-118.03879,33.70348,.,Limnodromus griseus,403735.9169,3729763.481,11N
198755,Beluga,2021,2-Aug-21,-115.93931,30.422,.,Limnodromus griseus,601868.3487,3366025.372,11N
198757,JBER,2021,2-Aug-21,-122.26418,37.5342,.,Limnodromus griseus,565009.9744,4154389.921,10N
198758,Beluga,2021,2-Aug-21,-123.96515,46.66146,.,Limnodromus griseus,426161.9305,5167996.843,10N
198759,Beluga,2021,2-Aug-21,-119.87832,34.06881,.,Limnodromus griseus,234365.9729,3773525.117,11N
198761,Beluga,2021,2-Aug-21,-122.14115,37.6151,.,Limnodromus griseus,575797.8685,4163457.719,10N
198763,Beluga,2021,2-Aug-21,-124.13734,47.0255,.,Limnodromus griseus,413574.6121,5208625.484,10N
198764,JBER,2021,2-Aug-21,-144.14674,60.09002,.,Limnodromus griseus,658682.6951,6664862.498,6N
198766,JBER,2021,2-Aug-21,-124.14527,47.01508,.,Limnodromus griseus,412955.0891,5207476.343,10N
198768,JBER,2021,2-Aug-21,-133.15762,57.15873,.,Limnodromus griseus,611435.8393,6336560.731,8N
198769,JBER,2021,2-Aug-21,-122.48818,38.13038,.,Limnodromus griseus,544856.8971,4220404.823,10N
198770,JBER,2021,2-Aug-21,-124.12742,47.06773,.,Limnodromus griseus,414396.0113,5213307.424,10N
198771,Beluga,2021,2-Aug-21,-145.55582,60.29955,.,Limnodromus griseus,579819.3878,6685646.019,6N
198772,JBER,2021,2-Aug-21,-127.75097,51.29641,.,Limnodromus griseus,587082.8296,5683528.432,9N
198773,Beluga,2021,2-Aug-21,-114.03901,27.63005,.,Limnodromus griseus,792194.8564,3059725.714,11N
198756,JBER,2021,5-Aug-21,-126.9356,50.54054,.,Limnodromus griseus,646278.0226,5600768.225,9N
198759,Beluga,2021,5-Aug-21,-119.74,34.06653,.,Limnodromus griseus,247128.1936,3772921.212,11N
198755,Beluga,2021,8-Aug-21,-115.9384,30.41772,.,Limnodromus griseus,601960.2002,3365551.863,11N
198755,Beluga,2021,8-Aug-21,-115.92594,30.41985,.,Limnodromus griseus,603154.7348,3365799.213,11N
198763,Beluga,2021,8-Aug-21,-124.16133,46.94369,.,Limnodromus griseus,411616.9022,5199561.146,10N
198764,JBER,2021,8-Aug-21,-144.22796,60.10197,.,Limnodromus griseus,654111.6553,6666000.294,6N
198764,JBER,2021,8-Aug-21,-144.26232,60.12848,.,Limnodromus griseus,652079.811,6668871.353,6N
198770,JBER,2021,8-Aug-21,-123.96857,46.93526,.,Limnodromus griseus,426275.2415,5198425.112,10N
198771,Beluga,2021,8-Aug-21,-130.49351,53.83963,.,Limnodromus griseus,401728.5848,5966713.239,9N
198773,Beluga,2021,8-Aug-21,-112.13553,25.14788,.,Limnodromus griseus,385546.7065,2781804.463,12N
198752,Beluga,2021,11-Aug-21,-113.08397,31.10833,.,Limnodromus griseus,301256.2716,3443475.624,12N
198754,JBER,2021,11-Aug-21,-118.05549,33.70394,.,Limnodromus griseus,402188.7915,3729830.183,11N
198757,JBER,2021,11-Aug-21,-109.39136,25.99657,.,Limnodromus griseus,661006.7313,2876294.853,12N
198758,Beluga,2021,11-Aug-21,-117.89615,32.21054,.,Limnodromus griseus,415546.3392,3564124.916,11N
198761,Beluga,2021,11-Aug-21,-109.1175,25.62164,.,Limnodromus griseus,689017.0448,2835127.025,12N
198769,JBER,2021,11-Aug-21,-122.34421,38.20191,.,Limnodromus griseus,557418.6873,4228420.961,10N
198772,JBER,2021,14-Aug-21,-126.39292,41.13776,.,Limnodromus griseus,718812.5564,4557326.157,9N
198755,Beluga,2021,17-Aug-21,-115.94129,30.41712,.,Limnodromus griseus,601683.2399,3365482.767,11N
198756,JBER,2021,17-Aug-21,-114.07356,28.01289,.,Limnodromus griseus,787771.1333,3102083.86,11N
198758,Beluga,2021,17-Aug-21,-111.80568,28.49542,.,Limnodromus griseus,421147.3352,3152349.079,12N
198764,JBER,2021,17-Aug-21,-123.9661,46.66406,.,Limnodromus griseus,426092.7954,5168286.643,10N
198764,JBER,2021,17-Aug-21,-123.95766,46.66679,.,Limnodromus griseus,426742.1451,5168582.113,10N
198770,JBER,2021,17-Aug-21,-115.19483,38.7484,.,Limnodromus griseus,656870.5901,4290403.875,11N
198770,JBER,2021,17-Aug-21,-115.34517,38.84275,.,Limnodromus griseus,643615.5729,4300627.582,11N
198771,Beluga,2021,17-Aug-21,-123.23756,48.45331,.,Limnodromus griseus,482434.8989,5366712.998,10N
198773,Beluga,2021,17-Aug-21,-115.9643,26.10259,.,Limnodromus griseus,603563.7276,2887456.976,11N
198754,JBER,2021,20-Aug-21,-118.09828,33.70334,.,Limnodromus griseus,398222.5926,3729805.017,11N
198757,JBER,2021,20-Aug-21,-108.30063,25.22337,.,Limnodromus griseus,771962.6321,2792413.018,12N
198761,Beluga,2021,20-Aug-21,-109.10818,25.64872,.,Limnodromus griseus,689910.1877,2838140.18,12N
198763,Beluga,2021,20-Aug-21,-126.7232,30.37312,.,Limnodromus griseus,718794.317,3362330.039,9N
198766,JBER,2021,20-Aug-21,-112.0397,24.79643,.,Limnodromus griseus,394908.2056,2742806.965,12N
198767,Beluga,2021,20-Aug-21,-107.49947,24.42392,.,Limnodromus griseus,246562.66,2703448.392,13N
198752,Beluga,2021,23-Aug-21,-113.08074,31.10677,.,Limnodromus griseus,301561.1271,3443296.892,12N
198769,JBER,2021,23-Aug-21,-103.63672,24.10941,.,Limnodromus griseus,638551.9637,2667013.232,13N
198772,JBER,2021,23-Aug-21,-85.89713,18.45158,.,Limnodromus griseus,616457.7129,2040502.548,16N
198759,Beluga,2021,26-Aug-21,-119.6375,34.01035,.,Limnodromus griseus,256429.6849,3766440.649,11N
198764,JBER,2021,26-Aug-21,-106.32051,37.14877,.,Limnodromus griseus,382732.6805,4112192.259,13N
198773,Beluga,2021,26-Aug-21,-115.20295,25.99269,.,Limnodromus griseus,679873.9928,2876110.815,11N
198752,Beluga,2021,1-Sep-21,-113.05814,31.10328,.,Limnodromus griseus,303709.7298,3442869.744,12N
198754,JBER,2021,1-Sep-21,-118.02067,33.6983,.,Limnodromus griseus,405409.4788,3729172.377,11N
198756,JBER,2021,1-Sep-21,-114.07645,28.0117,.,Limnodromus griseus,787489.9709,3101945.118,11N
198757,JBER,2021,1-Sep-21,-108.25861,25.21547,.,Limnodromus griseus,776216.081,2791623.36,12N
198761,Beluga,2021,1-Sep-21,-109.12879,25.634,.,Limnodromus griseus,687863.8421,2836480.14,12N
198763,Beluga,2021,1-Sep-21,-113.95237,27.73395,.,Limnodromus griseus,208932.1735,3071223.081,12N
198766,JBER,2021,1-Sep-21,-112.09116,24.77734,.,Limnodromus griseus,389689.4008,2740733.54,12N
198767,Beluga,2021,1-Sep-21,-107.48856,24.45694,.,Limnodromus griseus,247735.14,2707086.729,13N
198769,JBER,2021,1-Sep-21,-107.932,24.86679,.,Limnodromus griseus,203730.3751,2753387.271,13N
198755,Beluga,2021,4-Sep-21,-115.89532,30.415,.,Limnodromus griseus,606100.9609,3365290.027,11N
198758,Beluga,2021,4-Sep-21,-110.36284,27.21542,.,Limnodromus griseus,563095.8065,3010455.807,12N
198759,Beluga,2021,4-Sep-21,-119.55756,33.9719,.,Limnodromus griseus,263707.4339,3761988.411,11N
198764,JBER,2021,4-Sep-21,-104.19721,22.21757,.,Limnodromus griseus,582739.6131,2457128.415,13N
198758,Beluga,2021,7-Sep-21,-110.35365,27.20648,.,Limnodromus griseus,564010.992,3009470.215,12N
198761,Beluga,2021,7-Sep-21,-109.13755,25.61817,.,Limnodromus griseus,687008.8305,2834714.17,12N
198761,Beluga,2021,7-Sep-21,-109.12546,25.61952,.,Limnodromus griseus,688220.9448,2834880.844,12N
198766,JBER,2021,7-Sep-21,-112.07841,24.77265,.,Limnodromus griseus,390974.3626,2740203.949,12N
198766,JBER,2021,7-Sep-21,-112.08417,24.7727,.,Limnodromus griseus,390392.0338,2740214.092,12N
198767,Beluga,2021,7-Sep-21,-107.50118,24.42012,.,Limnodromus griseus,246381.5957,2703030.522,13N
198767,Beluga,2021,7-Sep-21,-107.50598,24.4212,.,Limnodromus griseus,245896.8376,2703158.977,13N
198752,Beluga,2021,10-Sep-21,-113.08035,31.10613,.,Limnodromus griseus,301596.9974,3443225.243,12N
198752,Beluga,2021,10-Sep-21,-113.08298,31.10841,.,Limnodromus griseus,301350.872,3443482.718,12N
198754,JBER,2021,10-Sep-21,-118.06123,33.70694,.,Limnodromus griseus,401660.2673,3730168.276,11N
198757,JBER,2021,10-Sep-21,-108.30131,25.2229,.,Limnodromus griseus,771895.1355,2792359.56,12N
198758,Beluga,2021,10-Sep-21,-110.357155,27.2030087,.,Limnodromus griseus,563665.8397,3009083.925,12N
198763,Beluga,2021,10-Sep-21,-113.95645,27.7409,.,Limnodromus griseus,208548.2507,3072003.19,12N
198763,Beluga,2021,10-Sep-21,-113.98857,27.74393,.,Limnodromus griseus,205388.341,3072415.661,12N
198767,Beluga,2021,10-Sep-21,-107.489677,24.4173183,.,Limnodromus griseus,247542.9024,2702699.099,13N
198752,Beluga,2021,13-Sep-21,-113.059113,31.0939522,.,Limnodromus griseus,303597.7098,3441837.383,12N
198757,JBER,2021,13-Sep-21,-108.286118,25.2219257,.,Limnodromus griseus,773428.6543,2792282.443,12N
198758,Beluga,2021,13-Sep-21,-110.346153,27.2311172,.,Limnodromus griseus,564739.228,3012203.052,12N
198764,JBER,2021,13-Sep-21,-99.63349,20.07649,.,Limnodromus griseus,433764.6632,2220071.427,14N
198771,Beluga,2021,13-Sep-21,-122.25057,38.13601,.,Limnodromus griseus,565676.6924,4221171.041,10N
198752,Beluga,2021,16-Sep-21,-113.068733,31.0939522,.,Limnodromus griseus,302679.9481,3441854.464,12N
198756,JBER,2021,16-Sep-21,-114.09617,28.00048,.,Limnodromus griseus,785579.4748,3100654.943,11N
198757,JBER,2021,16-Sep-21,-108.286018,25.2218246,.,Limnodromus griseus,773438.9606,2792271.443,12N
198758,Beluga,2021,16-Sep-21,-110.356133,27.2061062,.,Limnodromus griseus,563765.2959,3009427.544,12N
198759,Beluga,2021,16-Sep-21,-119.640739,34.0149651,.,Limnodromus griseus,256143.6943,3766960.282,11N
198766,JBER,2021,16-Sep-21,-112.0927,24.78092,.,Limnodromus griseus,389536.8717,2741131.227,12N
198767,Beluga,2021,16-Sep-21,-107.470863,24.4267902,.,Limnodromus griseus,249470.1803,2703714.3,13N
198768,JBER,2021,16-Sep-21,-133.17979,57.1687,.,Limnodromus griseus,610065.4512,6337634.327,8N
198768,JBER,2021,16-Sep-21,-133.19582,57.1767,.,Limnodromus griseus,609072.7057,6338498.926,8N
198769,JBER,2021,16-Sep-21,-107.52806,24.37614,.,Limnodromus griseus,243565.944,2698207.433,13N
198771,Beluga,2021,16-Sep-21,-122.261955,38.1241455,.,Limnodromus griseus,564689.4196,4219846.596,10N
198752,Beluga,2021,19-Sep-21,-113.083145,31.1087494,.,Limnodromus griseus,301335.8402,3443520.64,12N
198752,Beluga,2021,19-Sep-21,-113.08408,31.10903,.,Limnodromus griseus,301247.2381,3443553.424,12N
198754,JBER,2021,19-Sep-21,-118.02211,33.69297,.,Limnodromus griseus,405270.1719,3728582.71,11N
198756,JBER,2021,19-Sep-21,-114.12115,28.02031,.,Limnodromus griseus,783069.7119,3102794.898,11N
198757,JBER,2021,19-Sep-21,-108.285172,25.2213631,.,Limnodromus griseus,773525.271,2792222.026,12N
198758,Beluga,2021,19-Sep-21,-110.356087,27.2058487,.,Limnodromus griseus,563769.9981,3009399.045,12N
198763,Beluga,2021,19-Sep-21,-113.92447,27.72785,.,Limnodromus griseus,211668.0703,3070481.138,12N
198767,Beluga,2021,19-Sep-21,-107.474396,24.4249477,.,Limnodromus griseus,249108.1614,2703516.572,13N
198771,Beluga,2021,19-Sep-21,-122.272446,38.1324654,.,Limnodromus griseus,563762.6366,4220762.484,10N
198752,Beluga,2021,22-Sep-21,-113.083069,31.1079559,.,Limnodromus griseus,301341.4365,3443432.535,12N
198757,JBER,2021,22-Sep-21,-108.285118,25.2213383,.,Limnodromus griseus,773530.7697,2792219.388,12N
198758,Beluga,2021,22-Sep-21,-110.347893,27.2273788,.,Limnodromus griseus,564569.0979,3011788.062,12N
198767,Beluga,2021,22-Sep-21,-107.480537,24.4228745,.,Limnodromus griseus,248481.1218,2703298.029,13N
198771,Beluga,2021,22-Sep-21,-122.26387,38.1264496,.,Limnodromus griseus,564519.5402,4220100.918,10N
198752,Beluga,2021,6-Oct-21,-113.085426,31.1195774,.,Limnodromus griseus,301140.8497,3444725.14,12N
198757,JBER,2021,6-Oct-21,-108.286964,25.2204418,.,Limnodromus griseus,773346.6976,2792116.287,12N
198757,JBER,2021,6-Oct-21,-108.28773,25.22239,.,Limnodromus griseus,773265.1258,2792330.611,12N
198758,Beluga,2021,6-Oct-21,-110.345688,27.2275848,.,Limnodromus griseus,564787.3147,3011812.019,12N
198766,JBER,2021,6-Oct-21,-112.10209,24.77949,.,Limnodromus griseus,388586.2656,2740980.493,12N
198767,Beluga,2021,6-Oct-21,-107.478722,24.423027,.,Limnodromus griseus,248665.5358,2703311.628,13N
198767,Beluga,2021,6-Oct-21,-107.478722,24.5246086,.,Limnodromus griseus,248867.3651,2714565.787,13N
198769,JBER,2021,6-Oct-21,-105.98508,22.93469,.,Limnodromus griseus,398995.5057,2536628.371,13N
198771,Beluga,2021,6-Oct-21,-122.267944,38.1384583,.,Limnodromus griseus,564151.9491,4221430.54,10N
198752,Beluga,2021,20-Oct-21,-113.0812,31.099123,.,Limnodromus griseus,301501.3338,3442449.96,12N
198757,JBER,2021,20-Oct-21,-108.289139,25.2251511,.,Limnodromus griseus,773116.9253,2792633.706,12N
198758,Beluga,2021,20-Oct-21,-110.376434,27.2264061,.,Limnodromus griseus,561743.5488,3011665.925,12N
198767,Beluga,2021,20-Oct-21,-107.505676,24.4068489,.,Limnodromus griseus,245898.9175,2701568.459,13N
198771,Beluga,2021,20-Oct-21,-122.271652,38.1318016,.,Limnodromus griseus,563832.8016,4220689.376,10N
198752,Beluga,2021,3-Nov-21,-108.887589,25.5713406,.,Limnodromus griseus,712196.8603,2829902.853,12N
198752,Beluga,2021,3-Nov-21,-108.895,25.5744,.,Limnodromus griseus,711446.8176,2830229.951,12N
198754,JBER,2021,3-Nov-21,-127.91888,35.72017,.,Limnodromus griseus,597783.7058,3953450.585,9N
198757,JBER,2021,3-Nov-21,-108.28714,25.2255611,.,Limnodromus griseus,773317.5019,2792683.206,12N
198757,JBER,2021,3-Nov-21,-108.33473,25.23349,.,Limnodromus griseus,768503.1936,2793465.78,12N
198757,JBER,2021,3-Nov-21,-108.28714,26.4846725,.,Limnodromus griseus,770434.2234,2932216.627,12N
198758,Beluga,2021,3-Nov-21,-110.382271,27.230093,.,Limnodromus griseus,561163.5596,3012071.446,12N
198767,Beluga,2021,3-Nov-21,-107.505806,24.4066429,.,Limnodromus griseus,245885.3159,2701545.875,13N
198767,Beluga,2021,3-Nov-21,-107.50013,24.40676,.,Limnodromus griseus,246461.3977,2701548.447,13N
198771,Beluga,2021,3-Nov-21,-122.291901,38.1290359,.,Limnodromus griseus,562060.4885,4220368.767,10N
198752,Beluga,2021,17-Nov-21,-108.820595,25.5318661,.,Limnodromus griseus,719000.3768,2825638.448,12N
198755,Beluga,2021,17-Nov-21,-115.937164,30.4225922,.,Limnodromus griseus,602073.8449,3366092.937,11N
198757,JBER,2021,17-Nov-21,-108.296356,25.2359543,.,Limnodromus griseus,772365.3751,2793816.161,12N
198758,Beluga,2021,17-Nov-21,-109.694374,26.7115898,.,Limnodromus griseus,629873.5057,2955157.033,12N
198767,Beluga,2021,17-Nov-21,-107.493874,24.4609661,.,Limnodromus griseus,247204.2797,2707542.488,13N
198752,Beluga,2021,1-Dec-21,-108.789413,25.5506039,.,Limnodromus griseus,722100.1674,2827766.167,12N
198754,JBER,2021,1-Dec-21,-124.20936,34.98662,.,Limnodromus griseus,389623.1073,3872227.258,10N
198755,Beluga,2021,1-Dec-21,-115.937187,30.422617,.,Limnodromus griseus,602071.6101,3366095.664,11N
198757,JBER,2021,1-Dec-21,-108.293388,25.2262268,.,Limnodromus griseus,772686.2362,2792744.27,12N
198758,Beluga,2021,1-Dec-21,-109.704308,26.712204,.,Limnodromus griseus,628884.5556,2955214.983,12N
198766,JBER,2021,1-Dec-21,-112.09367,24.78202,.,Limnodromus griseus,389439.7795,2741253.824,12N
198767,Beluga,2021,1-Dec-21,-107.48735,24.423769,.,Limnodromus griseus,247791.7972,2703409.526,13N
198769,JBER,2021,1-Dec-21,-106.04657,22.89453,.,Limnodromus griseus,392658.569,2532225.765,13N
198771,Beluga,2021,1-Dec-21,-109.42775,25.9627895,.,Limnodromus griseus,657408.9195,2872508.679,12N
198752,Beluga,2021,15-Dec-21,-108.791565,25.5415688,.,Limnodromus griseus,721900.5324,2826761.58,12N
198755,Beluga,2021,15-Dec-21,-115.937164,30.4225407,.,Limnodromus griseus,602073.8986,3366087.229,11N
198757,JBER,2021,15-Dec-21,-108.311844,25.18857,.,Limnodromus griseus,770909.3912,2788534.17,12N
198766,JBER,2021,15-Dec-21,-112.051315,24.7831688,.,Limnodromus griseus,393722.7886,2741347.438,12N
198767,Beluga,2021,15-Dec-21,-107.488091,24.4215927,.,Limnodromus griseus,247712.2993,2703169.766,13N
198767,Beluga,2021,15-Dec-21,-107.488091,24.4215927,.,Limnodromus griseus,247712.2993,2703169.766,13N
198771,Beluga,2021,15-Dec-21,-109.440193,25.9361916,.,Limnodromus griseus,656198.0776,2869547.559,12N
198752,Beluga,2021,29-Dec-21,-108.793564,25.5446911,.,Limnodromus griseus,721693.8659,2827104.156,12N
198752,Beluga,2021,29-Dec-21,-108.793564,25.5446911,.,Limnodromus griseus,721693.8659,2827104.156,12N
198755,Beluga,2021,29-Dec-21,-115.937187,30.4225922,.,Limnodromus griseus,602071.6359,3366092.916,11N
198757,JBER,2021,29-Dec-21,-108.233635,25.1331959,.,Limnodromus griseus,778921.1478,2782557.819,12N
198758,Beluga,2021,29-Dec-21,-109.532784,26.7031422,.,Limnodromus griseus,645959.9854,2954396.125,12N
198766,JBER,2021,29-Dec-21,-112.092789,24.7780743,.,Limnodromus griseus,389525.3544,2740816.171,12N
198767,Beluga,2021,29-Dec-21,-107.487144,24.4227448,.,Limnodromus griseus,247810.6556,2703295.68,13N
198767,Beluga,2021,29-Dec-21,-107.487144,24.4227448,.,Limnodromus griseus,247810.6556,2703295.68,13N
198771,Beluga,2021,29-Dec-21,-109.146301,26.3135624,.,Limnodromus griseus,685038.3399,2911736.827,12N
233820,King_Salmon,2022,1-Jul-22,-127.3301926,42.4985199,795,Limnodromus griseus,637206.5815,4706479.635,9N
233823,King_Salmon,2022,1-Jul-22,-127.3302689,42.4987259,796,Limnodromus griseus,637199.8614,4706502.387,9N
233820,King_Salmon,2022,3-Jul-22,-122.1691742,37.6786804,-35,Limnodromus griseus,573262.063,4170489.602,10N
233823,King_Salmon,2022,3-Jul-22,-122.1436005,37.6437378,-20,Limnodromus griseus,575552.5972,4166633.057,10N
233820,King_Salmon,2022,5-Jul-22,-122.1126785,37.5638924,-22,Limnodromus griseus,578364.3492,4157799.723,10N
233823,King_Salmon,2022,5-Jul-22,-122.1445007,37.6439934,-27,Limnodromus griseus,575472.9203,4166660.691,10N
233817,King_Salmon,2022,7-Jul-22,-123.8762589,40.7041168,1363,Limnodromus griseus,425976.2773,4506281.228,10N
233820,King_Salmon,2022,7-Jul-22,-122.248024,37.5213699,-22,Limnodromus griseus,566448.7649,4152977.769,10N
233823,King_Salmon,2022,7-Jul-22,-122.0525665,37.4925194,-24,Limnodromus griseus,583753.0696,4149932.92,10N
233817,King_Salmon,2022,9-Jul-22,-122.216232,37.7471619,-29,Limnodromus griseus,569048.8653,4178051.836,10N
233820,King_Salmon,2022,9-Jul-22,-122.116135,37.5652237,-28,Limnodromus griseus,578057.6907,4157944.55,10N
233823,King_Salmon,2022,9-Jul-22,-118.043816,33.6950645,-29,Limnodromus griseus,403260.7075,3728835.07,11N
233817,King_Salmon,2022,11-Jul-22,-122.216919,37.7470856,-21,Limnodromus griseus,568988.4114,4178042.864,10N
233820,King_Salmon,2022,11-Jul-22,-122.245796,37.5187836,-29,Limnodromus griseus,566647.9468,4152692.406,10N
233823,King_Salmon,2022,11-Jul-22,-114.014481,31.5171204,-27,Limnodromus griseus,783524.7183,3490777.824,11N
233815,King_Salmon,2022,13-Jul-22,-122.860916,38.0376701,542,Limnodromus griseus,512204.9575,4210003.737,10N
233817,King_Salmon,2022,13-Jul-22,-122.215332,37.746521,-20,Limnodromus griseus,569128.7514,4177981.392,10N
233818,King_Salmon,2022,13-Jul-22,-124.116394,40.8461685,-27,Limnodromus griseus,405890.7277,4522280.222,10N
233819,King_Salmon,2022,13-Jul-22,-123.200729,36.3498116,757,Limnodromus griseus,481988.9957,4022767.508,10N
233820,King_Salmon,2022,13-Jul-22,-122.248642,37.5211143,-18,Limnodromus griseus,566394.3807,4152948.975,10N
233823,King_Salmon,2022,13-Jul-22,-113.929047,31.5932026,-24,Limnodromus griseus,222066.3202,3499070.503,12N
181625,Beluga,2022,15-Jul-22,-124.1620636,40.8410492,.,Limnodromus griseus,402033.2777,4521762.001,10N
233815,King_Salmon,2022,15-Jul-22,-117.104988,32.6097031,-22,Limnodromus griseus,490149.503,3608024.808,11N
233816,King_Salmon,2022,15-Jul-22,-120.84433,35.3407097,-27,Limnodromus griseus,695905.0293,3912959.857,10N
233817,King_Salmon,2022,15-Jul-22,-122.215408,37.7442436,-21,Limnodromus griseus,569124.174,4177728.659,10N
233818,King_Salmon,2022,15-Jul-22,-124.174324,40.8222084,-24,Limnodromus griseus,400971.6225,4519684.274,10N
233819,King_Salmon,2022,15-Jul-22,-117.104935,32.6090622,-30,Limnodromus griseus,490154.4056,3607953.757,11N
233820,King_Salmon,2022,15-Jul-22,-122.138405,37.6046219,-20,Limnodromus griseus,576050.8029,4162297.416,10N
233823,King_Salmon,2022,15-Jul-22,-113.936089,31.6410503,-23,Limnodromus griseus,221540.5275,3504394.84,12N
181625,Beluga,2022,17-Jul-22,-122.2304153,37.513588,.,Limnodromus griseus,568011.854,4152126.986,10N
233815,King_Salmon,2022,17-Jul-22,-117.109879,32.6364784,-23,Limnodromus griseus,489693.6734,3610993.407,11N
233816,King_Salmon,2022,17-Jul-22,-120.843124,35.3417091,-24,Limnodromus griseus,696012.2313,3913073.107,10N
233817,King_Salmon,2022,17-Jul-22,-122.216331,37.7468796,-22,Limnodromus griseus,569040.4056,4178020.442,10N
233818,King_Salmon,2022,17-Jul-22,-124.171326,40.8279419,-21,Limnodromus griseus,401232.9506,4520317.364,10N
233819,King_Salmon,2022,17-Jul-22,-117.09951,32.6191483,-34,Limnodromus griseus,490664.4565,3609071.345,11N
233820,King_Salmon,2022,17-Jul-22,-122.116341,37.5653,-21,Limnodromus griseus,578039.418,4157952.844,10N
233823,King_Salmon,2022,17-Jul-22,-113.938698,31.6295547,-22,Limnodromus griseus,221258.6634,3503126.616,12N
181625,Beluga,2022,19-Jul-22,-122.245079,37.5182991,.,Limnodromus griseus,566711.7394,4152639.161,10N
233815,King_Salmon,2022,19-Jul-22,-117.111488,32.6374016,-26,Limnodromus griseus,489542.8613,3611095.905,11N
233816,King_Salmon,2022,19-Jul-22,-120.842583,35.3436546,-21,Limnodromus griseus,696056.701,3913289.99,10N
233817,King_Salmon,2022,19-Jul-22,-117.097847,32.6181488,-22,Limnodromus griseus,490820.3692,3608960.403,11N
233818,King_Salmon,2022,19-Jul-22,-124.169205,40.8176765,-20,Limnodromus griseus,401396.5945,4519175.419,10N
233819,King_Salmon,2022,19-Jul-22,-117.097969,32.6184311,-23,Limnodromus griseus,490808.9524,3608991.707,11N
233820,King_Salmon,2022,19-Jul-22,-122.237968,37.5052147,-23,Limnodromus griseus,567351.8993,4151192.574,10N
233823,King_Salmon,2022,19-Jul-22,-113.931892,31.6104317,-18,Limnodromus griseus,221847.535,3500988.478,12N
181625,Beluga,2022,21-Jul-22,-122.2457504,37.5169907,.,Limnodromus griseus,566653.5712,4152493.524,10N
233811,Beluga,2022,21-Jul-22,-120.645546,34.9635468,-31,Limnodromus griseus,714963.9989,3871532.442,10N
233815,King_Salmon,2022,21-Jul-22,-117.111206,32.6483841,-22,Limnodromus griseus,489570.5864,3612313.329,11N
233815,King_Salmon,2022,21-Jul-22,-117.111206,32.6483841,-22,Limnodromus griseus,489570.5864,3612313.329,11N
233816,King_Salmon,2022,21-Jul-22,-120.842766,35.3437576,-30,Limnodromus griseus,696039.8192,3913301.053,10N
233817,King_Salmon,2022,21-Jul-22,-112.195824,28.9739132,-27,Limnodromus griseus,383493.0686,3205684.436,12N
233818,King_Salmon,2022,21-Jul-22,-124.170563,40.8300171,-20,Limnodromus griseus,401300.3661,4520546.871,10N
233819,King_Salmon,2022,21-Jul-22,-117.106903,32.6134148,-28,Limnodromus griseus,489970.2418,3608436.441,11N
233820,King_Salmon,2022,21-Jul-22,-115.127281,29.5982971,2386,Limnodromus griseus,681359.0661,3275739.007,11N
233823,King_Salmon,2022,21-Jul-22,-113.929642,31.59305,-24,Limnodromus griseus,222009.3853,3499055.094,12N
181625,Beluga,2022,23-Jul-22,-115.9666824,30.3954296,.,Limnodromus griseus,599266.2531,3363056.408,11N
233811,Beluga,2022,23-Jul-22,-121.740608,36.8151436,-27,Limnodromus griseus,612329.0028,4075105.809,10N
233815,King_Salmon,2022,23-Jul-22,-117.10936,32.6488686,-32,Limnodromus griseus,489743.7682,3612366.858,11N
233816,King_Salmon,2022,23-Jul-22,-120.843658,35.3442955,-27,Limnodromus griseus,695957.4457,3913358.956,10N
233817,King_Salmon,2022,23-Jul-22,-112.198128,28.9735031,-27,Limnodromus griseus,383268.1163,3205641.267,12N
233818,King_Salmon,2022,23-Jul-22,-124.155075,40.8580208,-22,Limnodromus griseus,402647.3032,4523638.225,10N
233819,King_Salmon,2022,23-Jul-22,-117.106674,32.6130829,-29,Limnodromus griseus,489991.6899,3608399.627,11N
233820,King_Salmon,2022,23-Jul-22,-113.068787,26.6279297,-26,Limnodromus griseus,294046.7433,2946893.07,12N
233823,King_Salmon,2022,23-Jul-22,-113.928566,31.5948162,-10,Limnodromus griseus,222116.7759,3499248.23,12N
181625,Beluga,2022,25-Jul-22,-114.1791382,27.7489281,.,Limnodromus griseus,778058.5152,3072578.988,11N
233811,Beluga,2022,25-Jul-22,-121.789963,36.7923317,-24,Limnodromus griseus,607958.713,4072518.276,10N
233811,Beluga,2022,25-Jul-22,-121.789963,36.7923317,-24,Limnodromus griseus,607958.713,4072518.276,10N
233815,King_Salmon,2022,25-Jul-22,-117.129486,32.6076279,-27,Limnodromus griseus,487850.6969,3607797.3,11N
233815,King_Salmon,2022,25-Jul-22,-117.129486,32.6076279,-27,Limnodromus griseus,487850.6969,3607797.3,11N
233816,King_Salmon,2022,25-Jul-22,-110.341133,27.1929989,-19,Limnodromus griseus,565258.4888,3007983.414,12N
233817,King_Salmon,2022,25-Jul-22,-112.195442,28.9736328,-32,Limnodromus griseus,383529.975,3205652.99,12N
233818,King_Salmon,2022,25-Jul-22,-114.063217,28.1512833,-30,Limnodromus griseus,788418.2063,3117450.349,11N
233819,King_Salmon,2022,25-Jul-22,-117.115997,32.6465149,-28,Limnodromus griseus,489121.0377,3612106.602,11N
233820,King_Salmon,2022,25-Jul-22,-109.374374,25.8602886,-24,Limnodromus griseus,662894.4484,2861219.961,12N
233823,King_Salmon,2022,25-Jul-22,-113.930305,31.5919743,-24,Limnodromus griseus,221943.2499,3498937.485,12N
181625,Beluga,2022,27-Jul-22,-114.1794968,27.7496967,.,Limnodromus griseus,778021.1966,3072663.374,11N
233811,Beluga,2022,27-Jul-22,-121.790398,36.7930222,-33,Limnodromus griseus,607918.9323,4072594.387,10N
233811,Beluga,2022,27-Jul-22,-121.790398,36.7930222,-33,Limnodromus griseus,607918.9323,4072594.387,10N
233815,King_Salmon,2022,27-Jul-22,-117.097893,32.6180725,-25,Limnodromus griseus,490816.0458,3608951.948,11N
233816,King_Salmon,2022,27-Jul-22,-109.776245,26.7705212,-25,Limnodromus griseus,621666.1028,2961604.057,12N
233817,King_Salmon,2022,27-Jul-22,-111.907646,28.8271751,-26,Limnodromus griseus,411446.6924,3189176.558,12N
233818,King_Salmon,2022,27-Jul-22,-114.053749,28.1579647,-27,Limnodromus griseus,789330.5173,3118213.599,11N
233818,King_Salmon,2022,27-Jul-22,-114.053749,28.1579647,-27,Limnodromus griseus,789330.5173,3118213.599,11N
233819,King_Salmon,2022,27-Jul-22,-117.114944,32.6471291,-26,Limnodromus griseus,489219.8687,3612174.581,11N
233820,King_Salmon,2022,27-Jul-22,-108.033882,25.0537338,-1,Limnodromus griseus,799266.1288,2774179.899,12N
233823,King_Salmon,2022,27-Jul-22,-113.929794,31.5915394,-30,Limnodromus griseus,221990.4648,3498887.954,12N
181625,Beluga,2022,29-Jul-22,-114.1903992,27.7281666,.,Limnodromus griseus,777000.5529,3070252.212,11N
233811,Beluga,2022,29-Jul-22,-121.791626,36.7894402,-27,Limnodromus griseus,607814.3872,4072195.628,10N
233815,King_Salmon,2022,29-Jul-22,-114.065269,27.6838779,-31,Limnodromus griseus,789460.2798,3065630.778,11N
233816,King_Salmon,2022,29-Jul-22,-109.773811,26.7693958,-20,Limnodromus griseus,621909.3157,2961481.727,12N
233817,King_Salmon,2022,29-Jul-22,-111.906677,28.8270473,-24,Limnodromus griseus,411541.1279,3189161.677,12N
233817,King_Salmon,2022,29-Jul-22,-111.906677,28.8270473,-24,Limnodromus griseus,411541.1279,3189161.677,12N
233818,King_Salmon,2022,29-Jul-22,-114.236938,27.7004414,-28,Limnodromus griseus,772479.1887,3067075.089,11N
233818,King_Salmon,2022,29-Jul-22,-114.236938,27.7004414,-28,Limnodromus griseus,772479.1887,3067075.089,11N
233819,King_Salmon,2022,29-Jul-22,-113.921906,31.6261253,-28,Limnodromus griseus,222841.8656,3502703.518,12N
233820,King_Salmon,2022,29-Jul-22,-108.034164,25.0538368,-26,Limnodromus griseus,799237.4096,2774190.69,12N
233823,King_Salmon,2022,29-Jul-22,-113.931328,31.6064644,-29,Limnodromus griseus,221889.2554,3500547.061,12N
181625,Beluga,2022,31-Jul-22,-114.1861725,27.7218952,.,Limnodromus griseus,777433.3533,3069566.573,11N
233811,Beluga,2022,31-Jul-22,-121.789452,36.7938423,-25,Limnodromus griseus,608002.1852,4072686.433,10N
233816,King_Salmon,2022,31-Jul-22,-109.822655,26.787878,-20,Limnodromus griseus,617033.8073,2963483.108,12N
233817,King_Salmon,2022,31-Jul-22,-111.907188,28.8273544,-28,Limnodromus griseus,411491.5303,3189196.083,12N
233817,King_Salmon,2022,31-Jul-22,-111.907188,28.8273544,-28,Limnodromus griseus,411491.5303,3189196.083,12N
233818,King_Salmon,2022,31-Jul-22,-114.23671,27.7009277,-32,Limnodromus griseus,772500.4735,3067129.497,11N
233818,King_Salmon,2022,31-Jul-22,-114.23671,27.7009277,-32,Limnodromus griseus,772500.4735,3067129.497,11N
233819,King_Salmon,2022,31-Jul-22,-113.926231,31.6220036,-25,Limnodromus griseus,222419.2033,3502257.408,12N
233820,King_Salmon,2022,31-Jul-22,-108.033981,25.0537605,-16,Limnodromus griseus,799256.0695,2774182.639,12N
233823,King_Salmon,2022,31-Jul-22,-113.932762,31.6108932,-24,Limnodromus griseus,221766.3386,3501041.876,12N
233811,Beluga,2022,2-Aug-22,-121.789757,36.7933311,-28,Limnodromus griseus,607975.6902,4072629.378,10N
233815,King_Salmon,2022,2-Aug-22,-114.073257,27.6776314,-36,Limnodromus griseus,788688.4553,3064919.587,11N
233816,King_Salmon,2022,2-Aug-22,-109.776344,26.7682953,-24,Limnodromus griseus,621658.6314,2961357.398,12N
233816,King_Salmon,2022,2-Aug-22,-109.776344,26.7682953,-24,Limnodromus griseus,621658.6314,2961357.398,12N
233817,King_Salmon,2022,2-Aug-22,-111.908211,28.8269176,-30,Limnodromus griseus,411391.3484,3189148.449,12N
233818,King_Salmon,2022,2-Aug-22,-114.229721,27.7087097,-32,Limnodromus griseus,773170.5915,3068007.578,11N
233819,King_Salmon,2022,2-Aug-22,-113.925415,31.6235142,-24,Limnodromus griseus,222501.128,3502422.861,12N
233819,King_Salmon,2022,2-Aug-22,-113.925415,31.6235142,-24,Limnodromus griseus,222501.128,3502422.861,12N
233820,King_Salmon,2022,2-Aug-22,-108.034447,25.0534534,-16,Limnodromus griseus,799209.772,2774147.573,12N
233823,King_Salmon,2022,2-Aug-22,-113.934631,31.6133251,-26,Limnodromus griseus,221596.2017,3501316.342,12N
233823,King_Salmon,2022,2-Aug-22,-113.934631,31.6133251,-26,Limnodromus griseus,221596.2017,3501316.342,12N
233811,Beluga,2022,4-Aug-22,-114.041718,27.6789627,-26,Limnodromus griseus,791797.4348,3065141.483,11N
233815,King_Salmon,2022,4-Aug-22,-114.059433,27.6816521,-25,Limnodromus griseus,790042.0771,3065397.771,11N
233815,King_Salmon,2022,4-Aug-22,-114.059433,27.6816521,-25,Limnodromus griseus,790042.0771,3065397.771,11N
233816,King_Salmon,2022,4-Aug-22,-109.822403,26.7825031,-21,Limnodromus griseus,617064.3747,2962887.963,12N
233817,King_Salmon,2022,4-Aug-22,-107.944176,24.7619705,-18,Limnodromus griseus,202248.5909,2741797.617,13N
233818,King_Salmon,2022,4-Aug-22,-114.237526,27.7007751,-27,Limnodromus griseus,772420.3478,3067110.776,11N
233819,King_Salmon,2022,4-Aug-22,-113.922829,31.6229,-20,Limnodromus griseus,222744.7036,3502348.172,12N
233819,King_Salmon,2022,4-Aug-22,-113.922829,31.6229,-20,Limnodromus griseus,222744.7036,3502348.172,12N
233820,King_Salmon,2022,4-Aug-22,-108.034416,25.0538883,-17,Limnodromus griseus,799211.8442,2774195.839,12N
233820,King_Salmon,2022,4-Aug-22,-108.034416,25.0538883,-17,Limnodromus griseus,799211.8442,2774195.839,12N
233823,King_Salmon,2022,4-Aug-22,-113.927155,31.6071815,-25,Limnodromus griseus,222287.4579,3500615.967,12N
233824,King_Salmon,2022,4-Aug-22,-133.151855,40.7857552,0,Limnodromus griseus,655938.0505,4516617.478,8N
233824,King_Salmon,2022,4-Aug-22,-133.151855,40.7857552,0,Limnodromus griseus,655938.0505,4516617.478,8N
181624,Beluga,2022,6-Aug-22,-120.2522278,37.1700592,.,Limnodromus griseus,743965.8751,4117273.893,10N
233811,Beluga,2022,6-Aug-22,-109.37455,25.8487415,-5,Limnodromus griseus,662892.6379,2859940.679,12N
233815,King_Salmon,2022,6-Aug-22,-114.057487,27.679142,-3,Limnodromus griseus,790240.7611,3065124.102,11N
233816,King_Salmon,2022,6-Aug-22,-109.780952,26.7666302,-28,Limnodromus griseus,621202.2199,2961168.555,12N
233816,King_Salmon,2022,6-Aug-22,-109.780952,26.7666302,-28,Limnodromus griseus,621202.2199,2961168.555,12N
233817,King_Salmon,2022,6-Aug-22,-107.652412,24.5047932,-19,Limnodromus griseus,231219.6694,2712697.691,13N
233818,King_Salmon,2022,6-Aug-22,-114.24247,27.7017727,-27,Limnodromus griseus,771930.1057,3067210.423,11N
233819,King_Salmon,2022,6-Aug-22,-113.909798,31.6243076,-32,Limnodromus griseus,223985.4486,3502471.246,12N
233819,King_Salmon,2022,6-Aug-22,-113.909798,31.6243076,-32,Limnodromus griseus,223985.4486,3502471.246,12N
233820,King_Salmon,2022,6-Aug-22,-108.034676,25.0529156,-19,Limnodromus griseus,799187.9612,2774087.464,12N
233821,King_Salmon,2022,6-Aug-22,-116.608986,31.7766018,-30,Limnodromus griseus,537022.7598,3515740.652,11N
233823,King_Salmon,2022,6-Aug-22,-113.929893,31.5927944,-18,Limnodromus griseus,221984.7987,3499027.386,12N
233824,King_Salmon,2022,6-Aug-22,-124.15712,40.8180351,-27,Limnodromus griseus,402416.3136,4519201.7,10N
181624,Beluga,2022,8-Aug-22,-119.5403137,34.401062,.,Limnodromus griseus,266487.9093,3809552.218,11N
181625,Beluga,2022,8-Aug-22,-114.1811829,27.7525368,.,Limnodromus griseus,777847.7009,3072974.379,11N
233811,Beluga,2022,8-Aug-22,-109.37233,25.8493824,-17,Limnodromus griseus,663114.2704,2860014.426,12N
233811,Beluga,2022,8-Aug-22,-109.37233,25.8493824,-17,Limnodromus griseus,663114.2704,2860014.426,12N
233815,King_Salmon,2022,8-Aug-22,-114.059151,27.679987,-18,Limnodromus griseus,790074.3112,3065213.853,11N
233816,King_Salmon,2022,8-Aug-22,-109.823273,26.7876472,-16,Limnodromus griseus,616972.6066,2963456.973,12N
233817,King_Salmon,2022,8-Aug-22,-107.670647,24.528244,-11,Limnodromus griseus,229421.2512,2715331.706,13N
233818,King_Salmon,2022,8-Aug-22,-114.240982,27.7014904,-29,Limnodromus griseus,772077.6087,3067182.419,11N
233819,King_Salmon,2022,8-Aug-22,-113.922829,31.6272774,0,Limnodromus griseus,222757.7006,3502833.632,12N
233819,King_Salmon,2022,8-Aug-22,-113.922829,31.6272774,0,Limnodromus griseus,222757.7006,3502833.632,12N
233820,King_Salmon,2022,8-Aug-22,-108.033936,25.0539913,-15,Limnodromus griseus,799260.0512,2774208.317,12N
233821,King_Salmon,2022,8-Aug-22,-116.615105,31.7651081,-24,Limnodromus griseus,536447.8907,3514464.629,11N
233823,King_Salmon,2022,8-Aug-22,-113.920753,31.5917435,-39,Limnodromus griseus,222849.3128,3498887.614,12N
233824,King_Salmon,2022,8-Aug-22,-124.155174,40.8577919,-24,Limnodromus griseus,402638.6239,4523612.924,10N
181624,Beluga,2022,10-Aug-22,-119.6627808,34.4213104,.,Limnodromus griseus,255286.5724,3812087.421,11N
181625,Beluga,2022,10-Aug-22,-114.2343826,27.7005692,.,Limnodromus griseus,772730.9831,3067094.913,11N
233811,Beluga,2022,10-Aug-22,-109.374832,25.8486137,-25,Limnodromus griseus,662864.5479,2859926.173,12N
233811,Beluga,2022,10-Aug-22,-109.374832,25.8486137,-25,Limnodromus griseus,662864.5479,2859926.173,12N
233815,King_Salmon,2022,10-Aug-22,-114.063889,27.68713,-27,Limnodromus griseus,789587.87,3065994.529,11N
233816,King_Salmon,2022,10-Aug-22,-109.811264,26.7901573,-22,Limnodromus griseus,618163.8635,2963746.126,12N
233817,King_Salmon,2022,10-Aug-22,-107.659813,24.5505409,-24,Limnodromus griseus,230567.0945,2717780.99,13N
233818,King_Salmon,2022,10-Aug-22,-114.236687,27.6999035,-31,Limnodromus griseus,772505.2898,3067016.021,11N
233819,King_Salmon,2022,10-Aug-22,-113.922546,31.6268158,-22,Limnodromus griseus,222783.1844,3502781.721,12N
233820,King_Salmon,2022,10-Aug-22,-108.033546,25.0539646,0,Limnodromus griseus,799299.4877,2774206.222,12N
233821,King_Salmon,2022,10-Aug-22,-110.907532,27.8904457,-30,Limnodromus griseus,509100.8677,3085070.012,12N
233823,King_Salmon,2022,10-Aug-22,-113.922035,31.5950985,-26,Limnodromus griseus,222737.5654,3499262.939,12N
233824,King_Salmon,2022,10-Aug-22,-124.17028,40.8319092,-22,Limnodromus griseus,401327.0341,4520756.594,10N
181624,Beluga,2022,12-Aug-22,-114.545372,31.7214336,.,Limnodromus griseus,732583.021,3512179.908,11N
181625,Beluga,2022,12-Aug-22,-114.2247314,27.7119865,.,Limnodromus griseus,773654.6364,3068381.879,11N
233811,Beluga,2022,12-Aug-22,-109.373505,25.8501759,0,Limnodromus griseus,662995.4118,2860100.863,12N
233815,King_Salmon,2022,12-Aug-22,-114.040077,27.6846714,-18,Limnodromus griseus,791944.1799,3065778.208,11N
233816,King_Salmon,2022,12-Aug-22,-109.821556,26.7870083,-24,Limnodromus griseus,617143.9556,2963387.784,12N
233817,King_Salmon,2022,12-Aug-22,-107.662857,24.5321865,-17,Limnodromus griseus,230219.3119,2715753.268,13N
233818,King_Salmon,2022,12-Aug-22,-114.236458,27.7011833,-32,Limnodromus griseus,772524.6996,3067158.386,11N
233820,King_Salmon,2022,12-Aug-22,-108.043304,25.0288773,-22,Limnodromus griseus,798375.1753,2771404.353,12N
233821,King_Salmon,2022,12-Aug-22,-110.464859,27.3187447,-31,Limnodromus griseus,552944.0462,3021853.425,12N
233823,King_Salmon,2022,12-Aug-22,-113.932686,31.6129913,-23,Limnodromus griseus,221779.7998,3501274.365,12N
233824,King_Salmon,2022,12-Aug-22,-122.08255,37.4991226,-8,Limnodromus griseus,581095.3284,4150639.263,10N
181624,Beluga,2022,14-Aug-22,-111.3942108,28.3638401,.,Limnodromus griseus,461370.9982,3137571.005,12N
181625,Beluga,2022,14-Aug-22,-114.2267761,27.71278,.,Limnodromus griseus,773450.948,3068465.289,11N
233811,Beluga,2022,14-Aug-22,-109.375221,25.8483334,-24,Limnodromus griseus,662825.9421,2859894.642,12N
233815,King_Salmon,2022,14-Aug-22,-114.06015,27.6923256,-31,Limnodromus griseus,789943.0871,3066579.278,11N
233816,King_Salmon,2022,14-Aug-22,-109.823502,26.7883129,-14,Limnodromus griseus,616949.1585,2963530.502,12N
233817,King_Salmon,2022,14-Aug-22,-107.656746,24.534029,-18,Limnodromus griseus,230842.6591,2715945.47,13N
233817,King_Salmon,2022,14-Aug-22,-107.656746,24.534029,-18,Limnodromus griseus,230842.6591,2715945.47,13N
233818,King_Salmon,2022,14-Aug-22,-114.234482,27.7013378,-32,Limnodromus griseus,772719.2634,3067179.888,11N
233819,King_Salmon,2022,14-Aug-22,-113.91095,31.6403065,-25,Limnodromus griseus,223923.4495,3504248.452,12N
233819,King_Salmon,2022,14-Aug-22,-113.91095,31.6403065,-25,Limnodromus griseus,223923.4495,3504248.452,12N
233820,King_Salmon,2022,14-Aug-22,-108.043633,25.0317192,-14,Limnodromus griseus,798335.0733,2771718.578,12N
233820,King_Salmon,2022,14-Aug-22,-108.043633,25.0317192,-14,Limnodromus griseus,798335.0733,2771718.578,12N
233821,King_Salmon,2022,14-Aug-22,-110.464806,27.3188992,-18,Limnodromus griseus,552949.2165,3021870.561,12N
233821,King_Salmon,2022,14-Aug-22,-110.464806,27.3188992,-18,Limnodromus griseus,552949.2165,3021870.561,12N
233823,King_Salmon,2022,14-Aug-22,-113.935837,31.6410751,-23,Limnodromus griseus,221564.5107,3504396.947,12N
181624,Beluga,2022,16-Aug-22,-109.5437698,26.6968956,.,Limnodromus griseus,644874.8702,2953691.618,12N
181625,Beluga,2022,16-Aug-22,-114.2341537,27.698061,.,Limnodromus griseus,772759.8094,3066817.401,11N
233811,Beluga,2022,16-Aug-22,-109.374863,25.8307972,-11,Limnodromus griseus,662885.8452,2857952.618,12N
233815,King_Salmon,2022,16-Aug-22,-114.079529,27.680397,-22,Limnodromus griseus,788062.2247,3065211.477,11N
233816,King_Salmon,2022,16-Aug-22,-109.821091,26.7867775,-21,Limnodromus griseus,617190.4202,2963362.647,12N
233817,King_Salmon,2022,16-Aug-22,-107.656975,24.5400696,-18,Limnodromus griseus,230832.3466,2716615.218,13N
233817,King_Salmon,2022,16-Aug-22,-107.656975,24.5400696,-18,Limnodromus griseus,230832.3466,2716615.218,13N
233818,King_Salmon,2022,16-Aug-22,-114.236534,27.700058,-23,Limnodromus griseus,772520.0004,3067033.485,11N
233819,King_Salmon,2022,16-Aug-22,-113.925621,31.6244602,-26,Limnodromus griseus,222484.3909,3502528.297,12N
233820,King_Salmon,2022,16-Aug-22,-108.042992,25.0345592,-25,Limnodromus griseus,798392.9159,2772034.734,12N
233821,King_Salmon,2022,16-Aug-22,-110.464729,27.3192577,-18,Limnodromus griseus,552956.6643,3021910.304,12N
233821,King_Salmon,2022,16-Aug-22,-110.464729,27.3192577,-18,Limnodromus griseus,552956.6643,3021910.304,12N
233823,King_Salmon,2022,16-Aug-22,-113.93425,31.6150398,-24,Limnodromus griseus,221637.4704,3501505.534,12N
181625,Beluga,2022,18-Aug-22,-114.2335587,27.6958599,.,Limnodromus griseus,772823.9924,3066574.74,11N
181626,Beluga,2022,18-Aug-22,-122.4413071,38.1233521,.,Limnodromus griseus,548969.6536,4219648.734,10N
233811,Beluga,2022,18-Aug-22,-109.360115,25.8091145,-14,Limnodromus griseus,664394.222,2855569.2,12N
233815,King_Salmon,2022,18-Aug-22,-114.07914,27.6803207,-11,Limnodromus griseus,788100.8134,3065203.929,11N
233816,King_Salmon,2022,18-Aug-22,-109.824547,26.7869816,-14,Limnodromus griseus,616846.6358,2963382.073,12N
233817,King_Salmon,2022,18-Aug-22,-107.666496,24.5419388,-7,Limnodromus griseus,229871.3594,2716840.959,13N
233818,King_Salmon,2022,18-Aug-22,-114.239754,27.699852,-29,Limnodromus griseus,772202.8303,3067003.527,11N
233819,King_Salmon,2022,18-Aug-22,-113.920547,31.628788,-17,Limnodromus griseus,222978.7247,3502995.364,12N
233820,King_Salmon,2022,18-Aug-22,-108.041641,25.032999,-13,Limnodromus griseus,798533.1054,2771864.808,12N
233821,King_Salmon,2022,18-Aug-22,-110.459099,27.3152637,-23,Limnodromus griseus,553515.5908,3021470.301,12N
233823,King_Salmon,2022,18-Aug-22,-113.934044,31.6065407,-21,Limnodromus griseus,221631.6991,3500562.444,12N
233823,King_Salmon,2022,18-Aug-22,-113.934044,31.6065407,-21,Limnodromus griseus,221631.6991,3500562.444,12N
181624,Beluga,2022,20-Aug-22,-109.556976,26.6939526,.,Limnodromus griseus,643564.5568,2953350.667,12N
181625,Beluga,2022,20-Aug-22,-114.1812897,27.7524872,.,Limnodromus griseus,777837.295,3072968.64,11N
181626,Beluga,2022,20-Aug-22,-122.1248932,37.5963783,.,Limnodromus griseus,577252.0029,4161393.836,10N
233811,Beluga,2022,20-Aug-22,-109.360603,25.8117752,-21,Limnodromus griseus,664341.6202,2855863.314,12N
233811,Beluga,2022,20-Aug-22,-109.360603,25.8117752,-21,Limnodromus griseus,664341.6202,2855863.314,12N
233815,King_Salmon,2022,20-Aug-22,-114.070389,27.6844921,-29,Limnodromus griseus,788953.4097,3065686.841,11N
233816,King_Salmon,2022,20-Aug-22,-109.823753,26.787878,-18,Limnodromus griseus,616924.6516,2963482.097,12N
233817,King_Salmon,2022,20-Aug-22,-107.911255,24.7649403,-20,Limnodromus griseus,205586.863,2742055.365,13N
233818,King_Salmon,2022,20-Aug-22,-114.239502,27.699852,-26,Limnodromus griseus,772227.6924,3067004.085,11N
233819,King_Salmon,2022,20-Aug-22,-113.909821,31.6236935,-30,Limnodromus griseus,223981.4509,3502403.2,12N
233820,King_Salmon,2022,20-Aug-22,-108.039307,25.0289288,-23,Limnodromus griseus,798778.6399,2771418.885,12N
233820,King_Salmon,2022,20-Aug-22,-108.039307,25.0289288,-23,Limnodromus griseus,798778.6399,2771418.885,12N
233821,King_Salmon,2022,20-Aug-22,-110.464294,27.3158779,-22,Limnodromus griseus,553001.3079,3021536.118,12N
233823,King_Salmon,2022,20-Aug-22,-113.93084,31.6002693,-26,Limnodromus griseus,221917.1398,3499858.773,12N
233823,King_Salmon,2022,20-Aug-22,-113.93084,31.6002693,-26,Limnodromus griseus,221917.1398,3499858.773,12N
181624,Beluga,2022,22-Aug-22,-109.556313,26.6943607,.,Limnodromus griseus,643630.0144,2953396.621,12N
181625,Beluga,2022,22-Aug-22,-114.1810532,27.7523327,.,Limnodromus griseus,777861.0099,3072952.048,11N
233811,Beluga,2022,22-Aug-22,-109.359856,25.8091908,0,Limnodromus griseus,664420.0851,2855577.976,12N
233811,Beluga,2022,22-Aug-22,-109.359856,25.8091908,0,Limnodromus griseus,664420.0851,2855577.976,12N
233815,King_Salmon,2022,22-Aug-22,-114.064011,27.6872311,-31,Limnodromus griseus,789575.5641,3066005.449,11N
233816,King_Salmon,2022,22-Aug-22,-109.823318,26.7869568,-19,Limnodromus griseus,616968.841,2963380.456,12N
233816,King_Salmon,2022,22-Aug-22,-109.823318,26.7869568,-19,Limnodromus griseus,616968.841,2963380.456,12N
233817,King_Salmon,2022,22-Aug-22,-107.968086,24.7571068,-1,Limnodromus griseus,199817.4036,2741310.943,13N
233818,King_Salmon,2022,22-Aug-22,-114.236275,27.7002888,-35,Limnodromus griseus,772544.979,3067059.641,11N
233818,King_Salmon,2022,22-Aug-22,-114.236275,27.7002888,-35,Limnodromus griseus,772544.979,3067059.641,11N
233819,King_Salmon,2022,22-Aug-22,-113.910515,31.6248188,-26,Limnodromus griseus,223918.9211,3502529.752,12N
233820,King_Salmon,2022,22-Aug-22,-108.04438,25.0629768,-18,Limnodromus griseus,798183.9257,2775181.038,12N
233820,King_Salmon,2022,22-Aug-22,-108.04438,25.0629768,-18,Limnodromus griseus,798183.9257,2775181.038,12N
233821,King_Salmon,2022,22-Aug-22,-110.449776,27.3263226,-24,Limnodromus griseus,554432.6056,3022699.296,12N
233823,King_Salmon,2022,22-Aug-22,-113.91584,31.5875969,-25,Limnodromus griseus,223303.4212,3498415.298,12N
233824,King_Salmon,2022,22-Aug-22,-122.091507,37.4457741,-24,Limnodromus griseus,580360.6839,4144712.791,10N
181625,Beluga,2022,24-Aug-22,-114.2342529,27.7000313,.,Limnodromus griseus,772745.118,3067035.577,11N
181626,Beluga,2022,24-Aug-22,-122.1073303,37.616703,.,Limnodromus griseus,578780.9981,4163663.417,10N
233811,Beluga,2022,24-Aug-22,-109.360268,25.8116474,-22,Limnodromus griseus,664375.3845,2855849.576,12N
233811,Beluga,2022,24-Aug-22,-109.360268,25.8116474,-22,Limnodromus griseus,664375.3845,2855849.576,12N
233815,King_Salmon,2022,24-Aug-22,-114.065834,27.6834431,-34,Limnodromus griseus,789405.6722,3065581.252,11N
233816,King_Salmon,2022,24-Aug-22,-109.824371,26.7873669,-21,Limnodromus griseus,616863.7379,2963424.914,12N
233817,King_Salmon,2022,24-Aug-22,-107.967888,24.7569542,-17,Limnodromus griseus,199837.0732,2741293.597,13N
233817,King_Salmon,2022,24-Aug-22,-107.967888,24.7569542,-17,Limnodromus griseus,199837.0732,2741293.597,13N
233818,King_Salmon,2022,24-Aug-22,-114.236427,27.700058,-28,Limnodromus griseus,772530.5569,3067033.722,11N
233819,King_Salmon,2022,24-Aug-22,-113.920677,31.6263561,-15,Limnodromus griseus,222959.1733,3502725.993,12N
233820,King_Salmon,2022,24-Aug-22,-108.034164,25.0537605,-25,Limnodromus griseus,799237.5951,2774182.234,12N
233821,King_Salmon,2022,24-Aug-22,-110.451881,27.3262711,-15,Limnodromus griseus,554224.3833,3022692.675,12N
233823,King_Salmon,2022,24-Aug-22,-113.92897,31.5899258,-20,Limnodromus griseus,222063.8892,3498706.907,12N
233824,King_Salmon,2022,24-Aug-22,-122.096497,37.4383736,-31,Limnodromus griseus,579927.1562,4143887.497,10N
181624,Beluga,2022,26-Aug-22,-109.554573,26.6932354,.,Limnodromus griseus,643804.5591,2953273.926,12N
181625,Beluga,2022,26-Aug-22,-114.23159,27.699852,.,Limnodromus griseus,773008.2844,3067021.606,11N
181626,Beluga,2022,26-Aug-22,-122.1282654,37.6053123,.,Limnodromus griseus,576945.1061,4162382.276,10N
233811,Beluga,2022,26-Aug-22,-109.359604,25.8118782,-1,Limnodromus griseus,664441.64,2855875.972,12N
233815,King_Salmon,2022,26-Aug-22,-114.065704,27.6832638,-33,Limnodromus griseus,789418.9742,3065561.681,11N
233815,King_Salmon,2022,26-Aug-22,-114.065704,27.6832638,-33,Limnodromus griseus,789418.9742,3065561.681,11N
233816,King_Salmon,2022,26-Aug-22,-109.82296,26.7874947,-26,Limnodromus griseus,617003.8795,2963440.369,12N
233817,King_Salmon,2022,26-Aug-22,-107.914505,24.7670135,-6,Limnodromus griseus,205262.9077,2742292.124,13N
233818,King_Salmon,2022,26-Aug-22,-114.235939,27.7014408,-34,Limnodromus griseus,772575.2625,3067188.078,11N
233819,King_Salmon,2022,26-Aug-22,-113.922653,31.6273022,-23,Limnodromus griseus,222774.4752,3502835.935,12N
233820,King_Salmon,2022,26-Aug-22,-108.034058,25.0539131,-13,Limnodromus griseus,799247.9251,2774199.38,12N
233821,King_Salmon,2022,26-Aug-22,-110.462219,27.3204861,-24,Limnodromus griseus,553204.4075,3022047.438,12N
233823,King_Salmon,2022,26-Aug-22,-113.928207,31.5926151,-29,Limnodromus griseus,222144.3124,3499003.212,12N
233824,King_Salmon,2022,26-Aug-22,-122.090843,37.4428558,-31,Limnodromus griseus,580422.5431,4144389.586,10N
181624,Beluga,2022,28-Aug-22,-109.554237,26.6937218,.,Limnodromus griseus,643837.3809,2953328.187,12N
181625,Beluga,2022,28-Aug-22,-114.222786,27.7083778,.,Limnodromus griseus,773855.5709,3067986.201,11N
181626,Beluga,2022,28-Aug-22,-122.1326752,37.6030083,.,Limnodromus griseus,576558.2215,4162123.047,10N
233811,Beluga,2022,28-Aug-22,-109.367439,25.7987194,0,Limnodromus griseus,663674.1709,2854408.615,12N
233813,Beluga,2022,28-Aug-22,-119.194511,43.2516975,1236,Limnodromus griseus,321858.1418,4791104.192,11N
233815,King_Salmon,2022,28-Aug-22,-114.081367,27.6775551,-19,Limnodromus griseus,787888.3037,3064892.149,11N
233816,King_Salmon,2022,28-Aug-22,-109.82235,26.7876472,-20,Limnodromus griseus,617064.3652,2963457.823,12N
233817,King_Salmon,2022,28-Aug-22,-107.967812,24.7572346,-15,Limnodromus griseus,199845.4387,2741324.505,13N
233818,King_Salmon,2022,28-Aug-22,-114.224861,27.7062531,-28,Limnodromus griseus,773656.1757,3067746.074,11N
233819,King_Salmon,2022,28-Aug-22,-113.921753,31.6266365,-30,Limnodromus griseus,222857.9014,3502759.822,12N
233820,King_Salmon,2022,28-Aug-22,-108.033905,25.0541439,-16,Limnodromus griseus,799262.8096,2774225.298,12N
233820,King_Salmon,2022,28-Aug-22,-108.033905,25.0541439,-16,Limnodromus griseus,799262.8096,2774225.298,12N
233823,King_Salmon,2022,28-Aug-22,-113.932709,31.611124,-26,Limnodromus griseus,221772.056,3501067.337,12N
233824,King_Salmon,2022,28-Aug-22,-122.092735,37.4412155,-24,Limnodromus griseus,580256.9283,4144205.99,10N
181624,Beluga,2022,30-Aug-22,-109.557137,26.6937733,.,Limnodromus griseus,643548.7619,2953330.623,12N
181625,Beluga,2022,30-Aug-22,-114.229851,27.7118073,.,Limnodromus griseus,773150.0415,3068350.642,11N
181626,Beluga,2022,30-Aug-22,-122.1392517,37.6052361,.,Limnodromus griseus,575975.4406,4162364.874,10N
233811,Beluga,2022,30-Aug-22,-109.357658,25.8090115,0,Limnodromus griseus,664640.7144,2855560.864,12N
233811,Beluga,2022,30-Aug-22,-109.357658,25.8090115,0,Limnodromus griseus,664640.7144,2855560.864,12N
233815,King_Salmon,2022,30-Aug-22,-114.064011,27.6837769,-13,Limnodromus griseus,789584.6886,3065622.54,11N
233816,King_Salmon,2022,30-Aug-22,-109.824806,26.7863426,-26,Limnodromus griseus,616821.5419,2963311.053,12N
233818,King_Salmon,2022,30-Aug-22,-114.236816,27.6998272,0,Limnodromus griseus,772492.7525,3067007.278,11N
233819,King_Salmon,2022,30-Aug-22,-113.921165,31.6290169,-26,Limnodromus griseus,222920.7621,3503022.318,12N
233820,King_Salmon,2022,30-Aug-22,-108.035133,25.0477695,-22,Limnodromus griseus,799154.3324,2773516.135,12N
233820,King_Salmon,2022,30-Aug-22,-108.035133,25.0477695,-22,Limnodromus griseus,799154.3324,2773516.135,12N
233821,King_Salmon,2022,30-Aug-22,-110.451057,27.3224316,-49,Limnodromus griseus,554307.772,3022267.742,12N
233823,King_Salmon,2022,30-Aug-22,-113.934685,31.6172161,-23,Limnodromus griseus,221602.6734,3501747.999,12N
233824,King_Salmon,2022,30-Aug-22,-122.093147,37.4409866,-28,Limnodromus griseus,580220.7262,4144180.243,10N
181625,Beluga,2022,1-Sep-22,-114.229698,27.7136002,.,Limnodromus griseus,773160.6627,3068549.714,11N
181626,Beluga,2022,1-Sep-22,-122.1407394,37.6041603,.,Limnodromus griseus,575845.216,4162244.314,10N
233811,Beluga,2022,1-Sep-22,-109.353539,25.8208637,-6,Limnodromus griseus,665037.2717,2856878.887,12N
233815,King_Salmon,2022,1-Sep-22,-114.078705,27.6796799,-13,Limnodromus griseus,788145.4251,3065133.912,11N
233816,King_Salmon,2022,1-Sep-22,-109.821732,26.7871876,-21,Limnodromus griseus,617126.2746,2963407.483,12N
233818,King_Salmon,2022,1-Sep-22,-114.236481,27.6996727,-24,Limnodromus griseus,772526.1876,3066990.894,11N
233818,King_Salmon,2022,1-Sep-22,-114.236481,27.6996727,-24,Limnodromus griseus,772526.1876,3066990.894,11N
233819,King_Salmon,2022,1-Sep-22,-113.922806,31.6245632,-22,Limnodromus griseus,222751.8242,3502532.565,12N
233821,King_Salmon,2022,1-Sep-22,-110.461708,27.3184891,-15,Limnodromus griseus,553255.9171,3021826.454,12N
233823,King_Salmon,2022,1-Sep-22,-113.935448,31.61166,1,Limnodromus griseus,221513.7,3501133.764,12N
233824,King_Salmon,2022,1-Sep-22,-122.035522,37.4561653,-23,Limnodromus griseus,585301.1509,4145914.871,10N
233824,King_Salmon,2022,1-Sep-22,-122.035522,37.4561653,-23,Limnodromus griseus,585301.1509,4145914.871,10N
181624,Beluga,2022,3-Sep-22,-109.556236,26.6934395,.,Limnodromus griseus,643638.8314,2953294.661,12N
181625,Beluga,2022,3-Sep-22,-114.18351,27.755558,.,Limnodromus griseus,777610.5435,3073304.012,11N
181626,Beluga,2022,3-Sep-22,-122.231926,37.5120239,.,Limnodromus griseus,567879.7608,4151952.365,10N
233811,Beluga,2022,3-Sep-22,-109.351997,25.8212223,-19,Limnodromus griseus,665191.3669,2856920.546,12N
233815,King_Salmon,2022,3-Sep-22,-114.065346,27.6851845,-25,Limnodromus griseus,789449.2315,3065775.438,11N
233816,King_Salmon,2022,3-Sep-22,-109.819305,26.7868538,0,Limnodromus griseus,617367.8955,2963372.746,12N
233817,King_Salmon,2022,3-Sep-22,-107.967934,24.7571068,-27,Limnodromus griseus,199832.7853,2741310.609,13N
233818,King_Salmon,2022,3-Sep-22,-114.243111,27.7020283,-31,Limnodromus griseus,771866.2322,3067237.338,11N
233819,King_Salmon,2022,3-Sep-22,-113.921806,31.6270466,-22,Limnodromus griseus,222854.0894,3502805.437,12N
233820,King_Salmon,2022,3-Sep-22,-108.034851,25.0468731,-21,Limnodromus griseus,799184.9812,2773417.415,12N
233820,King_Salmon,2022,3-Sep-22,-108.034851,25.0468731,-21,Limnodromus griseus,799184.9812,2773417.415,12N
233821,King_Salmon,2022,3-Sep-22,-110.461014,27.3184643,-17,Limnodromus griseus,553324.591,3021824.003,12N
233823,King_Salmon,2022,3-Sep-22,-113.92897,31.604826,-23,Limnodromus griseus,222108.1878,3500359.357,12N
233824,King_Salmon,2022,3-Sep-22,-122.093246,37.4407539,-21,Limnodromus griseus,580212.2169,4144154.342,10N
181624,Beluga,2022,5-Sep-22,-109.533585,26.7081089,.,Limnodromus griseus,645873.961,2954945.401,12N
181625,Beluga,2022,5-Sep-22,-114.181313,27.7524872,.,Limnodromus griseus,777834.9973,3072968.587,11N
181626,Beluga,2022,5-Sep-22,-122.2347107,37.511898,.,Limnodromus griseus,567633.7683,4151936.391,10N
233815,King_Salmon,2022,5-Sep-22,-114.060402,27.671257,-33,Limnodromus griseus,789973.937,3064243.157,11N
233816,King_Salmon,2022,5-Sep-22,-109.823166,26.7872124,-19,Limnodromus griseus,616983.6898,2963408.909,12N
233817,King_Salmon,2022,5-Sep-22,-107.966476,24.7604351,-21,Limnodromus griseus,199988.334,2741676.256,13N
233818,King_Salmon,2022,5-Sep-22,-114.244034,27.7008514,-27,Limnodromus griseus,771778.0911,3067104.848,11N
233819,King_Salmon,2022,5-Sep-22,-113.920883,31.6272774,-26,Limnodromus griseus,222942.3592,3502828.689,12N
233820,King_Salmon,2022,5-Sep-22,-108.034264,25.0538883,-13,Limnodromus griseus,799227.1891,2774196.176,12N
233820,King_Salmon,2022,5-Sep-22,-108.034264,25.0538883,-13,Limnodromus griseus,799227.1891,2774196.176,12N
233821,King_Salmon,2022,5-Sep-22,-110.454262,27.3273468,-26,Limnodromus griseus,553988.3103,3022810.795,12N
233823,King_Salmon,2022,5-Sep-22,-113.928284,31.5978374,-28,Limnodromus griseus,222152.5244,3499582.567,12N
233824,King_Salmon,2022,5-Sep-22,-122.096886,37.438118,-21,Limnodromus griseus,579893.0149,4143858.81,10N
233824,King_Salmon,2022,5-Sep-22,-122.096886,37.438118,-21,Limnodromus griseus,579893.0149,4143858.81,10N
181624,Beluga,2022,7-Sep-22,-109.55529,26.6939774,.,Limnodromus griseus,643732.285,2953355.313,12N
181625,Beluga,2022,7-Sep-22,-114.181129,27.7525368,.,Limnodromus griseus,777853.0162,3072974.501,11N
181626,Beluga,2022,7-Sep-22,-122.2345581,37.5096703,.,Limnodromus griseus,567649.2655,4151689.348,10N
233811,Beluga,2022,7-Sep-22,-109.359528,25.8262653,-22,Limnodromus griseus,664429.3817,2857469.716,12N
233811,Beluga,2022,7-Sep-22,-109.359528,25.8262653,-22,Limnodromus griseus,664429.3817,2857469.716,12N
233813,Beluga,2022,7-Sep-22,-118.811378,43.2952461,1230,Limnodromus griseus,353064.9484,4795195.266,11N
233815,King_Salmon,2022,7-Sep-22,-114.065315,27.685236,-17,Limnodromus griseus,789452.1546,3065781.22,11N
233816,King_Salmon,2022,7-Sep-22,-109.804787,26.8004475,-28,Limnodromus griseus,618797.0314,2964892.014,12N
233818,King_Salmon,2022,7-Sep-22,-114.237122,27.7006969,-28,Limnodromus griseus,772460.4002,3067103.002,11N
233819,King_Salmon,2022,7-Sep-22,-113.922653,31.6272774,-15,Limnodromus griseus,222774.4015,3502833.185,12N
233820,King_Salmon,2022,7-Sep-22,-108.035316,25.0476418,-20,Limnodromus griseus,799136.1675,2773501.577,12N
233820,King_Salmon,2022,7-Sep-22,-108.035316,25.0476418,-20,Limnodromus griseus,799136.1675,2773501.577,12N
233821,King_Salmon,2022,7-Sep-22,-110.458557,27.3217926,-28,Limnodromus griseus,553566.0795,3022193.721,12N
233823,King_Salmon,2022,7-Sep-22,-113.921295,31.5940475,-30,Limnodromus griseus,222804.693,3499144.504,12N
233824,King_Salmon,2022,7-Sep-22,-122.096909,37.4380417,-20,Limnodromus griseus,579891.0613,4143850.325,10N
181624,Beluga,2022,9-Sep-22,-109.555161,26.6940041,.,Limnodromus griseus,643745.0871,2953358.417,12N
181625,Beluga,2022,9-Sep-22,-114.176758,27.7548923,.,Limnodromus griseus,778278.0635,3073245.494,11N
233811,Beluga,2022,9-Sep-22,-109.360603,25.8103161,-22,Limnodromus griseus,664343.6343,2855701.691,12N
233813,Beluga,2022,9-Sep-22,-118.792923,43.2988014,1235,Limnodromus griseus,354570.4839,4795557.807,11N
233815,King_Salmon,2022,9-Sep-22,-114.064781,27.6834431,-34,Limnodromus griseus,789509.5848,3065583.726,11N
233816,King_Salmon,2022,9-Sep-22,-109.814156,26.7872391,-19,Limnodromus griseus,617879.3813,2963420.191,12N
233818,King_Salmon,2022,9-Sep-22,-114.244003,27.704998,-23,Limnodromus griseus,771770.8636,3067564.541,11N
233819,King_Salmon,2022,9-Sep-22,-113.922653,31.6268425,-23,Limnodromus griseus,222773.1103,3502784.954,12N
233820,King_Salmon,2022,9-Sep-22,-108.035088,25.0466423,-18,Limnodromus griseus,799161.6148,2773391.312,12N
233821,King_Salmon,2022,9-Sep-22,-110.451035,27.3267078,-20,Limnodromus griseus,554307.8652,3022741.415,12N
233821,King_Salmon,2022,9-Sep-22,-110.451035,27.3267078,-20,Limnodromus griseus,554307.8652,3022741.415,12N
233823,King_Salmon,2022,9-Sep-22,-113.930634,31.592308,-29,Limnodromus griseus,221913.0113,3498975.33,12N
233824,King_Salmon,2022,9-Sep-22,-122.043022,37.4570618,-17,Limnodromus griseus,584636.803,4146007.569,10N
181624,Beluga,2022,11-Sep-22,-109.554497,26.6939259,.,Limnodromus griseus,643811.2542,2953350.503,12N
181625,Beluga,2022,11-Sep-22,-114.180367,27.7514877,.,Limnodromus griseus,777930.8273,3072859.934,11N
181626,Beluga,2022,11-Sep-22,-122.2326126,37.5092354,.,Limnodromus griseus,567821.6037,4151642.498,10N
233811,Beluga,2022,11-Sep-22,-109.359116,25.8119545,-15,Limnodromus griseus,664490.4625,2855885.034,12N
233813,Beluga,2022,11-Sep-22,-119.237389,43.2450676,1240,Limnodromus griseus,318357.6529,4790460.175,11N
233815,King_Salmon,2022,11-Sep-22,-114.065117,27.6825218,-16,Limnodromus griseus,789478.86,3065480.808,11N
233816,King_Salmon,2022,11-Sep-22,-109.821915,26.7870331,-24,Limnodromus griseus,617108.2405,2963390.2,12N
233816,King_Salmon,2022,11-Sep-22,-109.821915,26.7870331,-24,Limnodromus griseus,617108.2405,2963390.2,12N
233818,King_Salmon,2022,11-Sep-22,-114.237251,27.7023354,-33,Limnodromus griseus,772443.599,3067284.334,11N
233819,King_Salmon,2022,11-Sep-22,-113.920425,31.629324,-25,Limnodromus griseus,222991.8916,3503054.497,12N
233820,King_Salmon,2022,11-Sep-22,-108.035088,25.0462589,-11,Limnodromus griseus,799162.5465,2773348.822,12N
233821,King_Salmon,2022,11-Sep-22,-110.461861,27.3220215,-23,Limnodromus griseus,553239.093,3022217.662,12N
233821,King_Salmon,2022,11-Sep-22,-110.461861,27.3220215,-23,Limnodromus griseus,553239.093,3022217.662,12N
233823,King_Salmon,2022,11-Sep-22,-113.932556,31.6102524,-19,Limnodromus griseus,221783.9815,3500970.285,12N
181624,Beluga,2022,13-Sep-22,-109.554138,26.693594,.,Limnodromus griseus,643847.3921,2953314.141,12N
181625,Beluga,2022,13-Sep-22,-114.227753,27.707098,.,Limnodromus griseus,773368.7601,3067833.3,11N
233811,Beluga,2022,13-Sep-22,-109.361931,25.8117752,-18,Limnodromus griseus,664208.472,2855861.655,12N
233813,Beluga,2022,13-Sep-22,-119.261963,43.2606087,1241,Limnodromus griseus,316409.2637,4792239.845,11N
233815,King_Salmon,2022,13-Sep-22,-114.065521,27.682394,-26,Limnodromus griseus,789439.3294,3065465.691,11N
233816,King_Salmon,2022,13-Sep-22,-109.811928,26.7866745,-17,Limnodromus griseus,618101.4602,2963359.718,12N
233818,King_Salmon,2022,13-Sep-22,-114.222961,27.709734,-22,Limnodromus griseus,773834.9161,3068136.14,11N
233820,King_Salmon,2022,13-Sep-22,-108.035164,25.04846,-5,Limnodromus griseus,799149.5247,2773592.591,12N
233821,King_Salmon,2022,13-Sep-22,-110.460609,27.3181572,0,Limnodromus griseus,553364.8073,3021790.159,12N
233823,King_Salmon,2022,13-Sep-22,-113.933174,31.6119423,-18,Limnodromus griseus,221730.361,3501159.273,12N
181624,Beluga,2022,15-Sep-22,-109.586319,26.7008133,.,Limnodromus griseus,640636.4745,2954077.955,12N
181625,Beluga,2022,15-Sep-22,-114.180824,27.7522812,.,Limnodromus griseus,777883.7433,3072946.858,11N
233813,Beluga,2022,15-Sep-22,-119.085175,43.2470131,1237,Limnodromus griseus,330720.8855,4790356.712,11N
233815,King_Salmon,2022,15-Sep-22,-114.054108,27.6880264,-21,Limnodromus griseus,790550.6771,3066116.938,11N
233816,King_Salmon,2022,15-Sep-22,-109.811958,26.786726,-15,Limnodromus griseus,618098.4244,2963365.395,12N
233818,King_Salmon,2022,15-Sep-22,-114.228157,27.7123203,-24,Limnodromus griseus,773315.8723,3068411.266,11N
233820,King_Salmon,2022,15-Sep-22,-108.034698,25.0456696,-10,Limnodromus griseus,799203.3528,2773284.376,12N
233821,King_Salmon,2022,15-Sep-22,-110.461761,27.3184128,-17,Limnodromus griseus,553250.7098,3021817.979,12N
233823,King_Salmon,2022,15-Sep-22,-113.927177,31.6076927,-19,Limnodromus griseus,222286.8891,3500672.716,12N
233813,Beluga,2022,17-Sep-22,-114.389465,36.1287041,299,Limnodromus griseus,734923.4,4001380.493,11N
233815,King_Salmon,2022,17-Sep-22,-114.065292,27.6854649,-20,Limnodromus griseus,789453.8199,3065806.648,11N
233816,King_Salmon,2022,17-Sep-22,-109.811699,26.7958908,-10,Limnodromus griseus,618114.6812,2964380.822,12N
233821,King_Salmon,2022,17-Sep-22,-110.461502,27.3187447,-18,Limnodromus griseus,553276.1759,3021854.854,12N
233823,King_Salmon,2022,17-Sep-22,-113.927895,31.5998077,-27,Limnodromus griseus,222195.3047,3499800.086,12N
233815,King_Salmon,2022,19-Sep-22,-114.064629,27.6843128,-28,Limnodromus griseus,789522.2878,3065680.493,11N
233816,King_Salmon,2022,19-Sep-22,-109.803223,26.7963257,-22,Limnodromus griseus,618956.7974,2964436.904,12N
233821,King_Salmon,2022,19-Sep-22,-110.462273,27.3186169,-27,Limnodromus griseus,553199.9569,3021840.369,12N
233813,Beluga,2022,21-Sep-22,-114.473869,36.1038971,301,Limnodromus griseus,727397.8759,3998427.236,11N
233815,King_Salmon,2022,21-Sep-22,-114.064911,27.6847744,-20,Limnodromus griseus,789493.2406,3065731,11N
233819,King_Salmon,2022,21-Sep-22,-110.133827,27.1304569,-7,Limnodromus griseus,585840.0495,3001180.579,12N
233823,King_Salmon,2022,21-Sep-22,-113.921089,31.5921783,-34,Limnodromus griseus,222818.7061,3498936.686,12N
233824,King_Salmon,2022,21-Sep-22,-122.09742,37.4371452,-18,Limnodromus griseus,579846.8077,4143750.43,10N
233815,King_Salmon,2022,23-Sep-22,-114.067825,27.6817017,-22,Limnodromus griseus,789213.7893,3065383.535,11N
233818,King_Salmon,2022,23-Sep-22,-114.23661,27.699955,-13,Limnodromus griseus,772512.7585,3067021.9,11N
233819,King_Salmon,2022,23-Sep-22,-110.235741,27.1688328,-18,Limnodromus griseus,575713.85,3005365.837,12N
233819,King_Salmon,2022,25-Sep-22,-110.260925,27.1555977,-7,Limnodromus griseus,573227.4643,3003884.875,12N
,,,,,,,,,,
,,,,,,,,,,
,,,,,,,,,,
,,,,,,,,,,
,,,,,,,,,,