,id,timestamp,site,year,Jdate,geometry,,dist_from_last (m),dist_from_last (km),,
1,198758,6/21/21,Beluga,2021,172,c(-150.92429, 61.21252),NA,,,
2,198761,6/21/21,Beluga,2021,172,c(-151.05103, 61.21341),NA,,,
3,198763,6/21/21,Beluga,2021,172,c(-150.93594, 61.22442),NA,,,
4,198752,7/12/21,Beluga,2021,193,c(-150.37534, 60.69411),NA,,,
5,198761,7/12/21,Beluga,2021,193,c(-149.91164, 61.20546),61022.92979,61.02292979,,
6,198763,7/12/21,Beluga,2021,193,c(-150.93097, 61.21369),1222.431795,1.222431795,,
7,198773,7/12/21,Beluga,2021,193,c(-150.31961, 61.26876),NA,,,
8,198767,7/15/21,Beluga,2021,196,c(-145.68833, 60.47694),NA,,,
9,198773,7/18/21,Beluga,2021,199,c(-160.64489, 56.28875),811214.2648,811.2142648,,
10,198763,7/21/21,Beluga,2021,202,c(-124.03214, 46.86334),2342284.938,2342.284938,,
11,198761,7/21/21,Beluga,2021,202,c(-130.46177, 54.37307),1372437.8,1372.4378,,
12,198752,7/24/21,Beluga,2021,205,c(-124.02816, 46.60324),2310133.716,2310.133716,,
13,198767,7/24/21,Beluga,2021,205,c(-128.59947, 52.46932),1369176.512,1369.176512,,
14,198752,8/2/21,Beluga,2021,214,c(-123.95678, 46.66667),8913.384468,8.913384468,,
15,198773,8/2/21,Beluga,2021,214,c(-114.03901, 27.63005),4853464.05,4853.46405,,
16,198761,8/2/21,Beluga,2021,214,c(-122.14115, 37.6151),1967885.475,1967.885475,,
17,198758,8/2/21,Beluga,2021,214,c(-123.96515, 46.66146),2362880.829,2362.880829,,
18,198763,8/2/21,Beluga,2021,214,c(-124.13734, 47.0255),19720.78299,19.72078299,,
19,198773,8/8/21,Beluga,2021,220,c(-112.13553, 25.14788),334839.4675,334.8394675,,
20,198763,8/8/21,Beluga,2021,220,c(-124.16133, 46.94369),9277.108772,9.277108772,,
21,198767,8/11/21,Beluga,2021,223,c(-97.65358, 22.33111),4260538.677,4260.538677,,
22,198752,8/11/21,Beluga,2021,223,c(-113.08397, 31.10833),1965033.147,1965.033147,,
23,198761,8/11/21,Beluga,2021,223,c(-109.1175, 25.62164),1812621.408,1812.621408,,
24,198758,8/11/21,Beluga,2021,223,c(-117.89615, 32.21054),1687959.757,1687.959757,,
25,198773,8/17/21,Beluga,2021,229,c(-115.9643, 26.10259),398254.293,398.254293,,
26,198758,8/17/21,Beluga,2021,229,c(-111.80568, 28.49542),715439.9617,715.4399617,,
27,198767,8/20/21,Beluga,2021,232,c(-107.49947, 24.42392),1031258.754,1031.258754,,
28,198761,8/20/21,Beluga,2021,232,c(-109.10818, 25.64872),3152.788351,3.152788351,,
29,198752,8/23/21,Beluga,2021,235,c(-113.08074, 31.10677),353.0635575,0.353063557,,
30,198773,8/26/21,Beluga,2021,238,c(-115.20295, 25.99269),77034.90109,77.03490109,,
31,198767,9/1/21,Beluga,2021,244,c(-107.48856, 24.45694),3834.171698,3.834171698,,
32,198752,9/1/21,Beluga,2021,244,c(-113.05814, 31.10328),2186.408698,2.186408698,,
33,198761,9/1/21,Beluga,2021,244,c(-109.12879, 25.634),2635.833488,2.635833488,,
34,198763,9/1/21,Beluga,2021,244,c(-113.95237, 27.73395),2314155.318,2314.155318,,
35,198758,9/4/21,Beluga,2021,247,c(-110.36284, 27.21542),200939.0687,200.9390687,,
36,198767,9/7/21,Beluga,2021,250,c(-107.50118, 24.42012),4288.898767,4.288898767,,
37,198767,9/7/21,Beluga,2021,250,c(-107.50598, 24.4212),500.6033789,0.500603379,,
38,198761,9/7/21,Beluga,2021,250,c(-109.13755, 25.61817),1967.155733,1.967155733,,
39,198761,9/7/21,Beluga,2021,250,c(-109.12546, 25.61952),1221.445754,1.221445754,,
40,198758,9/7/21,Beluga,2021,250,c(-110.3499, 27.2061),1646.645189,1.646645189,,
41,198758,9/7/21,Beluga,2021,250,c(-110.35365, 27.20648),373.2487929,0.373248793,,
42,198767,9/10/21,Beluga,2021,253,c(-107.489677, 24.4173183),1706.147689,1.706147689,,
43,198752,9/10/21,Beluga,2021,253,c(-113.08035, 31.10613),2138.184569,2.138184569,,
44,198752,9/10/21,Beluga,2021,253,c(-113.08298, 31.10841),356.3286612,0.356328661,,
45,198758,9/10/21,Beluga,2021,253,c(-110.357155, 27.2030087),518.7857063,0.518785706,,
46,198763,9/10/21,Beluga,2021,253,c(-113.95645, 27.7409),870.8999004,0.8708999,,
47,198763,9/10/21,Beluga,2021,253,c(-113.98857, 27.74393),3178.934954,3.178934954,,
48,198758,9/13/21,Beluga,2021,256,c(-110.346153, 27.2311172),3309.454091,3.309454091,,
49,198752,9/13/21,Beluga,2021,256,c(-113.059113, 31.0939522),2783.587198,2.783587198,,
50,198767,9/16/21,Beluga,2021,259,c(-107.470863, 24.4267902),2176.627189,2.176627189,,
51,198758,9/16/21,Beluga,2021,259,c(-110.356133, 27.2061062),2950.996996,2.950996996,,
52,198758,9/16/21,Beluga,2021,259,c(-110.36166, 27.20915),642.8821788,0.642882179,,
53,198752,9/16/21,Beluga,2021,259,c(-113.068733, 31.0939522),916.0045399,0.91600454,,
54,198767,9/19/21,Beluga,2021,262,c(-107.474396, 24.4249477),412.210288,0.412210288,,
55,198758,9/19/21,Beluga,2021,262,c(-110.356087, 27.2058487),662.1882897,0.66218829,,
56,198763,9/19/21,Beluga,2021,262,c(-113.92447, 27.72785),6557.148673,6.557148673,,
57,198752,9/19/21,Beluga,2021,262,c(-113.083145, 31.1087494),2142.46518,2.14246518,,
58,198752,9/19/21,Beluga,2021,262,c(-113.08408, 31.10903),94.32545459,0.094325455,,
59,198767,9/22/21,Beluga,2021,265,c(-107.480537, 24.4228745),663.1038726,0.663103873,,
60,198758,9/22/21,Beluga,2021,265,c(-110.347893, 27.2273788),2527.439294,2.527439294,,
61,198752,9/22/21,Beluga,2021,265,c(-113.083069, 31.1079559),153.3915793,0.153391579,,
62,198767,10/6/21,Beluga,2021,279,c(-107.478722, 24.5246086),11313.82476,11.31382476,,
63,198758,10/6/21,Beluga,2021,279,c(-110.345688, 27.2275848),219.2179727,0.219217973,,
64,198758,10/6/21,Beluga,2021,279,c(-110.38902, 27.24749),4822.025924,4.822025924,,
65,198752,10/6/21,Beluga,2021,279,c(-113.085426, 31.1195774),1311.589934,1.311589934,,
66,198767,10/20/21,Beluga,2021,293,c(-107.505676, 24.4068489),13375.45939,13.37545939,,
67,198758,10/20/21,Beluga,2021,293,c(-110.376434, 27.2264061),2654.182412,2.654182412,,
68,198752,10/20/21,Beluga,2021,293,c(-113.0812, 31.099123),2309.739481,2.309739481,,
69,198767,11/3/21,Beluga,2021,307,c(-107.505806, 24.4066429),26.4191765,0.026419177,,
70,198767,11/3/21,Beluga,2021,307,c(-107.50013, 24.40676),574.8889553,0.574888955,,
71,198758,11/3/21,Beluga,2021,307,c(-110.382271, 27.230093),707.9162815,0.707916282,,
72,198752,11/3/21,Beluga,2021,307,c(-108.887589, 25.5713406),738923.4029,738.9234029,,
73,198752,11/3/21,Beluga,2021,307,c(-108.895, 25.5744),817.4852131,0.817485213,,
74,198767,11/17/21,Beluga,2021,321,c(-107.493874, 24.4609661),6060.635278,6.060635278,,
75,198758,11/17/21,Beluga,2021,321,c(-109.694374, 26.7115898),89282.57878,89.28257878,,
76,198752,11/17/21,Beluga,2021,321,c(-108.820595, 25.5318661),8836.466273,8.836466273,,
77,198767,12/1/21,Beluga,2021,335,c(-107.48735, 24.423769),4188.528619,4.188528619,,
78,198758,12/1/21,Beluga,2021,335,c(-109.704308, 26.712204),989.0865227,0.989086523,,
79,198752,12/1/21,Beluga,2021,335,c(-108.789413, 25.5506039),3758.771176,3.758771176,,
80,198752,12/1/21,Beluga,2021,335,c(-108.79759, 25.56407),1707.323561,1.707323561,,
81,198767,12/15/21,Beluga,2021,349,c(-107.488091, 24.4215927),253.3564099,0.25335641,,
82,198752,12/15/21,Beluga,2021,349,c(-108.791565, 25.5415688),2573.994027,2.573994027,,
83,198767,12/29/21,Beluga,2021,363,c(-107.487144, 24.4227448),160.0142346,0.160014235,,
84,198758,12/29/21,Beluga,2021,363,c(-109.532784, 26.7031422),17067.56143,17.06756143,,
85,198752,12/29/21,Beluga,2021,363,c(-108.793564, 25.5446911),400.9474115,0.400947412,,
86,198767,1/12/22,Beluga,2021,12,c(-107.487679, 24.4179077),540.5824972,0.540582497,,
87,198752,1/12/22,Beluga,2021,12,c(-108.792, 25.5395451),593.3345468,0.593334547,,
88,198767,1/26/22,Beluga,2021,26,c(-107.488472, 24.4184952),103.5093512,0.103509351,,
89,233815,6/5/22,King_Salmon,2022,156,c(-156.678772, 58.682663),NA,,,
90,233821,6/5/22,King_Salmon,2022,156,c(-156.6173096, 58.6880112),NA,,,
91,233824,6/5/22,King_Salmon,2022,156,c(-156.6172333, 58.6880112),NA,,,
92,233817,6/5/22,King_Salmon,2022,156,c(-156.7088013, 58.7091064),NA,,,
93,233819,6/5/22,King_Salmon,2022,156,c(-156.6592407, 58.709671),NA,,,
94,233818,6/5/22,King_Salmon,2022,156,c(-156.7175293, 58.7133827),NA,,,
95,233816,6/5/22,King_Salmon,2022,156,c(-156.7175598, 58.7134094),NA,,,
96,233821,6/10/22,King_Salmon,2022,161,c(-156.6179962, 58.6871414),104.5398952,0.104539895,,
97,233824,6/10/22,King_Salmon,2022,161,c(-156.6227875, 58.6897774),376.2760279,0.376276028,,
98,233815,6/10/22,King_Salmon,2022,161,c(-156.7088013, 58.7091331),3416.61905,3.41661905,,
99,233817,6/10/22,King_Salmon,2022,161,c(-156.7088013, 58.709671),62.78075412,0.062780754,,
100,233816,6/10/22,King_Salmon,2022,161,c(-156.7113342, 58.7135353),359.7737187,0.359773719,,
101,233818,6/10/22,King_Salmon,2022,161,c(-156.7113342, 58.7135353),358.1423351,0.358142335,,
102,233820,6/10/22,King_Salmon,2022,161,c(-156.7117767, 58.7160721),NA,,,
103,233819,6/10/22,King_Salmon,2022,161,c(-156.9867859, 58.7485809),19394.53285,19.39453285,,
104,233812,6/10/22,Beluga,2022,161,c(-151.0220642, 61.2099953),NA,,,
105,233811,6/10/22,Beluga,2022,161,c(-151.0164795, 61.2110214),NA,,,
106,233813,6/10/22,Beluga,2022,161,c(-151.0160828, 61.216526),NA,,,
107,233818,6/15/22,King_Salmon,2022,166,c(-156.7233124, 58.6617966),5794.58254,5.79458254,,
108,233819,6/15/22,King_Salmon,2022,166,c(-156.8725128, 58.6745987),10546.23457,10.54623457,,
109,233821,6/15/22,King_Salmon,2022,166,c(-156.6179962, 58.6871414),0,0,,
110,233824,6/15/22,King_Salmon,2022,166,c(-156.6179199, 58.6878319),354.8494601,0.35484946,,
111,233817,6/15/22,King_Salmon,2022,166,c(-156.7087708, 58.7091331),59.83777646,0.059837776,,
112,233816,6/15/22,King_Salmon,2022,166,c(-156.713562, 58.7142525),151.3580088,0.151358009,,
113,233815,6/15/22,King_Salmon,2022,166,c(-156.719574, 58.7166061),1038.021507,1.038021507,,
114,233820,6/15/22,King_Salmon,2022,166,c(-156.7146606, 58.7175827),236.5209115,0.236520912,,
115,233812,6/15/22,Beluga,2022,166,c(-151.0181732, 61.2113533),257.3282962,0.257328296,,
116,233811,6/15/22,Beluga,2022,166,c(-151.0178986, 61.2120438),136.7449286,0.136744929,,
117,233813,6/15/22,Beluga,2022,166,c(-151.0161743, 61.2163963),15.23135321,0.015231353,,
118,233818,6/20/22,King_Salmon,2022,171,c(-157.6691132, 57.5168915),138912.7989,138.9127989,,
119,233824,6/20/22,King_Salmon,2022,171,c(-156.6221924, 58.6495361),4265.464926,4.265464926,,
120,233821,6/20/22,King_Salmon,2022,171,c(-156.6179657, 58.6871414),1.762573702,0.001762574,,
121,233816,6/20/22,King_Salmon,2022,171,c(-156.7127991, 58.7142029),44.39709398,0.044397094,,
122,233820,6/20/22,King_Salmon,2022,171,c(-156.7148895, 58.7174797),17.48849808,0.017488498,,
123,233817,6/20/22,King_Salmon,2022,171,c(-156.7304535, 58.7205238),1780.964861,1.780964861,,
124,233815,6/20/22,King_Salmon,2022,171,c(-156.7463531, 58.7210884),1624.485586,1.624485586,,
125,233819,6/20/22,King_Salmon,2022,171,c(-157.0854034, 58.751194),14955.75348,14.95575348,,
126,233811,6/20/22,Beluga,2022,171,c(-151.01651, 61.2118416),77.68211335,0.077682113,,
127,233813,6/20/22,Beluga,2022,171,c(-151.0158691, 61.2167282),40.36138029,0.04036138,,
128,233812,6/20/22,Beluga,2022,171,c(-150.9458618, 61.2221832),4054.523668,4.054523668,,
129,233818,6/25/22,King_Salmon,2022,176,c(-157.6623993, 57.5095406),910.4391749,0.910439175,,
130,233823,6/25/22,King_Salmon,2022,176,c(-156.6282043, 58.6470528),NA,,,
131,233820,6/25/22,King_Salmon,2022,176,c(-156.6282349, 58.6470795),9293.231919,9.293231919,,
132,233824,6/25/22,King_Salmon,2022,176,c(-156.6217041, 58.6494331),30.48244189,0.030482442,,
133,233821,6/25/22,King_Salmon,2022,176,c(-156.6179657, 58.6871681),2.968909201,0.002968909,,
134,233816,6/25/22,King_Salmon,2022,176,c(-156.7107239, 58.7146378),129.2204077,0.129220408,,
135,233815,6/25/22,King_Salmon,2022,176,c(-156.7435455, 58.7207794),165.6935334,0.165693533,,
136,233817,6/25/22,King_Salmon,2022,176,c(-156.7137451, 58.7236481),1025.252071,1.025252071,,
137,233819,6/25/22,King_Salmon,2022,176,c(-157.0733185, 58.7415924),1275.128517,1.275128517,,
138,233813,6/25/22,Beluga,2022,176,c(-150.9497681, 61.195713),4241.919979,4.241919979,,
139,233811,6/25/22,Beluga,2022,176,c(-150.9169006, 61.2119675),5333.942021,5.333942021,,
140,181625,6/25/22,Beluga,2022,176,c(-150.9251709, 61.2120209),NA,,,
141,181626,6/25/22,Beluga,2022,176,c(-151.0236816, 61.2151184),NA,,,
142,233812,6/25/22,Beluga,2022,176,c(-150.4843445, 61.2573586),24999.4537,24.9994537,,
143,233823,6/30/22,King_Salmon,2022,181,c(-142.4148102, 53.1137161),1075694.706,1075.694706,,
144,233820,6/30/22,King_Salmon,2022,181,c(-142.4147339, 53.1137657),1075697.974,1075.697974,,
145,233824,6/30/22,King_Salmon,2022,181,c(-156.5906525, 58.6518898),1816.980462,1.816980462,,
146,233821,6/30/22,King_Salmon,2022,181,c(-156.6179657, 58.6871185),5.515277018,0.005515277,,
147,233815,6/30/22,King_Salmon,2022,181,c(-156.7436371, 58.7190666),190.5283805,0.190528381,,
148,233817,6/30/22,King_Salmon,2022,181,c(-156.7302551, 58.7204208),1018.463451,1.018463451,,
149,233818,6/30/22,King_Salmon,2022,181,c(-156.7095947, 58.7403374),147848.8272,147.8488272,,
150,233816,6/30/22,King_Salmon,2022,181,c(-156.9972076, 58.8073845),19475.27908,19.47527908,,
151,233819,6/30/22,King_Salmon,2022,181,c(-156.9961395, 58.8089218),8708.778213,8.708778213,,
152,233813,6/30/22,Beluga,2022,181,c(-151.0314941, 61.2091789),4626.609079,4.626609079,,
153,233811,6/30/22,Beluga,2022,181,c(-150.9184418, 61.2128639),129.4061216,0.129406122,,
154,181626,6/30/22,Beluga,2022,181,c(-151.0254669, 61.2136078),193.2674043,0.193267404,,
155,181625,6/30/22,Beluga,2022,181,c(-150.9511566, 61.2188797),1586.65485,1.58665485,,
156,233812,6/30/22,Beluga,2022,181,c(-150.4850311, 61.2575607),43.04495179,0.043044952,,
157,233820,7/1/22,King_Salmon,2022,182,c(-127.3301926, 42.4985199),1625257.938,1625.257938,67719.08075,18.81085576
158,233823,7/1/22,King_Salmon,2022,182,c(-127.3302689, 42.4987259),1625236.366,1625.236366,,
159,233824,7/1/22,King_Salmon,2022,182,c(-156.6427002, 58.6488457),3029.939476,3.029939476,,
160,233821,7/1/22,King_Salmon,2022,182,c(-156.6179657, 58.6871414),2.546367817,0.002546368,,
161,233817,7/1/22,King_Salmon,2022,182,c(-156.7291565, 58.7199097),85.16372642,0.085163726,,
162,233815,7/1/22,King_Salmon,2022,182,c(-156.7348938, 58.7228546),657.4321678,0.657432168,,
163,233818,7/1/22,King_Salmon,2022,182,c(-156.6776886, 58.7373428),1870.965433,1.870965433,,
164,233816,7/1/22,King_Salmon,2022,182,c(-156.9969025, 58.8074112),17.81970616,0.017819706,,
165,233819,7/1/22,King_Salmon,2022,182,c(-156.9962158, 58.8089981),9.554464753,0.009554465,,
166,233813,7/1/22,Beluga,2022,182,c(-151.0453949, 61.2058258),832.6169497,0.83261695,,
167,233811,7/1/22,Beluga,2022,182,c(-150.918457, 61.2130432),19.953888,0.019953888,,
168,181626,7/1/22,Beluga,2022,182,c(-151.0164337, 61.2169609),610.6916483,0.610691648,,
169,181625,7/1/22,Beluga,2022,182,c(-150.9510498, 61.2188797),5.717702212,0.005717702,,
170,233812,7/1/22,Beluga,2022,182,c(-150.4837189, 61.2575378),70.21050797,0.070210508,,
171,233823,7/3/22,King_Salmon,2022,184,c(-122.1436005, 37.6437378),696994.8132,696.9948132,,
172,233820,7/3/22,King_Salmon,2022,184,c(-122.1691742, 37.6786804),692522.0587,692.5220587,,
173,233824,7/3/22,King_Salmon,2022,184,c(-156.6418304, 58.6485367),60.9320999,0.0609321,,
174,233821,7/3/22,King_Salmon,2022,184,c(-156.6170044, 58.687809),92.71852614,0.092718526,,
175,233817,7/3/22,King_Salmon,2022,184,c(-156.7302246, 58.7204475),85.90024084,0.085900241,,
176,233815,7/3/22,King_Salmon,2022,184,c(-156.849823, 58.7716217),8565.342251,8.565342251,,
177,233816,7/3/22,King_Salmon,2022,184,c(-157.0128021, 58.8027267),1053.501682,1.053501682,,
178,233819,7/3/22,King_Salmon,2022,184,c(-156.998642, 58.8085136),149.7456916,0.149745692,,
179,233818,7/3/22,King_Salmon,2022,184,c(-157.0317383, 58.9485435),31087.00065,31.08700065,,
180,181624,7/3/22,Beluga,2022,184,c(-151.0293121, 61.2111473),NA,,,
181,181625,7/3/22,Beluga,2022,184,c(-150.9255524, 61.2124786),1539.590171,1.539590171,,
182,233813,7/3/22,Beluga,2022,184,c(-151.0218353, 61.2128639),1484.690683,1.484690683,,
183,233811,7/3/22,Beluga,2022,184,c(-150.9184418, 61.2129936),5.575008973,0.005575009,,
184,181626,7/3/22,Beluga,2022,184,c(-151.0173798, 61.2163696),82.99936601,0.082999366,,
185,233812,7/3/22,Beluga,2022,184,c(-150.4834137, 61.2571526),45.83593113,0.045835931,,
186,233820,7/5/22,King_Salmon,2022,186,c(-122.1126785, 37.5638924),13699.43494,13.69943494,,
187,233823,7/5/22,King_Salmon,2022,186,c(-122.1445007, 37.6439934),84.20141739,0.084201417,,
188,233817,7/5/22,King_Salmon,2022,186,c(-142.8343201, 49.2754555),1383042.847,1383.042847,,
189,233824,7/5/22,King_Salmon,2022,186,c(-156.6426239, 58.6487427),51.30395925,0.051303959,,
190,233821,7/5/22,King_Salmon,2022,186,c(-156.6007996, 58.6883469),938.3471056,0.938347106,,
191,233816,7/5/22,King_Salmon,2022,186,c(-157.0827942, 58.7448196),7598.659235,7.598659235,,
192,233819,7/5/22,King_Salmon,2022,186,c(-157.0778198, 58.746254),8291.890628,8.291890628,,
193,233815,7/5/22,King_Salmon,2022,186,c(-156.849823, 58.7721863),62.78075412,0.062780754,,
194,233818,7/5/22,King_Salmon,2022,186,c(-157.0393677, 58.9240723),2756.062551,2.756062551,,
195,233813,7/5/22,Beluga,2022,186,c(-151.0703735, 61.1756172),4890.43895,4.89043895,,
196,181624,7/5/22,Beluga,2022,186,c(-151.0252228, 61.2096367),275.9877391,0.275987739,,
197,233811,7/5/22,Beluga,2022,186,c(-151.0166931, 61.2118416),5262.673056,5.262673056,,
198,181626,7/5/22,Beluga,2022,186,c(-151.0231476, 61.2134781),445.8133492,0.445813349,,
199,181625,7/5/22,Beluga,2022,186,c(-150.8340302, 61.2454529),6118.519247,6.118519247,,
200,233812,7/5/22,Beluga,2022,186,c(-150.4874115, 61.257946),231.2548059,0.231254806,,
201,233823,7/7/22,King_Salmon,2022,188,c(-122.0525665, 37.4925194),18690.81478,18.69081478,,
202,233820,7/7/22,King_Salmon,2022,188,c(-122.248024, 37.5213699),12835.58033,12.83558033,,
203,233817,7/7/22,King_Salmon,2022,188,c(-123.8762589, 40.7041168),1761914.924,1761.914924,,
204,233824,7/7/22,King_Salmon,2022,188,c(-156.6201782, 58.6570358),1592.543924,1.592543924,,
205,233821,7/7/22,King_Salmon,2022,188,c(-156.6026917, 58.6874733),146.2586129,0.146258613,,
206,233819,7/7/22,King_Salmon,2022,188,c(-157.0675812, 58.7454834),596.8669613,0.596866961,,
207,233816,7/7/22,King_Salmon,2022,188,c(-157.0820007, 58.7463036),171.2459495,0.17124595,,
208,233815,7/7/22,King_Salmon,2022,188,c(-156.848938, 58.7674751),526.3411746,0.526341175,,
209,233818,7/7/22,King_Salmon,2022,188,c(-157.0307465, 58.9217682),557.2307248,0.557230725,,
210,233811,7/7/22,Beluga,2022,188,c(-150.1302643, 60.7982483),66314.9611,66.3149611,,
211,181624,7/7/22,Beluga,2022,188,c(-150.994751, 61.1754379),4138.429333,4.138429333,,
212,181626,7/7/22,Beluga,2022,188,c(-150.9237823, 61.212429),5321.953862,5.321953862,,
213,233813,7/7/22,Beluga,2022,188,c(-151.0318909, 61.2125816),4598.418245,4.598418245,,
214,181625,7/7/22,Beluga,2022,188,c(-150.8327484, 61.2451439),76.69284096,0.076692841,,
215,233823,7/9/22,King_Salmon,2022,190,c(-118.043816, 33.6950645),556369.3296,556.3693296,,
216,233820,7/9/22,King_Salmon,2022,190,c(-122.116135, 37.5652237),12609.17549,12.60917549,,
217,233817,7/9/22,King_Salmon,2022,190,c(-122.216232, 37.7471619),358526.6276,358.5266276,,
218,233824,7/9/22,King_Salmon,2022,190,c(-156.628113, 58.6464386),1264.601444,1.264601444,,
219,233821,7/9/22,King_Salmon,2022,190,c(-156.602325, 58.6871185),44.78315322,0.044783153,,
220,233816,7/9/22,King_Salmon,2022,190,c(-157.081924, 58.7421074),466.6178672,0.466617867,,
221,233819,7/9/22,King_Salmon,2022,190,c(-157.082336, 58.7504768),1016.268623,1.016268623,,
222,233815,7/9/22,King_Salmon,2022,190,c(-156.840973, 58.7657585),497.3300996,0.4973301,,
223,233818,7/9/22,King_Salmon,2022,190,c(-157.035049, 58.9256592),498.1751339,0.498175134,,
224,233811,7/9/22,Beluga,2022,190,c(-146.3188171, 59.4272652),260393.9431,260.3939431,,
225,181624,7/9/22,Beluga,2022,190,c(-151.0250092, 61.166069),1928.072713,1.928072713,,
226,233813,7/9/22,Beluga,2022,190,c(-151.0333557, 61.2115593),138.1099453,0.138109945,,
227,181626,7/9/22,Beluga,2022,190,c(-151.0228119, 61.2134514),5303.920382,5.303920382,,
228,181625,7/9/22,Beluga,2022,190,c(-150.8327332, 61.2452736),14.44490594,0.014444906,,
229,233812,7/9/22,Beluga,2022,190,c(-150.4871826, 61.257946),12.23930002,0.0122393,,
230,233823,7/11/22,King_Salmon,2022,192,c(-114.014481, 31.5171204),448382.2922,448.3822922,,
231,233820,7/11/22,King_Salmon,2022,192,c(-122.245796, 37.5187836),12544.06394,12.54406394,,
232,233817,7/11/22,King_Salmon,2022,192,c(-122.216919, 37.7470856),60.99686588,0.060996866,,
233,233824,7/11/22,King_Salmon,2022,192,c(-157.560852, 57.4994049),138834.8233,138.8348233,,
234,233821,7/11/22,King_Salmon,2022,192,c(-156.600128, 58.6935921),730.9416098,0.73094161,,
235,233816,7/11/22,King_Salmon,2022,192,c(-157.082352, 58.7428474),85.91006169,0.085910062,,
236,233815,7/11/22,King_Salmon,2022,192,c(-156.848526, 58.7665291),443.842595,0.443842595,,
237,233819,7/11/22,King_Salmon,2022,192,c(-157.009811, 58.8045425),7322.370033,7.322370033,,
238,233818,7/11/22,King_Salmon,2022,192,c(-156.989532, 58.8614006),7608.657089,7.608657089,,
239,233811,7/11/22,Beluga,2022,192,c(-146.318604, 59.4272652),12.05237339,0.012052373,,
240,181626,7/11/22,Beluga,2022,192,c(-151.0167389, 61.1774864),4012.34599,4.01234599,,
241,181624,7/11/22,Beluga,2022,192,c(-150.9924927, 61.1838341),2634.595611,2.634595611,,
242,233813,7/11/22,Beluga,2022,192,c(-150.9958038, 61.1841393),3652.851013,3.652851013,,
243,181625,7/11/22,Beluga,2022,192,c(-150.8330841, 61.2448654),49.11784968,0.04911785,,
244,233812,7/11/22,Beluga,2022,192,c(-150.484955, 61.2599411),251.7968113,0.251796811,,
245,233823,7/13/22,King_Salmon,2022,194,c(-113.929047, 31.5932026),11709.08719,11.70908719,,
246,233819,7/13/22,King_Salmon,2022,194,c(-123.200729, 36.3498116),3490479.33,3490.47933,,
247,233820,7/13/22,King_Salmon,2022,194,c(-122.248642, 37.5211143),360.784438,0.360784438,,
248,233817,7/13/22,King_Salmon,2022,194,c(-122.215332, 37.746521),153.009201,0.153009201,,
249,233815,7/13/22,King_Salmon,2022,194,c(-122.860916, 38.0376701),3342603.694,3342.603694,,
250,233818,7/13/22,King_Salmon,2022,194,c(-124.116394, 40.8461685),3039518.962,3039.518962,,
251,181625,7/13/22,Beluga,2022,194,c(-142.7277679, 57.2551537),638817.8987,638.8178987,,
252,233824,7/13/22,King_Salmon,2022,194,c(-157.560257, 57.498661),90.03345946,0.090033459,,
253,233821,7/13/22,King_Salmon,2022,194,c(-156.601868, 58.6879883),631.1745432,0.631174543,,
254,233811,7/13/22,Beluga,2022,194,c(-146.39476, 59.4036369),5046.557363,5.046557363,,
255,233813,7/13/22,Beluga,2022,194,c(-151.0410919, 61.1537552),4160.754678,4.160754678,,
256,181626,7/13/22,Beluga,2022,194,c(-151.0287781, 61.160511),1994.920738,1.994920738,,
257,181624,7/13/22,Beluga,2022,194,c(-151.0291901, 61.1608429),3225.990425,3.225990425,,
258,233812,7/13/22,Beluga,2022,194,c(-150.483063, 61.2587395),167.587892,0.167587892,,
259,233823,7/15/22,King_Salmon,2022,196,c(-113.936089, 31.6410503),5362.052719,5.362052719,,
260,233819,7/15/22,King_Salmon,2022,196,c(-117.104935, 32.6090622),696315.2814,696.3152814,,
261,233815,7/15/22,King_Salmon,2022,196,c(-117.104988, 32.6097031),797742.8984,797.7428984,,
262,233816,7/15/22,King_Salmon,2022,196,c(-120.84433, 35.3407097),3702104.377,3702.104377,,
263,233820,7/15/22,King_Salmon,2022,196,c(-122.138405, 37.6046219),13440.05171,13.44005171,,
264,233817,7/15/22,King_Salmon,2022,196,c(-122.215408, 37.7442436),253.3238758,0.253323876,,
265,233818,7/15/22,King_Salmon,2022,196,c(-124.174324, 40.8222084),5554.377781,5.554377781,,
266,181625,7/15/22,Beluga,2022,196,c(-124.1620636, 40.8410492),2256155.429,2256.155429,,
267,233824,7/15/22,King_Salmon,2022,196,c(-157.537476, 57.6523399),17142.23408,17.14223408,,
268,233821,7/15/22,King_Salmon,2022,196,c(-156.601822, 58.6879883),2.658243285,0.002658243,,
269,233811,7/15/22,Beluga,2022,196,c(-146.386597, 59.4110603),945.9163993,0.945916399,,
270,233812,7/15/22,Beluga,2022,196,c(-147.606003, 60.9575539),158141.9416,158.1419416,,
271,181624,7/15/22,Beluga,2022,196,c(-151.452652, 61.0144386),27986.91908,27.98691908,,
272,233813,7/15/22,Beluga,2022,196,c(-151.026108, 61.2114296),6463.201669,6.463201669,,
273,181626,7/15/22,Beluga,2022,196,c(-151.0168915, 61.2146797),6056.883688,6.056883688,,
274,233823,7/17/22,King_Salmon,2022,198,c(-113.938698, 31.6295547),1301.89972,1.30189972,,
275,233819,7/17/22,King_Salmon,2022,198,c(-117.09951, 32.6191483),1231.259274,1.231259274,,
276,233815,7/17/22,King_Salmon,2022,198,c(-117.109879, 32.6364784),3012.311859,3.012311859,,
277,233816,7/17/22,King_Salmon,2022,198,c(-120.843124, 35.3417091),155.9344282,0.155934428,,
278,181625,7/17/22,Beluga,2022,198,c(-122.2304153, 37.513588),405705.8683,405.7058683,,
279,233820,7/17/22,King_Salmon,2022,198,c(-122.116341, 37.5653),4785.167754,4.785167754,,
280,233817,7/17/22,King_Salmon,2022,198,c(-122.216331, 37.7468796),304.1379613,0.304137961,,
281,233818,7/17/22,King_Salmon,2022,198,c(-124.171326, 40.8279419),685.6296616,0.685629662,,
282,181624,7/17/22,Beluga,2022,198,c(-124.08078, 46.9017715),2349833.612,2349.833612,,
283,233824,7/17/22,King_Salmon,2022,198,c(-157.537567, 57.6527481),45.71159233,0.045711592,,
284,233821,7/17/22,King_Salmon,2022,198,c(-157.00351, 58.8076668),26722.1056,26.7221056,,
285,233811,7/17/22,Beluga,2022,198,c(-146.377335, 59.4103432),530.1217685,0.530121769,,
286,233812,7/17/22,Beluga,2022,198,c(-145.360123, 60.2842484),143568.0288,143.5680288,,
287,181626,7/17/22,Beluga,2022,198,c(-151.0108032, 61.1726723),4682.393827,4.682393827,,
288,233813,7/17/22,Beluga,2022,198,c(-150.994598, 61.178894),3992.307013,3.992307013,,
289,233823,7/19/22,King_Salmon,2022,200,c(-113.931892, 31.6104317),2221.894627,2.221894627,,
290,233817,7/19/22,King_Salmon,2022,200,c(-117.097847, 32.6181488),735672.0978,735.6720978,,
291,233819,7/19/22,King_Salmon,2022,200,c(-117.097969, 32.6184311),164.893065,0.164893065,,
292,233815,7/19/22,King_Salmon,2022,200,c(-117.111488, 32.6374016),182.3117818,0.182311782,,
293,233816,7/19/22,King_Salmon,2022,200,c(-120.842583, 35.3436546),221.8255504,0.22182555,,
294,233820,7/19/22,King_Salmon,2022,200,c(-122.237968, 37.5052147),12635.39462,12.63539462,,
295,181625,7/19/22,Beluga,2022,200,c(-122.245079, 37.5182991),1395.376145,1.395376145,,
296,233818,7/19/22,King_Salmon,2022,200,c(-124.169205, 40.8176765),1155.330337,1.155330337,,
297,233824,7/19/22,King_Salmon,2022,200,c(-157.537704, 57.6524162),37.79501786,0.037795018,,
298,233821,7/19/22,King_Salmon,2022,200,c(-157.069382, 58.7320442),9226.655131,9.226655131,,
299,233811,7/19/22,Beluga,2022,200,c(-146.377106, 59.4083443),222.6453153,0.222645315,,
300,233812,7/19/22,Beluga,2022,200,c(-145.269257, 60.342411),8177.236982,8.177236982,,
301,233813,7/19/22,Beluga,2022,200,c(-151.025497, 61.2110977),3945.049406,3.945049406,,
302,181626,7/19/22,Beluga,2022,200,c(-151.0174103, 61.2150917),4730.0949,4.7300949,,
303,233817,7/21/22,King_Salmon,2022,202,c(-112.195824, 28.9739132),619070.4549,619.0704549,,
304,233820,7/21/22,King_Salmon,2022,202,c(-115.127281, 29.5982971),1097924.591,1097.924591,,
305,233823,7/21/22,King_Salmon,2022,202,c(-113.929642, 31.59305),1944.471031,1.944471031,,
306,233819,7/21/22,King_Salmon,2022,202,c(-117.106903, 32.6134148),1005.629668,1.005629668,,
307,233815,7/21/22,King_Salmon,2022,202,c(-117.111206, 32.6483841),1221.485613,1.221485613,,
308,233811,7/21/22,Beluga,2022,202,c(-120.645546, 34.9635468),3297709.713,3297.709713,,
309,233816,7/21/22,King_Salmon,2022,202,c(-120.842766, 35.3437576),20.16628853,0.020166289,,
310,181625,7/21/22,Beluga,2022,202,c(-122.2457504, 37.5169907),157.0766259,0.157076626,,
311,233818,7/21/22,King_Salmon,2022,202,c(-124.170563, 40.8300171),1376.9637,1.3769637,,
312,181624,7/21/22,Beluga,2022,202,c(-124.1136475, 47.0179443),13156.46792,13.15646792,,
313,233824,7/21/22,King_Salmon,2022,202,c(-157.536392, 57.6523895),78.11443427,0.078114434,,
314,233812,7/21/22,Beluga,2022,202,c(-145.329773, 60.2831993),7379.461049,7.379461049,,
315,181626,7/21/22,Beluga,2022,202,c(-150.993927, 61.1770477),4413.430851,4.413430851,,
316,233813,7/21/22,Beluga,2022,202,c(-150.994629, 61.1774597),4089.705608,4.089705608,,
317,233820,7/23/22,King_Salmon,2022,204,c(-113.068787, 26.6279297),387082.7264,387.0827264,,
318,233817,7/23/22,King_Salmon,2022,204,c(-112.198128, 28.9735031),228.7208131,0.228720813,,
319,181625,7/23/22,Beluga,2022,204,c(-115.9666824, 30.3954296),980484.0164,980.4840164,,
320,233823,7/23/22,King_Salmon,2022,204,c(-113.928566, 31.5948162),221.2605784,0.221260578,,
321,233819,7/23/22,King_Salmon,2022,204,c(-117.106674, 32.6130829),42.68579121,0.042685791,,
322,233815,7/23/22,King_Salmon,2022,204,c(-117.10936, 32.6488686),181.0350033,0.181035003,,
323,233816,7/23/22,King_Salmon,2022,204,c(-120.843658, 35.3442955),100.6138045,0.100613805,,
324,233811,7/23/22,Beluga,2022,204,c(-121.740608, 36.8151436),228296.5274,228.2965274,,
325,233818,7/23/22,King_Salmon,2022,204,c(-124.155075, 40.8580208),3375.435318,3.375435318,,
326,181624,7/23/22,Beluga,2022,204,c(-124.0930939, 46.992115),3267.711001,3.267711001,,
327,233824,7/23/22,King_Salmon,2022,204,c(-157.534912, 57.6518784),104.8014344,0.104801434,,
328,233821,7/23/22,King_Salmon,2022,204,c(-157.08197, 58.7476616),1882.363027,1.882363027,,
329,233812,7/23/22,Beluga,2022,204,c(-145.330368, 60.2818451),154.110811,0.154110811,,
330,233813,7/23/22,Beluga,2022,204,c(-150.950363, 61.1980171),3294.321659,3.294321659,,
331,233820,7/25/22,King_Salmon,2022,206,c(-109.374374, 25.8602886),378195.7555,378.1957555,,
332,233816,7/25/22,King_Salmon,2022,206,c(-110.341133, 27.1929989),1346708.941,1346.708941,,
333,181625,7/25/22,Beluga,2022,206,c(-114.1791382, 27.7489281),341713.9083,341.7139083,,
334,233818,7/25/22,King_Salmon,2022,206,c(-114.063217, 28.1512833),1685918.786,1685.918786,,
335,233817,7/25/22,King_Salmon,2022,206,c(-112.195442, 28.9736328),261.6871881,0.261687188,,
336,233823,7/25/22,King_Salmon,2022,206,c(-113.930305, 31.5919743),356.3542147,0.356354215,,
337,233815,7/25/22,King_Salmon,2022,206,c(-117.129486, 32.6076279),4957.970838,4.957970838,,
338,233819,7/25/22,King_Salmon,2022,206,c(-117.115997, 32.6465149),3818.618148,3.818618148,,
339,233811,7/25/22,Beluga,2022,206,c(-121.789963, 36.7923317),5073.79762,5.07379762,,
340,181624,7/25/22,Beluga,2022,206,c(-124.0270462, 46.9097099),10444.84142,10.44484142,,
341,233824,7/25/22,King_Salmon,2022,206,c(-157.537323, 57.6524658),157.6149388,0.157614939,,
342,233821,7/25/22,King_Salmon,2022,206,c(-157.07019, 58.7358093),1482.864584,1.482864584,,
343,233812,7/25/22,Beluga,2022,206,c(-144.22731, 60.1052284),64052.23239,64.05223239,,
344,181626,7/25/22,Beluga,2022,206,c(-151.025238, 61.1660919),2074.23776,2.07423776,,
345,233813,7/25/22,Beluga,2022,206,c(-150.990326, 61.1812744),2837.575188,2.837575188,,
346,233820,7/27/22,King_Salmon,2022,208,c(-108.033882, 25.0537338),161726.8819,161.7268819,,
347,233816,7/27/22,King_Salmon,2022,208,c(-109.776245, 26.7705212),73076.16642,73.07616642,,
348,181625,7/27/22,Beluga,2022,208,c(-114.1794968, 27.7496967),92.46341852,0.092463419,,
349,233818,7/27/22,King_Salmon,2022,208,c(-114.053749, 28.1579647),1188.932865,1.188932865,,
350,233817,7/27/22,King_Salmon,2022,208,c(-111.907646, 28.8271751),32405.44311,32.40544311,,
351,233823,7/27/22,King_Salmon,2022,208,c(-113.929794, 31.5915394),68.41877468,0.068418775,,
352,233815,7/27/22,King_Salmon,2022,208,c(-117.097893, 32.6180725),3178.850941,3.178850941,,
353,233819,7/27/22,King_Salmon,2022,208,c(-117.114944, 32.6471291),119.9345949,0.119934595,,
354,233811,7/27/22,Beluga,2022,208,c(-121.790398, 36.7930222),85.99767455,0.085997675,,
355,181624,7/27/22,Beluga,2022,208,c(-124.0502396, 46.89468),2428.585371,2.428585371,,
356,233824,7/27/22,King_Salmon,2022,208,c(-157.5354, 57.6520081),125.2193973,0.125219397,,
357,233821,7/27/22,King_Salmon,2022,208,c(-157.066055, 58.7354736),241.5281327,0.241528133,,
358,233812,7/27/22,Beluga,2022,208,c(-144.178497, 60.1341057),4197.922117,4.197922117,,
359,181626,7/27/22,Beluga,2022,208,c(-151.0454407, 61.1529617),1818.206931,1.818206931,,
360,233813,7/27/22,Beluga,2022,208,c(-151.025848, 61.2122765),3937.688193,3.937688193,,
361,233820,7/29/22,King_Salmon,2022,210,c(-108.034164, 25.0538368),30.62860725,0.030628607,,
362,233816,7/29/22,King_Salmon,2022,210,c(-109.773811, 26.7693958),272.1218075,0.272121808,,
363,233815,7/29/22,King_Salmon,2022,210,c(-114.065269, 27.6838779),621240.4057,621.2404057,,
364,233818,7/29/22,King_Salmon,2022,210,c(-114.236938, 27.7004414),53963.83356,53.96383356,,
365,181625,7/29/22,Beluga,2022,210,c(-114.1903992, 27.7281666),2623.49158,2.62349158,,
366,233817,7/29/22,King_Salmon,2022,210,c(-111.906677, 28.8270473),95.45944503,0.095459445,,
367,233823,7/29/22,King_Salmon,2022,210,c(-113.931328, 31.6064644),1665.933942,1.665933942,,
368,233819,7/29/22,King_Salmon,2022,210,c(-113.921906, 31.6261253),321353.1572,321.3531572,,
369,233811,7/29/22,Beluga,2022,210,c(-121.791626, 36.7894402),413.0388483,0.413038848,,
370,181626,7/29/22,Beluga,2022,210,c(-133.9013214, 55.0538864),1208615.376,1208.615376,,
371,233824,7/29/22,King_Salmon,2022,210,c(-157.598679, 57.6110992),5906.123614,5.906123614,,
372,233821,7/29/22,King_Salmon,2022,210,c(-157.039581, 58.7854958),5767.93918,5.76793918,,
373,233812,7/29/22,Beluga,2022,210,c(-145.665543, 60.3630981),85911.81572,85.91181572,,
374,233813,7/29/22,Beluga,2022,210,c(-150.991013, 61.178688),4175.224038,4.175224038,,
375,233820,7/31/22,King_Salmon,2022,212,c(-108.033981, 25.0537605),20.29279825,0.020292798,,
376,233816,7/31/22,King_Salmon,2022,212,c(-109.822655, 26.787878),5266.289819,5.266289819,,
377,233818,7/31/22,King_Salmon,2022,212,c(-114.23671, 27.7009277),58.54805633,0.058548056,,
378,181625,7/31/22,Beluga,2022,212,c(-114.1861725, 27.7218952),812.0196161,0.812019616,,
379,233817,7/31/22,King_Salmon,2022,212,c(-111.907188, 28.8273544),60.36614245,0.060366142,,
380,233823,7/31/22,King_Salmon,2022,212,c(-113.932762, 31.6108932),510.8413774,0.510841377,,
381,233819,7/31/22,King_Salmon,2022,212,c(-113.926231, 31.6220036),614.6100623,0.614610062,,
382,233811,7/31/22,Beluga,2022,212,c(-121.789452, 36.7938423),526.3828069,0.526382807,,
383,181626,7/31/22,Beluga,2022,212,c(-124.0607605, 46.9631615),1130612.858,1130.612858,,
384,233824,7/31/22,King_Salmon,2022,212,c(-157.598663, 57.6110992),0.953010023,0.00095301,,
385,233821,7/31/22,King_Salmon,2022,212,c(-157.03894, 58.7864685),114.2929393,0.114292939,,
386,233812,7/31/22,Beluga,2022,212,c(-145.269089, 60.342617),21924.90324,21.92490324,,
387,233813,7/31/22,Beluga,2022,212,c(-150.990555, 61.1792259),64.65446653,0.064654467,,
388,233820,8/2/22,King_Salmon,2022,214,c(-108.034447, 25.0534534),58.04823506,0.058048235,,
389,233816,8/2/22,King_Salmon,2022,214,c(-109.776344, 26.7682953),5086.919847,5.086919847,,
390,233815,8/2/22,King_Salmon,2022,214,c(-114.073257, 27.6776314),1049.348352,1.049348352,,
391,233818,8/2/22,King_Salmon,2022,214,c(-114.229721, 27.7087097),1105.525859,1.105525859,,
392,233817,8/2/22,King_Salmon,2022,214,c(-111.908211, 28.8269176),110.8620882,0.110862088,,
393,233823,8/2/22,King_Salmon,2022,214,c(-113.934631, 31.6133251),323.1849414,0.323184941,,
394,233819,8/2/22,King_Salmon,2022,214,c(-113.925415, 31.6235142),184.8888663,0.184888866,,
395,233811,8/2/22,Beluga,2022,214,c(-121.789757, 36.7933311),62.99772521,0.062997725,,
396,181626,8/2/22,Beluga,2022,214,c(-123.9701385, 46.9679985),6897.735237,6.897735237,,
397,233824,8/2/22,King_Salmon,2022,214,c(-157.598907, 57.6106377),53.33488234,0.053334882,,
398,233821,8/2/22,King_Salmon,2022,214,c(-157.036041, 58.7880325),241.1431194,0.241143119,,
399,233812,8/2/22,Beluga,2022,214,c(-145.431, 60.3812981),9887.688748,9.887688748,,
400,233817,8/4/22,King_Salmon,2022,216,c(-107.944176, 24.7619705),599153.6848,599.1536848,,
401,233820,8/4/22,King_Salmon,2022,216,c(-108.034416, 25.0538883),48.45946798,0.048459468,,
402,233816,8/4/22,King_Salmon,2022,216,c(-109.822403, 26.7825031),4837.637363,4.837637363,,
403,233811,8/4/22,Beluga,2022,216,c(-114.041718, 27.6789627),1247198.257,1247.198257,,
404,233815,8/4/22,King_Salmon,2022,216,c(-114.059433, 27.6816521),1432.785491,1.432785491,,
405,233818,8/4/22,King_Salmon,2022,216,c(-114.237526, 27.7007751),1169.974852,1.169974852,,
406,233823,8/4/22,King_Salmon,2022,216,c(-113.927155, 31.6071815),983.8101387,0.983810139,,
407,233819,8/4/22,King_Salmon,2022,216,c(-113.922829, 31.6229),254.1998753,0.254199875,,
408,233824,8/4/22,King_Salmon,2022,216,c(-133.151855, 40.7857552),2552169.704,2552.169704,,
409,181626,8/4/22,Beluga,2022,216,c(-123.9700317, 46.9680519),10.04652547,0.010046525,,
410,233812,8/4/22,Beluga,2022,216,c(-145.430878, 60.3826065),145.6420669,0.145642067,,
411,233813,8/4/22,Beluga,2022,216,c(-145.440063, 60.3856773),313811.6949,313.8116949,,
412,233817,8/6/22,King_Salmon,2022,218,c(-107.652412, 24.5047932),41078.59392,41.07859392,,
413,233820,8/6/22,King_Salmon,2022,218,c(-108.034676, 25.0529156),111.285311,0.111285311,,
414,233811,8/6/22,Beluga,2022,218,c(-109.37455, 25.8487415),506035.4936,506.0354936,,
415,233816,8/6/22,King_Salmon,2022,218,c(-109.780952, 26.7666302),4477.528844,4.477528844,,
416,233815,8/6/22,King_Salmon,2022,218,c(-114.057487, 27.679142),338.5578508,0.338557851,,
417,233818,8/6/22,King_Salmon,2022,218,c(-114.24247, 27.7017727),499.2185441,0.499218544,,
418,233823,8/6/22,King_Salmon,2022,218,c(-113.929893, 31.5927944),1620.654787,1.620654787,,
419,233819,8/6/22,King_Salmon,2022,218,c(-113.909798, 31.6243076),1243.713291,1.243713291,,
420,233821,8/6/22,King_Salmon,2022,218,c(-116.608986, 31.7766018),4248945.732,4248.945732,,
421,181624,8/6/22,Beluga,2022,218,c(-120.2522278, 37.1700592),1125541.587,1125.541587,,
422,233824,8/6/22,King_Salmon,2022,218,c(-124.15712, 40.8180351),756778.5704,756.7785704,,
423,181626,8/6/22,Beluga,2022,218,c(-124.1243744, 47.0322304),13708.50679,13.70850679,,
424,233812,8/6/22,Beluga,2022,218,c(-145.431381, 60.3829117),43.76925359,0.043769254,,
425,233813,8/6/22,Beluga,2022,218,c(-145.456085, 60.3929214),1193.204582,1.193204582,,
426,233817,8/8/22,King_Salmon,2022,220,c(-107.670647, 24.528244),3194.223359,3.194223359,,
427,233820,8/8/22,King_Salmon,2022,220,c(-108.033936, 25.0539913),140.9388181,0.140938818,,
428,233811,8/8/22,Beluga,2022,220,c(-109.37233, 25.8493824),233.3051197,0.23330512,,
429,233816,8/8/22,King_Salmon,2022,220,c(-109.823273, 26.7876472),4807.499742,4.807499742,,
430,233815,8/8/22,King_Salmon,2022,220,c(-114.059151, 27.679987),188.8823449,0.188882345,,
431,233818,8/8/22,King_Salmon,2022,220,c(-114.240982, 27.7014904),149.8189374,0.149818937,,
432,181625,8/8/22,Beluga,2022,220,c(-114.1811829, 27.7525368),3442.401599,3.442401599,,
433,233823,8/8/22,King_Salmon,2022,220,c(-113.920753, 31.5917435),873.5528208,0.873552821,,
434,233819,8/8/22,King_Salmon,2022,220,c(-113.922829, 31.6272774),1277.224799,1.277224799,,
435,233821,8/8/22,King_Salmon,2022,220,c(-116.615105, 31.7651081),1402.854453,1.402854453,,
436,181624,8/8/22,Beluga,2022,220,c(-119.5403137, 34.401062),314520.9764,314.5209764,,
437,233824,8/8/22,King_Salmon,2022,220,c(-124.155174, 40.8577919),4423.791594,4.423791594,,
438,181626,8/8/22,Beluga,2022,220,c(-124.0075378, 46.9951363),9771.258388,9.771258388,,
439,233813,8/8/22,Beluga,2022,220,c(-145.488525, 60.4000626),1950.844449,1.950844449,,
440,233817,8/10/22,King_Salmon,2022,222,c(-107.659813, 24.5505409),2710.701285,2.710701285,,
441,233820,8/10/22,King_Salmon,2022,222,c(-108.033546, 25.0539646),39.39776487,0.039397765,,
442,233811,8/10/22,Beluga,2022,222,c(-109.374832, 25.8486137),264.5625018,0.264562502,,
443,233816,8/10/22,King_Salmon,2022,222,c(-109.811264, 26.7901573),1224.264608,1.224264608,,
444,233815,8/10/22,King_Salmon,2022,222,c(-114.063889, 27.68713),921.1474493,0.921147449,,
445,233818,8/10/22,King_Salmon,2022,222,c(-114.236687, 27.6999035),458.1871462,0.458187146,,
446,181625,8/10/22,Beluga,2022,222,c(-114.2343826, 27.7005692),7798.109484,7.798109484,,
447,233821,8/10/22,King_Salmon,2022,222,c(-110.907532, 27.8904457),698906.7232,698.9067232,,
448,233823,8/10/22,King_Salmon,2022,222,c(-113.922035, 31.5950985),392.3228772,0.392322877,,
449,233819,8/10/22,King_Salmon,2022,222,c(-113.922546, 31.6268158),57.90056858,0.057900569,,
450,181624,8/10/22,Beluga,2022,222,c(-119.6627808, 34.4213104),11458.07026,11.45807026,,
451,233824,8/10/22,King_Salmon,2022,222,c(-124.17028, 40.8319092),3146.056015,3.146056015,,
452,181626,8/10/22,Beluga,2022,222,c(-123.9607391, 46.9670792),4726.24028,4.72624028,,
453,233813,8/10/22,Beluga,2022,222,c(-145.458984, 60.3684464),3872.245493,3.872245493,,
454,233817,8/12/22,King_Salmon,2022,224,c(-107.662857, 24.5321865),2064.014167,2.064014167,,
455,233820,8/12/22,King_Salmon,2022,224,c(-108.043304, 25.0288773),2957.730736,2.957730736,,
456,233811,8/12/22,Beluga,2022,224,c(-109.373505, 25.8501759),218.6515705,0.218651571,,
457,233816,8/12/22,King_Salmon,2022,224,c(-109.821556, 26.7870083),1079.93771,1.07993771,,
458,233821,8/12/22,King_Salmon,2022,224,c(-110.464859, 27.3187447),77096.35751,77.09635751,,
459,233815,8/12/22,King_Salmon,2022,224,c(-114.040077, 27.6846714),2360.512872,2.360512872,,
460,233818,8/12/22,King_Salmon,2022,224,c(-114.236458, 27.7011833),144.0823059,0.144082306,,
461,181625,8/12/22,Beluga,2022,224,c(-114.2247314, 27.7119865),1585.71099,1.58571099,,
462,233823,8/12/22,King_Salmon,2022,224,c(-113.932686, 31.6129913),2230.679249,2.230679249,,
463,181624,8/12/22,Beluga,2022,224,c(-114.545372, 31.7214336),563352.8551,563.3528551,,
464,233824,8/12/22,King_Salmon,2022,224,c(-122.08255, 37.4991226),411950.9056,411.9509056,,
465,181626,8/12/22,Beluga,2022,224,c(-123.9630966, 46.9674873),184.5560081,0.184556008,,
466,233813,8/12/22,Beluga,2022,224,c(-145.457428, 60.3726196),471.8574753,0.471857475,,
467,233817,8/14/22,King_Salmon,2022,226,c(-107.656746, 24.534029),651.2342347,0.651234235,,
468,233820,8/14/22,King_Salmon,2022,226,c(-108.043633, 25.0317192),317.7391062,0.317739106,,
469,233811,8/14/22,Beluga,2022,226,c(-109.375221, 25.8483334),267.323808,0.267323808,,
470,233816,8/14/22,King_Salmon,2022,226,c(-109.823502, 26.7883129),241.5701541,0.241570154,,
471,233821,8/14/22,King_Salmon,2022,226,c(-110.464806, 27.3188992),17.95984985,0.01795985,,
472,233815,8/14/22,King_Salmon,2022,226,c(-114.06015, 27.6923256),2151.891895,2.151891895,,
473,233818,8/14/22,King_Salmon,2022,226,c(-114.234482, 27.7013378),195.2948805,0.19529488,,
474,181625,8/14/22,Beluga,2022,226,c(-114.2267761, 27.71278),219.770512,0.219770512,,
475,181624,8/14/22,Beluga,2022,226,c(-111.3942108, 28.3638401),480970.6462,480.9706462,,
476,233819,8/14/22,King_Salmon,2022,226,c(-113.91095, 31.6403065),1858.909379,1.858909379,,
477,233823,8/14/22,King_Salmon,2022,226,c(-113.935837, 31.6410751),3136.999604,3.136999604,,
478,181626,8/14/22,Beluga,2022,226,c(-123.9621735, 46.969101),192.6223555,0.192622356,,
479,233813,8/14/22,Beluga,2022,226,c(-145.45932, 60.3891068),1836.242086,1.836242086,,
480,233817,8/16/22,King_Salmon,2022,228,c(-107.656975, 24.5400696),672.0844353,0.672084435,,
481,233820,8/16/22,King_Salmon,2022,228,c(-108.042992, 25.0345592),322.3298953,0.322329895,,
482,233811,8/16/22,Beluga,2022,228,c(-109.374863, 25.8307972),1950.268652,1.950268652,,
483,181624,8/16/22,Beluga,2022,228,c(-109.5437698, 26.6968956),260084.5727,260.0845727,,
484,233816,8/16/22,King_Salmon,2022,228,c(-109.821091, 26.7867775),293.9776226,0.293977623,,
485,233821,8/16/22,King_Salmon,2022,228,c(-110.464729, 27.3192577),40.58277226,0.040582772,,
486,233815,8/16/22,King_Salmon,2022,228,c(-114.079529, 27.680397),2323.853939,2.323853939,,
487,181625,8/16/22,Beluga,2022,228,c(-114.2341537, 27.698061),1790.596058,1.790596058,,
488,233818,8/16/22,King_Salmon,2022,228,c(-114.236534, 27.700058),247.1111624,0.247111162,,
489,233823,8/16/22,King_Salmon,2022,228,c(-113.93425, 31.6150398),2898.894488,2.898894488,,
490,233819,8/16/22,King_Salmon,2022,228,c(-113.925621, 31.6244602),2243.65917,2.24365917,,
491,181626,8/16/22,Beluga,2022,228,c(-124.0647049, 46.9100914),10180.80085,10.18080085,,
492,233813,8/16/22,Beluga,2022,228,c(-145.457428, 60.3726196),1836.242086,1.836242086,,
493,233817,8/18/22,King_Salmon,2022,230,c(-107.666496, 24.5419388),985.2245505,0.985224551,,
494,233820,8/18/22,King_Salmon,2022,230,c(-108.041641, 25.032999),220.5088326,0.220508833,,
495,233811,8/18/22,Beluga,2022,230,c(-109.360115, 25.8091145),2827.030759,2.827030759,,
496,233816,8/18/22,King_Salmon,2022,230,c(-109.824547, 26.7869816),343.801596,0.343801596,,
497,233821,8/18/22,King_Salmon,2022,230,c(-110.459099, 27.3152637),711.7651274,0.711765127,,
498,233815,8/18/22,King_Salmon,2022,230,c(-114.07914, 27.6803207),39.23284329,0.039232843,,
499,181625,8/18/22,Beluga,2022,230,c(-114.2335587, 27.6958599),251.6643774,0.251664377,,
500,233818,8/18/22,King_Salmon,2022,230,c(-114.239754, 27.699852),317.8402267,0.317840227,,
501,233823,8/18/22,King_Salmon,2022,230,c(-113.934044, 31.6065407),945.259597,0.945259597,,
502,233819,8/18/22,King_Salmon,2022,230,c(-113.920547, 31.628788),679.9827138,0.679982714,,
503,181626,8/18/22,Beluga,2022,230,c(-122.4413071, 38.1233521),985997.9785,985.9979785,,
504,233813,8/18/22,Beluga,2022,230,c(-145.457397, 60.3726196),1.704073488,0.001704073,,
505,233817,8/20/22,King_Salmon,2022,232,c(-107.911255, 24.7649403),35024.32654,35.02432654,,
506,233820,8/20/22,King_Salmon,2022,232,c(-108.039307, 25.0289288),510.0312211,0.510031221,,
507,233811,8/20/22,Beluga,2022,232,c(-109.360603, 25.8117752),299.8625689,0.299862569,,
508,181624,8/20/22,Beluga,2022,232,c(-109.556976, 26.6939526),1352.135206,1.352135206,,
509,233816,8/20/22,King_Salmon,2022,232,c(-109.823753, 26.787878),127.0701976,0.127070198,,
510,233821,8/20/22,King_Salmon,2022,232,c(-110.464294, 27.3158779),517.7693587,0.517769359,,
511,233815,8/20/22,King_Salmon,2022,232,c(-114.070389, 27.6844921),978.5969206,0.978596921,,
512,233818,8/20/22,King_Salmon,2022,232,c(-114.239502, 27.699852),24.80979496,0.024809795,,
513,181625,8/20/22,Beluga,2022,232,c(-114.1812897, 27.7524872),8131.254689,8.131254689,,
514,233823,8/20/22,King_Salmon,2022,232,c(-113.93084, 31.6002693),760.504498,0.760504498,,
515,233819,8/20/22,King_Salmon,2022,232,c(-113.909821, 31.6236935),1162.861005,1.162861005,,
516,181626,8/20/22,Beluga,2022,232,c(-122.1248932, 37.5963783),64847.5068,64.8475068,,
517,233813,8/20/22,Beluga,2022,232,c(-145.457504, 60.372673),8.357824235,0.008357824,,
518,233817,8/22/22,King_Salmon,2022,234,c(-107.968086, 24.7571068),5804.079511,5.804079511,,
519,233820,8/22/22,King_Salmon,2022,234,c(-108.04438, 25.0629768),3820.307228,3.820307228,,
520,233811,8/22/22,Beluga,2022,234,c(-109.359856, 25.8091908),296.9419502,0.29694195,,
521,181624,8/22/22,Beluga,2022,234,c(-109.556313, 26.6943607),79.98376425,0.079983764,,
522,233816,8/22/22,King_Salmon,2022,234,c(-109.823318, 26.7869568),111.1617502,0.11116175,,
523,233821,8/22/22,King_Salmon,2022,234,c(-110.449776, 27.3263226),1845.513275,1.845513275,,
524,233815,8/22/22,King_Salmon,2022,234,c(-114.064011, 27.6872311),697.9603137,0.697960314,,
525,233818,8/22/22,King_Salmon,2022,234,c(-114.236275, 27.7002888),321.3937944,0.321393794,,
526,181625,8/22/22,Beluga,2022,234,c(-114.1810532, 27.7523327),28.9266792,0.028926679,,
527,233823,8/22/22,King_Salmon,2022,234,c(-113.91584, 31.5875969),2001.001209,2.001001209,,
528,233819,8/22/22,King_Salmon,2022,234,c(-113.910515, 31.6248188),141.3322316,0.141332232,,
529,233824,8/22/22,King_Salmon,2022,234,c(-122.091507, 37.4457741),5984.523934,5.984523934,,
530,233813,8/22/22,Beluga,2022,234,c(-145.489365, 60.4001656),3522.828648,3.522828648,,
531,233817,8/24/22,King_Salmon,2022,236,c(-107.967888, 24.7569542),26.223092,0.026223092,,
532,233820,8/24/22,King_Salmon,2022,236,c(-108.034164, 25.0537605),1452.298243,1.452298243,,
533,233811,8/24/22,Beluga,2022,236,c(-109.360268, 25.8116474),276.2577207,0.276257721,,
534,233816,8/24/22,King_Salmon,2022,236,c(-109.824371, 26.7873669),114.0376404,0.11403764,,
535,233821,8/24/22,King_Salmon,2022,236,c(-110.451881, 27.3262711),208.0243459,0.208024346,,
536,233815,8/24/22,King_Salmon,2022,236,c(-114.065834, 27.6834431),457.8602497,0.45786025,,
537,181625,8/24/22,Beluga,2022,236,c(-114.2342529, 27.7000313),7825.665418,7.825665418,,
538,233818,8/24/22,King_Salmon,2022,236,c(-114.236427, 27.700058),29.70810016,0.0297081,,
539,233823,8/24/22,King_Salmon,2022,236,c(-113.92897, 31.5899258),1270.339433,1.270339433,,
540,233819,8/24/22,King_Salmon,2022,236,c(-113.920677, 31.6263561),977.2237433,0.977223743,,
541,233824,8/24/22,King_Salmon,2022,236,c(-122.096497, 37.4383736),933.403696,0.933403696,,
542,181626,8/24/22,Beluga,2022,236,c(-122.1073303, 37.616703),2738.841493,2.738841493,,
543,233813,8/24/22,Beluga,2022,236,c(-144.884567, 60.3204994),34417.74403,34.41774403,,
544,233817,8/26/22,King_Salmon,2022,238,c(-107.914505, 24.7670135),5504.987553,5.504987553,,
545,233820,8/26/22,King_Salmon,2022,238,c(-108.034058, 25.0539131),20.04840174,0.020048402,,
546,233811,8/26/22,Beluga,2022,238,c(-109.359604, 25.8118782),71.24964202,0.071249642,,
547,181624,8/26/22,Beluga,2022,238,c(-109.554573, 26.6932354),213.3940428,0.213394043,,
548,233816,8/26/22,King_Salmon,2022,238,c(-109.82296, 26.7874947),140.7779995,0.140777999,,
549,233821,8/26/22,King_Salmon,2022,238,c(-110.462219, 27.3204861),1206.981253,1.206981253,,
550,233815,8/26/22,King_Salmon,2022,238,c(-114.065704, 27.6832638),23.69285832,0.023692858,,
551,181625,8/26/22,Beluga,2022,238,c(-114.23159, 27.699852),262.9234673,0.262923467,,
552,233818,8/26/22,King_Salmon,2022,238,c(-114.235939, 27.7014408),161.0917155,0.161091716,,
553,233823,8/26/22,King_Salmon,2022,238,c(-113.928207, 31.5926151),307.6457517,0.307645752,,
554,233819,8/26/22,King_Salmon,2022,238,c(-113.922653, 31.6273022),214.6383367,0.214638337,,
555,233824,8/26/22,King_Salmon,2022,238,c(-122.090843, 37.4428558),705.3915852,0.705391585,,
556,181626,8/26/22,Beluga,2022,238,c(-122.1282654, 37.6053123),2237.161477,2.237161477,,
557,233813,8/26/22,Beluga,2022,238,c(-145.486481, 60.4006004),34276.83735,34.27683735,,
558,233817,8/28/22,King_Salmon,2022,240,c(-107.967812, 24.7572346),5491.209065,5.491209065,,
559,233820,8/28/22,King_Salmon,2022,240,c(-108.033905, 25.0541439),29.93601041,0.02993601,,
560,233811,8/28/22,Beluga,2022,240,c(-109.367439, 25.7987194),1660.156078,1.660156078,,
561,181624,8/28/22,Beluga,2022,240,c(-109.554237, 26.6937218),63.55643687,0.063556437,,
562,233816,8/28/22,King_Salmon,2022,240,c(-109.82235, 26.7876472),62.87950672,0.062879507,,
563,233815,8/28/22,King_Salmon,2022,240,c(-114.081367, 27.6775551),1667.843123,1.667843123,,
564,233818,8/28/22,King_Salmon,2022,240,c(-114.224861, 27.7062531),1214.808258,1.214808258,,
565,181625,8/28/22,Beluga,2022,240,c(-114.222786, 27.7083778),1284.516614,1.284516614,,
566,233823,8/28/22,King_Salmon,2022,240,c(-113.932709, 31.611124),2101.799156,2.101799156,,
567,233819,8/28/22,King_Salmon,2022,240,c(-113.921753, 31.6266365),112.8737905,0.11287379,,
568,233824,8/28/22,King_Salmon,2022,240,c(-122.092735, 37.4412155),247.3223973,0.247322397,,
569,181626,8/28/22,Beluga,2022,240,c(-122.1326752, 37.6030083),465.3479891,0.465347989,,
570,233813,8/28/22,Beluga,2022,240,c(-119.194511, 43.2516975),2592810.204,2592.810204,,
571,233820,8/30/22,King_Salmon,2022,242,c(-108.035133, 25.0477695),719.5156182,0.719515618,,
572,233811,8/30/22,Beluga,2022,242,c(-109.357658, 25.8090115),1506.14253,1.50614253,,
573,181624,8/30/22,Beluga,2022,242,c(-109.557137, 26.6937733),288.1544311,0.288154431,,
574,233816,8/30/22,King_Salmon,2022,242,c(-109.824806, 26.7863426),283.6844708,0.283684471,,
575,233821,8/30/22,King_Salmon,2022,242,c(-110.451057, 27.3224316),1123.722296,1.123722296,,
576,233815,8/30/22,King_Salmon,2022,242,c(-114.064011, 27.6837769),1843.746918,1.843746918,,
577,233818,8/30/22,King_Salmon,2022,242,c(-114.236816, 27.6998272),1376.870391,1.376870391,,
578,181625,8/30/22,Beluga,2022,242,c(-114.229851, 27.7118073),793.1811245,0.793181125,,
579,233823,8/30/22,King_Salmon,2022,242,c(-113.934685, 31.6172161),702.7790007,0.702779001,,
580,233819,8/30/22,King_Salmon,2022,242,c(-113.921165, 31.6290169),270.4801202,0.27048012,,
581,233824,8/30/22,King_Salmon,2022,242,c(-122.093147, 37.4409866),44.39487235,0.044394872,,
582,181626,8/30/22,Beluga,2022,242,c(-122.1392517, 37.6052361),630.0879993,0.630087999,,
583,233811,9/1/22,Beluga,2022,244,c(-109.353539, 25.8208637),1380.895894,1.380895894,,
584,233816,9/1/22,King_Salmon,2022,244,c(-109.821732, 26.7871876),319.272648,0.319272648,,
585,233821,9/1/22,King_Salmon,2022,244,c(-110.461708, 27.3184891),1139.899515,1.139899515,,
586,233815,9/1/22,King_Salmon,2022,244,c(-114.078705, 27.6796799),1516.912692,1.516912692,,
587,233818,9/1/22,King_Salmon,2022,244,c(-114.236481, 27.6996727),37.18745321,0.037187453,,
588,181625,9/1/22,Beluga,2022,244,c(-114.229698, 27.7136002),199.9298112,0.199929811,,
589,233823,9/1/22,King_Salmon,2022,244,c(-113.935448, 31.61166),622.0215021,0.622021502,,
590,233819,9/1/22,King_Salmon,2022,244,c(-113.922806, 31.6245632),519.0303352,0.519030335,,
591,233824,9/1/22,King_Salmon,2022,244,c(-122.035522, 37.4561653),5359.688953,5.359688953,,
592,181626,9/1/22,Beluga,2022,244,c(-122.1407394, 37.6041603),177.4416934,0.177441693,,
593,233817,9/3/22,King_Salmon,2022,246,c(-107.967934, 24.7571068),18.80697277,0.018806973,,
594,233820,9/3/22,King_Salmon,2022,246,c(-108.034851, 25.0468731),103.6445197,0.10364452,,
595,233811,9/3/22,Beluga,2022,246,c(-109.351997, 25.8212223),159.4113847,0.159411385,,
596,181624,9/3/22,Beluga,2022,246,c(-109.556236, 26.6934395),96.89960129,0.096899601,,
597,233816,9/3/22,King_Salmon,2022,246,c(-109.819305, 26.7868538),243.7526732,0.243752673,,
598,233821,9/3/22,King_Salmon,2022,246,c(-110.461014, 27.3184643),68.61807625,0.068618076,,
599,233815,9/3/22,King_Salmon,2022,246,c(-114.065346, 27.6851845),1450.857935,1.450857935,,
600,233818,9/3/22,King_Salmon,2022,246,c(-114.243111, 27.7020283),703.3218889,0.703321889,,
601,181625,9/3/22,Beluga,2022,246,c(-114.18351, 27.755558),6513.946921,6.513946921,,
602,233823,9/3/22,King_Salmon,2022,246,c(-113.92897, 31.604826),976.6249364,0.976624936,,
603,233819,9/3/22,King_Salmon,2022,246,c(-113.921806, 31.6270466),291.9228741,0.291922874,,
604,233824,9/3/22,King_Salmon,2022,246,c(-122.093246, 37.4407539),5376.183762,5.376183762,,
605,181626,9/3/22,Beluga,2022,246,c(-122.231926, 37.5120239),13021.94091,13.02194091,,
606,233817,9/5/22,King_Salmon,2022,248,c(-107.966476, 24.7604351),398.2974074,0.398297407,,
607,233820,9/5/22,King_Salmon,2022,248,c(-108.034264, 25.0538883),782.2938945,0.782293895,,
608,181624,9/5/22,Beluga,2022,248,c(-109.533585, 26.7081089),2779.146923,2.779146923,,
609,233816,9/5/22,King_Salmon,2022,248,c(-109.823166, 26.7872124),385.3213091,0.385321309,,
610,233821,9/5/22,King_Salmon,2022,248,c(-110.454262, 27.3273468),1191.829266,1.191829266,,
611,233815,9/5/22,King_Salmon,2022,248,c(-114.060402, 27.671257),1623.389113,1.623389113,,
612,233818,9/5/22,King_Salmon,2022,248,c(-114.244034, 27.7008514),159.3205708,0.159320571,,
613,181625,9/5/22,Beluga,2022,248,c(-114.181313, 27.7524872),404.1434131,0.404143413,,
614,233823,9/5/22,King_Salmon,2022,248,c(-113.928284, 31.5978374),779.8091816,0.779809182,,
615,233819,9/5/22,King_Salmon,2022,248,c(-113.920883, 31.6272774),91.08028616,0.091080286,,
616,233824,9/5/22,King_Salmon,2022,248,c(-122.096886, 37.438118),434.9550641,0.434955064,,
617,181626,9/5/22,Beluga,2022,248,c(-122.2347107, 37.511898),246.017176,0.246017176,,
618,233820,9/7/22,King_Salmon,2022,250,c(-108.035316, 25.0476418),702.6179943,0.702617994,,
619,233811,9/7/22,Beluga,2022,250,c(-109.359528, 25.8262653),939.4893805,0.939489381,,
620,181624,9/7/22,Beluga,2022,250,c(-109.55529, 26.6939774),2667.961365,2.667961365,,
621,233816,9/7/22,King_Salmon,2022,250,c(-109.804787, 26.8004475),2343.859139,2.343859139,,
622,233821,9/7/22,King_Salmon,2022,250,c(-110.458557, 27.3217926),749.3032465,0.749303247,,
623,233815,9/7/22,King_Salmon,2022,250,c(-114.065315, 27.685236),1627.943184,1.627943184,,
624,233818,9/7/22,King_Salmon,2022,250,c(-114.237122, 27.7006969),680.7083066,0.680708307,,
625,181625,9/7/22,Beluga,2022,250,c(-114.181129, 27.7525368),18.92769971,0.0189277,,
626,233823,9/7/22,King_Salmon,2022,250,c(-113.921295, 31.5940475),784.7042262,0.784704226,,
627,233819,9/7/22,King_Salmon,2022,250,c(-113.922653, 31.6272774),167.5838004,0.1675838,,
628,233824,9/7/22,King_Salmon,2022,250,c(-122.096909, 37.4380417),8.72382064,0.008723821,,
629,181626,9/7/22,Beluga,2022,250,c(-122.2345581, 37.5096703),248.0747497,0.24807475,,
630,233813,9/7/22,Beluga,2022,250,c(-118.811378, 43.2952461),31394.14826,31.39414826,,
631,233820,9/9/22,King_Salmon,2022,252,c(-108.035088, 25.0466423),113.4880321,0.113488032,,
632,233811,9/9/22,Beluga,2022,252,c(-109.360603, 25.8103161),1776.734225,1.776734225,,
633,181624,9/9/22,Beluga,2022,252,c(-109.555161, 26.6940041),13.15475181,0.013154752,,
634,233816,9/9/22,King_Salmon,2022,252,c(-109.814156, 26.7872391),1738.357194,1.738357194,,
635,233821,9/9/22,King_Salmon,2022,252,c(-110.451035, 27.3267078),922.4363281,0.922436328,,
636,233815,9/9/22,King_Salmon,2022,252,c(-114.064781, 27.6834431),206.1790642,0.206179064,,
637,233818,9/9/22,King_Salmon,2022,252,c(-114.244003, 27.704998),829.241023,0.829241023,,
638,181625,9/9/22,Beluga,2022,252,c(-114.176758, 27.7548923),503.5917614,0.503591761,,
639,233823,9/9/22,King_Salmon,2022,252,c(-113.930634, 31.592308),905.4427009,0.905442701,,
640,233819,9/9/22,King_Salmon,2022,252,c(-113.922653, 31.6268425),48.3587495,0.04835875,,
641,233824,9/9/22,King_Salmon,2022,252,c(-122.043022, 37.4570618),5206.040074,5.206040074,,
642,233813,9/9/22,Beluga,2022,252,c(-118.792923, 43.2988014),1544.975087,1.544975087,,
643,233820,9/11/22,King_Salmon,2022,254,c(-108.035088, 25.0462589),42.63220179,0.042632202,,
644,233811,9/11/22,Beluga,2022,254,c(-109.359116, 25.8119545),235.259341,0.235259341,,
645,181624,9/11/22,Beluga,2022,254,c(-109.554497, 26.6939259),66.5349248,0.066534925,,
646,233816,9/11/22,King_Salmon,2022,254,c(-109.821915, 26.7870331),770.5177054,0.770517705,,
647,233821,9/11/22,King_Salmon,2022,254,c(-110.461861, 27.3220215),1189.67557,1.18967557,,
648,233815,9/11/22,King_Salmon,2022,254,c(-114.065117, 27.6825218),107.6540257,0.107654026,,
649,233818,9/11/22,King_Salmon,2022,254,c(-114.237251, 27.7023354),727.6752738,0.727675274,,
650,181625,9/11/22,Beluga,2022,254,c(-114.180367, 27.7514877),519.0778709,0.519077871,,
651,233823,9/11/22,King_Salmon,2022,254,c(-113.932556, 31.6102524),2003.614927,2.003614927,,
652,233819,9/11/22,King_Salmon,2022,254,c(-113.920425, 31.629324),347.3265168,0.347326517,,
653,233824,9/11/22,King_Salmon,2022,254,c(-122.041641, 37.4619789),560.1801167,0.560180117,,
654,181626,9/11/22,Beluga,2022,254,c(-122.2326126, 37.5092354),178.2881295,0.17828813,,
655,233813,9/11/22,Beluga,2022,254,c(-119.237389, 43.2450676),36477.52551,36.47752551,,
656,233820,9/13/22,King_Salmon,2022,256,c(-108.035164, 25.04846),244.8712535,0.244871253,,
657,233811,9/13/22,Beluga,2022,256,c(-109.361931, 25.8117752),282.488789,0.282488789,,
658,181624,9/13/22,Beluga,2022,256,c(-109.554138, 26.693594),51.32234038,0.05132234,,
659,233816,9/13/22,King_Salmon,2022,256,c(-109.811928, 26.7866745),992.1379097,0.99213791,,
660,233821,9/13/22,King_Salmon,2022,256,c(-110.460609, 27.3181572),447.1388707,0.447138871,,
661,233815,9/13/22,King_Salmon,2022,256,c(-114.065521, 27.682394),42.24280628,0.042242806,,
662,181625,9/13/22,Beluga,2022,256,c(-114.227753, 27.707098),6790.866117,6.790866117,,
663,233818,9/13/22,King_Salmon,2022,256,c(-114.222961, 27.709734),1629.687924,1.629687924,,
664,233823,9/13/22,King_Salmon,2022,256,c(-113.933174, 31.6119423),196.8108829,0.196810883,,
665,233824,9/13/22,King_Salmon,2022,256,c(-122.038467, 37.4760818),1592.995055,1.592995055,,
666,233813,9/13/22,Beluga,2022,256,c(-119.261963, 43.2606087),2635.745423,2.635745423,,
667,233820,9/15/22,King_Salmon,2022,258,c(-108.034698, 25.0456696),313.809952,0.313809952,,
668,181624,9/15/22,Beluga,2022,258,c(-109.586319, 26.7008133),3296.137686,3.296137686,,
669,233816,9/15/22,King_Salmon,2022,258,c(-109.811958, 26.786726),6.45454435,0.006454544,,
670,233821,9/15/22,King_Salmon,2022,258,c(-110.461761, 27.3184128),117.3053634,0.117305363,,
671,233815,9/15/22,King_Salmon,2022,258,c(-114.054108, 27.6880264),1286.516146,1.286516146,,
672,233818,9/15/22,King_Salmon,2022,258,c(-114.228157, 27.7123203),586.8038342,0.586803834,,
673,181625,9/15/22,Beluga,2022,258,c(-114.180824, 27.7522812),6824.732063,6.824732063,,
674,233823,9/15/22,King_Salmon,2022,258,c(-113.927177, 31.6076927),738.7848521,0.738784852,,
675,233819,9/15/22,King_Salmon,2022,258,c(-113.922058, 31.6237431),639.5396839,0.639539684,,
676,233824,9/15/22,King_Salmon,2022,258,c(-122.099747, 37.4392204),6786.569438,6.786569438,,
677,233813,9/15/22,Beluga,2022,258,c(-119.085175, 43.2470131),14396.98025,14.39698025,,
678,233816,9/17/22,King_Salmon,2022,260,c(-109.811699, 26.7958908),1019.405076,1.019405076,,
679,233821,9/17/22,King_Salmon,2022,260,c(-110.461502, 27.3187447),44.90819739,0.044908197,,
680,233819,9/17/22,King_Salmon,2022,260,c(-110.55835, 27.4519176),566556.9463,566.5569463,,
681,233815,9/17/22,King_Salmon,2022,260,c(-114.065292, 27.6854649),1137.453051,1.137453051,,
682,233818,9/17/22,King_Salmon,2022,260,c(-114.239426, 27.6994686),1809.120578,1.809120578,,
683,233823,9/17/22,King_Salmon,2022,260,c(-113.927895, 31.5998077),879.4061679,0.879406168,,
684,233813,9/17/22,Beluga,2022,260,c(-114.389465, 36.1287041),887287.2424,887.2872424,,
685,233824,9/17/22,King_Salmon,2022,260,c(-122.099083, 37.4356346),403.0102382,0.403010238,,
686,233816,9/19/22,King_Salmon,2022,262,c(-109.803223, 26.7963257),842.6705203,0.84267052,,
687,233819,9/19/22,King_Salmon,2022,262,c(-110.245361, 27.1647625),44450.36601,44.45036601,,
688,233821,9/19/22,King_Salmon,2022,262,c(-110.462273, 27.3186169),77.48388387,0.077483884,,
689,233815,9/19/22,King_Salmon,2022,262,c(-114.064629, 27.6843128),143.7825141,0.143782514,,
690,233818,9/19/22,King_Salmon,2022,262,c(-114.236427, 27.7000828),303.0523439,0.303052344,,
691,233823,9/19/22,King_Salmon,2022,262,c(-113.932068, 31.5942783),730.9148074,0.730914807,,
692,233813,9/19/22,Beluga,2022,262,c(-114.474022, 36.1036148),8091.565039,8.091565039,,
693,233824,9/19/22,King_Salmon,2022,262,c(-122.097832, 37.4373245),217.9669038,0.217966904,,
694,233819,9/21/22,King_Salmon,2022,264,c(-110.133827, 27.1304569),11676.4327,11.6764327,,
695,233815,9/21/22,King_Salmon,2022,264,c(-114.064911, 27.6847744),58.35707251,0.058357073,,
696,233823,9/21/22,King_Salmon,2022,264,c(-113.921089, 31.5921783),1065.768783,1.065768783,,
697,233813,9/21/22,Beluga,2022,264,c(-114.473869, 36.1038971),34.26800294,0.034268003,,
698,233824,9/21/22,King_Salmon,2022,264,c(-122.09742, 37.4371452),41.48136769,0.041481368,,
699,233819,9/23/22,King_Salmon,2022,266,c(-110.235741, 27.1688328),10949.44739,10.94944739,,
700,233815,9/23/22,King_Salmon,2022,266,c(-114.067825, 27.6817017),446.1698514,0.446169851,,
701,233818,9/23/22,King_Salmon,2022,266,c(-114.23661, 27.699955),22.94652846,0.022946528,,
702,233823,9/23/22,King_Salmon,2022,266,c(-113.930664, 31.5929222),910.6648414,0.910664841,,
703,233813,9/23/22,Beluga,2022,266,c(-114.473846, 36.1039238),3.617195666,0.003617196,,
704,233819,9/25/22,King_Salmon,2022,268,c(-110.260925, 27.1555977),2893.692583,2.893692583,,
705,233815,9/25/22,King_Salmon,2022,268,c(-114.080215, 27.6758919),1380.531039,1.380531039,,
706,233818,9/25/22,King_Salmon,2022,268,c(-114.227264, 27.7052803),1094.180815,1.094180815,,
707,233813,9/25/22,Beluga,2022,268,c(-112.313766, 29.3374329),778995.289,778.995289,,
708,233823,9/25/22,King_Salmon,2022,268,c(-113.92511, 31.6038265),1321.688792,1.321688792,,
709,233819,9/27/22,King_Salmon,2022,270,c(-110.245949, 27.1670399),1952.944102,1.952944102,,
710,233815,9/27/22,King_Salmon,2022,270,c(-114.074379, 27.6787319),655.7326236,0.655732624,,
711,233818,9/27/22,King_Salmon,2022,270,c(-114.224655, 27.7064571),288.2580933,0.288258093,,
712,233813,9/27/22,Beluga,2022,270,c(-112.300606, 29.3343353),1321.3562,1.3213562,,
713,233823,9/27/22,King_Salmon,2022,270,c(-113.833382, 31.5778179),9156.908325,9.156908325,,
714,233819,9/29/22,King_Salmon,2022,272,c(-110.140991, 27.1291256),11208.15805,11.20815805,,
715,233813,9/29/22,Beluga,2022,272,c(-112.30806, 29.3296509),890.75792,0.89075792,,
716,233823,9/29/22,King_Salmon,2022,272,c(-113.698212, 31.5230598),14182.05639,14.18205639,,